2026-09-25T15:52:53.1100973Z Current runner version: '2.337.0'
2026-09-25T15:52:53.1126228Z ##[group]Runner Image Provisioner
2026-09-25T15:52:53.1127193Z Hosted Compute Agent
2026-09-25T15:52:53.1127808Z Version: 20260828.587
2026-09-25T15:52:53.1128463Z Commit: abac92662cab4cc7352de4f9f9d2e2419aad9c29
2026-09-25T15:52:53.1129303Z Build Date: 2026-08-28T16:44:25Z
2026-09-25T15:52:53.1129982Z Worker ID: {05b70e43-d9fd-4843-8308-9fc53196aa66}
2026-09-25T15:52:53.1130765Z Azure Region: westcentralus
2026-09-25T15:52:53.1131406Z ##[endgroup]
2026-09-25T15:52:53.1133148Z ##[group]Operating System
2026-09-25T15:52:53.1133888Z Ubuntu
2026-09-25T15:52:53.1134419Z 24.04.5
2026-09-25T15:52:53.1134950Z LTS
2026-09-25T15:52:53.1135579Z ##[endgroup]
2026-09-25T15:52:53.1136195Z ##[group]Runner Image
2026-09-25T15:52:53.1136900Z Image: ubuntu-24.04
2026-09-25T15:52:53.1137479Z Version: 20260920.314.1
2026-09-25T15:52:53.1138848Z Included Software: https://github.com/actions/runner-images/blob/ubuntu24/20260920.314/images/ubuntu/Ubuntu2404-Readme.md
2026-09-25T15:52:53.1140406Z Image Release: https://github.com/actions/runner-images/releases/tag/ubuntu24%2F20260920.314
2026-09-25T15:52:53.1141422Z ##[endgroup]
2026-09-25T15:52:53.1142997Z ##[group]GITHUB_TOKEN Permissions
2026-09-25T15:52:53.1145295Z Contents: read
2026-09-25T15:52:53.1145920Z Metadata: read
2026-09-25T15:52:53.1146473Z ##[endgroup]
2026-09-25T15:52:53.1148564Z Secret source: Actions
2026-09-25T15:52:53.1149545Z Cache mode: write
2026-09-25T15:52:53.1150332Z Prepare workflow directory
2026-09-25T15:52:53.1536766Z Prepare all required actions
2026-09-25T15:52:53.1584714Z Getting action download info
2026-09-25T15:52:53.4751850Z Download action repository 'actions/checkout@v6' (SHA:d23441a48e516b6c34aea4fa41551a30e30af803)
2026-09-25T15:52:53.5700057Z Download action repository 'actions/setup-python@v6' (SHA:ece7cb06caefa5fff74198d8649806c4678c61a1)
2026-09-25T15:52:53.7420767Z Complete job name: Python tests and bounded search
2026-09-25T15:52:53.8472605Z ##[group]Run actions/checkout@v6
2026-09-25T15:52:53.8473535Z with:
2026-09-25T15:52:53.8473957Z   fetch-depth: 0
2026-09-25T15:52:53.8474438Z   repository: mdiaz4052/The-Number-Project
2026-09-25T15:52:53.8478151Z   token: ***
2026-09-25T15:52:53.8478576Z   ssh-strict: true
2026-09-25T15:52:53.8478999Z   ssh-user: git
2026-09-25T15:52:53.8479432Z   persist-credentials: true
2026-09-25T15:52:53.8479914Z   clean: true
2026-09-25T15:52:53.8480351Z   sparse-checkout-cone-mode: true
2026-09-25T15:52:53.8480864Z   fetch-tags: false
2026-09-25T15:52:53.8481302Z   show-progress: true
2026-09-25T15:52:53.8481748Z   lfs: false
2026-09-25T15:52:53.8482155Z   submodules: false
2026-09-25T15:52:53.8482982Z   set-safe-directory: true
2026-09-25T15:52:53.8483486Z   allow-unsafe-pr-checkout: false
2026-09-25T15:52:53.8484297Z ##[endgroup]
2026-09-25T15:52:53.9483238Z Syncing repository: mdiaz4052/The-Number-Project
2026-09-25T15:52:53.9485962Z ##[group]Getting Git version info
2026-09-25T15:52:53.9487432Z Working directory is '/home/runner/work/The-Number-Project/The-Number-Project'
2026-09-25T15:52:53.9489319Z [command]/usr/bin/git version
2026-09-25T15:52:53.9553453Z git version 2.55.0
2026-09-25T15:52:53.9576957Z ##[endgroup]
2026-09-25T15:52:53.9591580Z Temporarily overriding HOME='/home/runner/work/_temp/03f7db8b-1446-48fc-80f9-825f8f009dab' before making global git config changes
2026-09-25T15:52:53.9594328Z Adding repository directory to the temporary git global config as a safe directory
2026-09-25T15:52:53.9596951Z [command]/usr/bin/git config --global --add safe.directory /home/runner/work/The-Number-Project/The-Number-Project
2026-09-25T15:52:53.9655340Z Deleting the contents of '/home/runner/work/The-Number-Project/The-Number-Project'
2026-09-25T15:52:53.9660570Z ##[group]Determining repository object format
2026-09-25T15:52:53.9663116Z ##[endgroup]
2026-09-25T15:52:53.9665406Z ##[group]Initializing the repository
2026-09-25T15:52:53.9668183Z [command]/usr/bin/git init /home/runner/work/The-Number-Project/The-Number-Project
2026-09-25T15:52:53.9795184Z hint: Using 'master' as the name for the initial branch. This default branch name
2026-09-25T15:52:53.9797152Z hint: will change to "main" in Git 3.0. To configure the initial branch name
2026-09-25T15:52:53.9799017Z hint: to use in all of your new repositories, which will suppress this warning,
2026-09-25T15:52:53.9800593Z hint: call:
2026-09-25T15:52:53.9802963Z hint:
2026-09-25T15:52:53.9804221Z hint: 	git config --global init.defaultBranch <name>
2026-09-25T15:52:53.9805427Z hint:
2026-09-25T15:52:53.9806681Z hint: Names commonly chosen instead of 'master' are 'main', 'trunk' and
2026-09-25T15:52:53.9808459Z hint: 'development'. The just-created branch can be renamed via this command:
2026-09-25T15:52:53.9809884Z hint:
2026-09-25T15:52:53.9810761Z hint: 	git branch -m <name>
2026-09-25T15:52:53.9812396Z hint:
2026-09-25T15:52:53.9813682Z hint: Disable this message with "git config set advice.defaultBranchName false"
2026-09-25T15:52:53.9816088Z Initialized empty Git repository in /home/runner/work/The-Number-Project/The-Number-Project/.git/
2026-09-25T15:52:53.9819667Z [command]/usr/bin/git remote add origin https://github.com/mdiaz4052/The-Number-Project
2026-09-25T15:52:53.9870660Z ##[endgroup]
2026-09-25T15:52:53.9871999Z ##[group]Disabling automatic garbage collection
2026-09-25T15:52:53.9876202Z [command]/usr/bin/git config --local gc.auto 0
2026-09-25T15:52:53.9909079Z ##[endgroup]
2026-09-25T15:52:53.9910911Z ##[group]Setting up auth
2026-09-25T15:52:53.9912122Z Removing SSH command configuration
2026-09-25T15:52:53.9917953Z [command]/usr/bin/git config --local --name-only --get-regexp core\.sshCommand
2026-09-25T15:52:53.9954127Z [command]/usr/bin/git submodule foreach --recursive sh -c "git config --local --name-only --get-regexp 'core\.sshCommand' && git config --local --unset-all 'core.sshCommand' || :"
2026-09-25T15:52:54.0349990Z Removing HTTP extra header
2026-09-25T15:52:54.0359295Z [command]/usr/bin/git config --local --name-only --get-regexp http\.https\:\/\/github\.com\/\.extraheader
2026-09-25T15:52:54.0400279Z [command]/usr/bin/git submodule foreach --recursive sh -c "git config --local --name-only --get-regexp 'http\.https\:\/\/github\.com\/\.extraheader' && git config --local --unset-all 'http.https://github.com/.extraheader' || :"
2026-09-25T15:52:54.0620987Z Removing includeIf entries pointing to credentials config files
2026-09-25T15:52:54.0628166Z [command]/usr/bin/git config --local --name-only --get-regexp ^includeIf\.gitdir:
2026-09-25T15:52:54.0665585Z [command]/usr/bin/git submodule foreach --recursive git config --local --show-origin --name-only --get-regexp remote.origin.url
2026-09-25T15:52:54.0899273Z [command]/usr/bin/git config --file /home/runner/work/_temp/git-credentials-0a4f36b0-651d-4b3f-b4ca-b611ebfcf666.config http.https://github.com/.extraheader AUTHORIZATION: basic ***
2026-09-25T15:52:54.0941316Z [command]/usr/bin/git config --local includeIf.gitdir:/home/runner/work/The-Number-Project/The-Number-Project/.git.path /home/runner/work/_temp/git-credentials-0a4f36b0-651d-4b3f-b4ca-b611ebfcf666.config
2026-09-25T15:52:54.0978457Z [command]/usr/bin/git config --local includeIf.gitdir:/home/runner/work/The-Number-Project/The-Number-Project/.git/worktrees/*.path /home/runner/work/_temp/git-credentials-0a4f36b0-651d-4b3f-b4ca-b611ebfcf666.config
2026-09-25T15:52:54.1017353Z [command]/usr/bin/git config --local includeIf.gitdir:/github/workspace/.git.path /github/runner_temp/git-credentials-0a4f36b0-651d-4b3f-b4ca-b611ebfcf666.config
2026-09-25T15:52:54.1056093Z [command]/usr/bin/git config --local includeIf.gitdir:/github/workspace/.git/worktrees/*.path /github/runner_temp/git-credentials-0a4f36b0-651d-4b3f-b4ca-b611ebfcf666.config
2026-09-25T15:52:54.1086700Z ##[endgroup]
2026-09-25T15:52:54.1088176Z ##[group]Fetching the repository
2026-09-25T15:52:54.1096488Z [command]/usr/bin/git -c protocol.version=2 fetch --no-tags --prune --no-recurse-submodules origin +refs/heads/*:refs/remotes/origin/* +refs/tags/*:refs/tags/* +a87d6f83edfa0f9c7e113e6860bdc43e041ec857:refs/remotes/pull/61/merge
2026-09-25T15:52:55.4860780Z From https://github.com/mdiaz4052/The-Number-Project
2026-09-25T15:52:55.4862560Z  * [new branch]      codex/bipm-2014-correlated-estimator     -> origin/codex/bipm-2014-correlated-estimator
2026-09-25T15:52:55.4863822Z  * [new branch]      codex/bipm-nist-common-constant-diagnostic -> origin/codex/bipm-nist-common-constant-diagnostic
2026-09-25T15:52:55.4864855Z  * [new branch]      codex/display-symbol-validation-closure  -> origin/codex/display-symbol-validation-closure
2026-09-25T15:52:55.4865799Z  * [new branch]      codex/hust-2018-aaf-audit-closure        -> origin/codex/hust-2018-aaf-audit-closure
2026-09-25T15:52:55.4866725Z  * [new branch]      codex/hust-2018-aaf-measurement-models   -> origin/codex/hust-2018-aaf-measurement-models
2026-09-25T15:52:55.4867656Z  * [new branch]      codex/hust-2018-aaf-source-audit         -> origin/codex/hust-2018-aaf-source-audit
2026-09-25T15:52:55.4868580Z  * [new branch]      codex/hust-2018-human-attestation        -> origin/codex/hust-2018-human-attestation
2026-09-25T15:52:55.4869547Z  * [new branch]      codex/hust-aaf-combined-feasibility      -> origin/codex/hust-aaf-combined-feasibility
2026-09-25T15:52:55.4870586Z  * [new branch]      codex/hust-aaf-combined-measurement-model -> origin/codex/hust-aaf-combined-measurement-model
2026-09-25T15:52:55.4871615Z  * [new branch]      codex/hust-depth-2b-feasibility-audit    -> origin/codex/hust-depth-2b-feasibility-audit
2026-09-25T15:52:55.4872996Z  * [new branch]      codex/hust-pre-measurementmodel-micro-cleanup -> origin/codex/hust-pre-measurementmodel-micro-cleanup
2026-09-25T15:52:55.4874080Z  * [new branch]      codex/hust-rounding-consistency          -> origin/codex/hust-rounding-consistency
2026-09-25T15:52:55.4875076Z  * [new branch]      codex/joint-representation-inference     -> origin/codex/joint-representation-inference
2026-09-25T15:52:55.4876331Z  * [new branch]      codex/milestone-1-foundation             -> origin/codex/milestone-1-foundation
2026-09-25T15:52:55.4877298Z  * [new branch]      codex/milestone-2-hardening              -> origin/codex/milestone-2-hardening
2026-09-25T15:52:55.4878246Z  * [new branch]      codex/milestone-3-dependency-analysis    -> origin/codex/milestone-3-dependency-analysis
2026-09-25T15:52:55.4879215Z  * [new branch]      codex/milestone-4-1-audit-closure        -> origin/codex/milestone-4-1-audit-closure
2026-09-25T15:52:55.4880121Z  * [new branch]      codex/milestone-4-1-hardening            -> origin/codex/milestone-4-1-hardening
2026-09-25T15:52:55.4881062Z  * [new branch]      codex/milestone-4-physical-bridge        -> origin/codex/milestone-4-physical-bridge
2026-09-25T15:52:55.4882912Z  * [new branch]      codex/milestone-5-estimator-certification -> origin/codex/milestone-5-estimator-certification
2026-09-25T15:52:55.4884768Z  * [new branch]      codex/milestone-6a-pydimension-differential -> origin/codex/milestone-6a-pydimension-differential
2026-09-25T15:52:55.4886062Z  * [new branch]      codex/milestone-6a-pydimension-differential-2 -> origin/codex/milestone-6a-pydimension-differential-2
2026-09-25T15:52:55.4887238Z  * [new branch]      codex/milestone-6b-pysr-leakage          -> origin/codex/milestone-6b-pysr-leakage
2026-09-25T15:52:55.4888506Z  * [new branch]      codex/milestone-6c-dimensional-definitional-invariant -> origin/codex/milestone-6c-dimensional-definitional-invariant
2026-09-25T15:52:55.4889788Z  * [new branch]      codex/milestone-7-post-audit-closure     -> origin/codex/milestone-7-post-audit-closure
2026-09-25T15:52:55.4890934Z  * [new branch]      codex/milestone-7-post-merge-follow-up   -> origin/codex/milestone-7-post-merge-follow-up
2026-09-25T15:52:55.4892136Z  * [new branch]      codex/milestone-7a-direct-uncertainty-budget -> origin/codex/milestone-7a-direct-uncertainty-budget
2026-09-25T15:52:55.4893695Z  * [new branch]      codex/milestone-7b-hust-aaf-depth-2b     -> origin/codex/milestone-7b-hust-aaf-depth-2b
2026-09-25T15:52:55.4894911Z  * [new branch]      codex/mutation-behavioral-closure        -> origin/codex/mutation-behavioral-closure
2026-09-25T15:52:55.4896327Z  * [new branch]      codex/mutation-diagnostic-clarification  -> origin/codex/mutation-diagnostic-clarification
2026-09-25T15:52:55.4897470Z  * [new branch]      codex/mutation-source-attestation        -> origin/codex/mutation-source-attestation
2026-09-25T15:52:55.4898535Z  * [new branch]      codex/newman-2014-multiresolution        -> origin/codex/newman-2014-multiresolution
2026-09-25T15:52:55.4899585Z  * [new branch]      codex/newman-2014-table11-rounding       -> origin/codex/newman-2014-table11-rounding
2026-09-25T15:52:55.4900677Z  * [new branch]      codex/nist-2026-estimator-feasibility    -> origin/codex/nist-2026-estimator-feasibility
2026-09-25T15:52:55.4901806Z  * [new branch]      codex/nist-2026-estimator-feasibility-v2 -> origin/codex/nist-2026-estimator-feasibility-v2
2026-09-25T15:52:55.4903351Z  * [new branch]      codex/nist-2026-n4-experimental-estimator -> origin/codex/nist-2026-n4-experimental-estimator
2026-09-25T15:52:55.4904484Z  * [new branch]      codex/nist-configuration-models          -> origin/codex/nist-configuration-models
2026-09-25T15:52:55.4905724Z  * [new branch]      codex/p4-metadata-form-validation        -> origin/codex/p4-metadata-form-validation
2026-09-25T15:52:55.4906758Z  * [new branch]      codex/post-6b-final-cleanup              -> origin/codex/post-6b-final-cleanup
2026-09-25T15:52:55.4907720Z  * [new branch]      codex/post-6b-hardening                  -> origin/codex/post-6b-hardening
2026-09-25T15:52:55.4908759Z  * [new branch]      codex/post-audit-closure-rmp             -> origin/codex/post-audit-closure-rmp
2026-09-25T15:52:55.4909808Z  * [new branch]      codex/post-audit-closure-rmp-attestation -> origin/codex/post-audit-closure-rmp-attestation
2026-09-25T15:52:55.4910947Z  * [new branch]      codex/post-p4-source-identifier-hardening -> origin/codex/post-p4-source-identifier-hardening
2026-09-25T15:52:55.4912556Z  * [new branch]      codex/post-pr29-decimal-hygiene          -> origin/codex/post-pr29-decimal-hygiene
2026-09-25T15:52:55.4913774Z  * [new branch]      codex/practical-evidence-preparation     -> origin/codex/practical-evidence-preparation
2026-09-25T15:52:55.4915147Z  * [new branch]      codex/schlamminger-2006-rounding-consistency -> origin/codex/schlamminger-2006-rounding-consistency
2026-09-25T15:52:55.4916294Z  * [new branch]      codex/symbol-collision-audit-closure     -> origin/codex/symbol-collision-audit-closure
2026-09-25T15:52:55.4917365Z  * [new branch]      codex/verification-invariant-closure     -> origin/codex/verification-invariant-closure
2026-09-25T15:52:55.4918385Z  * [new branch]      execute/external-ns-replay-v1            -> origin/execute/external-ns-replay-v1
2026-09-25T15:52:55.4919595Z  * [new branch]      execute/external-ns-replay-v1-operational-retry -> origin/execute/external-ns-replay-v1-operational-retry
2026-09-25T15:52:55.4920959Z  * [new branch]      experiment/external-lean-ns-pinned-closure -> origin/experiment/external-lean-ns-pinned-closure
2026-09-25T15:52:55.4922058Z  * [new branch]      experiment/np-estimated-noise-01         -> origin/experiment/np-estimated-noise-01
2026-09-25T15:52:55.4923455Z  * [new branch]      experiment/np-misspec-margin-01          -> origin/experiment/np-misspec-margin-01
2026-09-25T15:52:55.4924473Z  * [new branch]      experiment/symbolic-benchmark-0          -> origin/experiment/symbolic-benchmark-0
2026-09-25T15:52:55.4926111Z  * [new branch]      experiment/symbolic-benchmark-suite-1    -> origin/experiment/symbolic-benchmark-suite-1
2026-09-25T15:52:55.4927971Z  * [new branch]      feature/np-candidate-exchange-01         -> origin/feature/np-candidate-exchange-01
2026-09-25T15:52:55.4929036Z  * [new branch]      feature/np-pysr-adapter-01               -> origin/feature/np-pysr-adapter-01
2026-09-25T15:52:55.4929986Z  * [new branch]      feature/np-pysr-adapter-02               -> origin/feature/np-pysr-adapter-02
2026-09-25T15:52:55.4931245Z  * [new branch]      governance/apache-2-license              -> origin/governance/apache-2-license
2026-09-25T15:52:55.4933075Z  * [new branch]      main                                     -> origin/main
2026-09-25T15:52:55.4933944Z  * [new branch]      nist-covariance-precision                -> origin/nist-covariance-precision
2026-09-25T15:52:55.4934931Z  * [new branch]      nist-paired-torque-feasibility           -> origin/nist-paired-torque-feasibility
2026-09-25T15:52:55.4935953Z  * [new branch]      nist-torque-response-feasibility         -> origin/nist-torque-response-feasibility
2026-09-25T15:52:55.4936828Z  * [new tag]         milestone-1                              -> milestone-1
2026-09-25T15:52:55.4937555Z  * [new tag]         milestone-2                              -> milestone-2
2026-09-25T15:52:55.4938322Z  * [new tag]         milestone-3                              -> milestone-3
2026-09-25T15:52:55.4939202Z  * [new tag]         milestone-4                              -> milestone-4
2026-09-25T15:52:55.4939926Z  * [new tag]         milestone-4.1                            -> milestone-4.1
2026-09-25T15:52:55.4940661Z  * [new tag]         milestone-5A                             -> milestone-5A
2026-09-25T15:52:55.4941393Z  * [new tag]         milestone-5B                             -> milestone-5B
2026-09-25T15:52:55.4942105Z  * [new tag]         milestone-6A                             -> milestone-6A
2026-09-25T15:52:55.4943298Z  * [new tag]         milestone-6B                             -> milestone-6B
2026-09-25T15:52:55.4944056Z  * [new tag]         milestone-6C                             -> milestone-6C
2026-09-25T15:52:55.4944772Z  * [new tag]         milestone-7                              -> milestone-7
2026-09-25T15:52:55.4945501Z  * [new tag]         milestone-7A                             -> milestone-7A
2026-09-25T15:52:55.4946219Z  * [new tag]         milestone-7B                             -> milestone-7B
2026-09-25T15:52:55.4947130Z  * [new ref]         a87d6f83edfa0f9c7e113e6860bdc43e041ec857 -> pull/61/merge
2026-09-25T15:52:55.4949034Z ##[endgroup]
2026-09-25T15:52:55.4949829Z ##[group]Determining the checkout info
2026-09-25T15:52:55.4950674Z ##[endgroup]
2026-09-25T15:52:55.4951139Z [command]/usr/bin/git sparse-checkout disable
2026-09-25T15:52:55.4952557Z [command]/usr/bin/git config --local --unset-all extensions.worktreeConfig
2026-09-25T15:52:55.4965234Z ##[group]Checking out the ref
2026-09-25T15:52:55.4968678Z [command]/usr/bin/git checkout --progress --force refs/remotes/pull/61/merge
2026-09-25T15:52:55.6378630Z Note: switching to 'refs/remotes/pull/61/merge'.
2026-09-25T15:52:55.6378988Z 
2026-09-25T15:52:55.6379266Z You are in 'detached HEAD' state. You can look around, make experimental
2026-09-25T15:52:55.6380106Z changes and commit them, and you can discard any commits you make in this
2026-09-25T15:52:55.6381156Z state without impacting any branches by switching back to a branch.
2026-09-25T15:52:55.6381747Z 
2026-09-25T15:52:55.6382489Z If you want to create a new branch to retain commits you create, you may
2026-09-25T15:52:55.6383528Z do so (now or later) by using -c with the switch command. Example:
2026-09-25T15:52:55.6384030Z 
2026-09-25T15:52:55.6384264Z   git switch -c <new-branch-name>
2026-09-25T15:52:55.6384622Z 
2026-09-25T15:52:55.6384833Z Or undo this operation with:
2026-09-25T15:52:55.6385148Z 
2026-09-25T15:52:55.6385325Z   git switch -
2026-09-25T15:52:55.6385578Z 
2026-09-25T15:52:55.6386001Z Turn off this advice by setting config variable advice.detachedHead to false
2026-09-25T15:52:55.6386604Z 
2026-09-25T15:52:55.6387261Z HEAD is now at a87d6f8 Merge 5cf61eaa53c82195bd95eaa591741a7bb81c3c87 into 0b3d31269c7fde9a75e9d7045ff483e71b4b9f4f
2026-09-25T15:52:55.6399451Z ##[endgroup]
2026-09-25T15:52:55.6447056Z [command]/usr/bin/git log -1 --format=%H
2026-09-25T15:52:55.6474062Z a87d6f83edfa0f9c7e113e6860bdc43e041ec857
2026-09-25T15:52:55.6742833Z ##[group]Run actions/setup-python@v6
2026-09-25T15:52:55.6743207Z with:
2026-09-25T15:52:55.6743464Z   python-version: 3.12
2026-09-25T15:52:55.6743934Z   check-latest: false
2026-09-25T15:52:55.6746559Z   token: ***
2026-09-25T15:52:55.6746825Z   update-environment: true
2026-09-25T15:52:55.6747121Z   allow-prereleases: false
2026-09-25T15:52:55.6747401Z   freethreaded: false
2026-09-25T15:52:55.6747666Z ##[endgroup]
2026-09-25T15:52:55.8051877Z ##[group]Installed versions
2026-09-25T15:52:55.8162509Z Successfully set up CPython (3.12.14)
2026-09-25T15:52:55.8164557Z ##[endgroup]
2026-09-25T15:52:55.8315719Z ##[group]Run python -m unittest discover -s tests -v
2026-09-25T15:52:55.8316299Z [36;1mpython -m unittest discover -s tests -v[0m
2026-09-25T15:52:55.8654294Z shell: /usr/bin/bash -e {0}
2026-09-25T15:52:55.8654701Z env:
2026-09-25T15:52:55.8655061Z   pythonLocation: /opt/hostedtoolcache/Python/3.12.14/x64
2026-09-25T15:52:55.8655600Z   PKG_CONFIG_PATH: /opt/hostedtoolcache/Python/3.12.14/x64/lib/pkgconfig
2026-09-25T15:52:55.8656129Z   Python_ROOT_DIR: /opt/hostedtoolcache/Python/3.12.14/x64
2026-09-25T15:52:55.8656593Z   Python2_ROOT_DIR: /opt/hostedtoolcache/Python/3.12.14/x64
2026-09-25T15:52:55.8657082Z   Python3_ROOT_DIR: /opt/hostedtoolcache/Python/3.12.14/x64
2026-09-25T15:52:55.8657547Z   LD_LIBRARY_PATH: /opt/hostedtoolcache/Python/3.12.14/x64/lib
2026-09-25T15:52:55.8657939Z ##[endgroup]
2026-09-25T15:52:57.6853242Z test_committed_result_artifact_rebuilds (test_bipm_2014_correlated_estimator.BIPMCorrelatedEstimatorArtifactTests.test_committed_result_artifact_rebuilds) ... ok
2026-09-25T15:52:57.6864221Z test_e001_inventory_is_disjoint (test_bipm_2014_correlated_estimator.BIPMCorrelatedEstimatorArtifactTests.test_e001_inventory_is_disjoint) ... ok
2026-09-25T15:52:57.6866683Z test_comparison_only_fields_not_accepted_by_estimator_api (test_bipm_2014_correlated_estimator.BIPMCorrelatedEstimatorBehaviorTests.test_comparison_only_fields_not_accepted_by_estimator_api) ... ok
2026-09-25T15:52:57.6869442Z test_covariance_changes_weights_and_variance (test_bipm_2014_correlated_estimator.BIPMCorrelatedEstimatorBehaviorTests.test_covariance_changes_weights_and_variance) ... ok
2026-09-25T15:52:57.6871900Z test_decimal_cells_and_sign_aware_linear_enclosure (test_bipm_2014_correlated_estimator.BIPMCorrelatedEstimatorBehaviorTests.test_decimal_cells_and_sign_aware_linear_enclosure) ... ok
2026-09-25T15:52:57.6874562Z test_exact_minimum_variance_weights_and_sum (test_bipm_2014_correlated_estimator.BIPMCorrelatedEstimatorBehaviorTests.test_exact_minimum_variance_weights_and_sum) ... ok
2026-09-25T15:52:57.6877101Z test_positive_definite_and_denominator_guards (test_bipm_2014_correlated_estimator.BIPMCorrelatedEstimatorBehaviorTests.test_positive_definite_and_denominator_guards) ... ok
2026-09-25T15:52:57.6879627Z test_real_source_midpoint_and_enclosure_are_distinct (test_bipm_2014_correlated_estimator.BIPMCorrelatedEstimatorBehaviorTests.test_real_source_midpoint_and_enclosure_are_distinct) ... ok
2026-09-25T15:52:57.6881833Z test_swap_symmetry (test_bipm_2014_correlated_estimator.BIPMCorrelatedEstimatorBehaviorTests.test_swap_symmetry) ... ok
2026-09-25T15:52:57.6884464Z test_synthetic_compatible_and_incompatible_classification (test_bipm_2014_correlated_estimator.BIPMCorrelatedEstimatorBehaviorTests.test_synthetic_compatible_and_incompatible_classification) ... ok
2026-09-25T15:52:57.6887142Z test_target_and_printed_summary_invariance (test_bipm_2014_correlated_estimator.BIPMCorrelatedEstimatorBehaviorTests.test_target_and_printed_summary_invariance) ... ok
2026-09-25T15:52:57.7130284Z test_committed_mutation_artifact (test_bipm_2014_correlated_estimator_mutations.BIPMCorrelatedEstimatorMutationTests.test_committed_mutation_artifact) ... ok
2026-09-25T15:52:58.2346544Z test_frozen_inventory_and_definitions (test_bipm_2014_correlated_estimator_mutations.BIPMCorrelatedEstimatorMutationTests.test_frozen_inventory_and_definitions) ... ok
2026-09-25T15:52:58.6927945Z test_actual_file_and_git_read_closure (test_bipm_nist_common_constant.DiagnosticArtifactTests.test_actual_file_and_git_read_closure) ... ok
2026-09-25T15:52:59.1438678Z test_changed_pin_and_stale_artifact_fail_read_only (test_bipm_nist_common_constant.DiagnosticArtifactTests.test_changed_pin_and_stale_artifact_fail_read_only) ... ok
2026-09-25T15:52:59.9501518Z test_committed_artifact_and_pins (test_bipm_nist_common_constant.DiagnosticArtifactTests.test_committed_artifact_and_pins) ... ok
2026-09-25T15:52:59.9563578Z test_changed_authorized_inputs_and_unauthorized_states_reject (test_bipm_nist_common_constant.DiagnosticContractTests.test_changed_authorized_inputs_and_unauthorized_states_reject) ... ok
2026-09-25T15:52:59.9565226Z test_duplicate_nonfinite_malformed_and_rational_schema (test_bipm_nist_common_constant.DiagnosticContractTests.test_duplicate_nonfinite_malformed_and_rational_schema) ... ok
2026-09-25T15:52:59.9764128Z test_every_result_driving_protocol_policy_rejects_mutation (test_bipm_nist_common_constant.DiagnosticContractTests.test_every_result_driving_protocol_policy_rejects_mutation) ... ok
2026-09-25T15:52:59.9803040Z test_forbidden_fields_behavior_distinct_from_digests (test_bipm_nist_common_constant.DiagnosticContractTests.test_forbidden_fields_behavior_distinct_from_digests) ... ok
2026-09-25T15:52:59.9805517Z test_inherited_provisional_and_nominal_claims (test_bipm_nist_common_constant.DiagnosticContractTests.test_inherited_provisional_and_nominal_claims) ... ok
2026-09-25T15:52:59.9823809Z test_projection_validates_both_existing_models (test_bipm_nist_common_constant.DiagnosticContractTests.test_projection_validates_both_existing_models) ... ok
2026-09-25T15:52:59.9832948Z test_analytic_rho_extrema_monotonicity_and_singular (test_bipm_nist_common_constant.DiagnosticMathTests.test_analytic_rho_extrema_monotonicity_and_singular) ... ok
2026-09-25T15:52:59.9840713Z test_difference_zero_crossing_and_rho_dispositions (test_bipm_nist_common_constant.DiagnosticMathTests.test_difference_zero_crossing_and_rho_dispositions) ... ok
2026-09-25T15:53:00.2533090Z test_display_all_corners_interior_unresolved (test_bipm_nist_common_constant.DiagnosticMathTests.test_display_all_corners_interior_unresolved) ... ok
2026-09-25T15:53:00.2565576Z test_invalid_covariance_and_weights (test_bipm_nist_common_constant.DiagnosticMathTests.test_invalid_covariance_and_weights) ... ok
2026-09-25T15:53:00.2606273Z test_q_two_forms_rank_and_independent_oracle (test_bipm_nist_common_constant.DiagnosticMathTests.test_q_two_forms_rank_and_independent_oracle) ... ok
2026-09-25T15:53:00.2608978Z test_radical_comparison_signs_and_exact_equality (test_bipm_nist_common_constant.DiagnosticMathTests.test_radical_comparison_signs_and_exact_equality) ... ok
2026-09-25T15:53:00.2611656Z test_scaling_conventions_and_signed_weights (test_bipm_nist_common_constant.DiagnosticMathTests.test_scaling_conventions_and_signed_weights) ... ok
2026-09-25T15:53:00.2716660Z test_shift_units_permutation_and_covariance (test_bipm_nist_common_constant.DiagnosticMathTests.test_shift_units_permutation_and_covariance) ... ok
2026-09-25T15:53:00.7151087Z test_committed_mutations_current_and_calibrated (test_bipm_nist_common_constant_mutations.DiagnosticMutationArtifactTests.test_committed_mutations_current_and_calibrated) ... ok
2026-09-25T15:53:01.1639263Z test_tampered_evidence_rejected_read_only (test_bipm_nist_common_constant_mutations.DiagnosticMutationArtifactTests.test_tampered_evidence_rejected_read_only) ... ok
2026-09-25T15:53:01.1641794Z test_bipm_scaling (test_bipm_nist_common_constant_mutations.DiagnosticMutationBehaviorTests.test_bipm_scaling) ... ok
2026-09-25T15:53:01.1644108Z test_claim_boundary (test_bipm_nist_common_constant_mutations.DiagnosticMutationBehaviorTests.test_claim_boundary) ... ok
2026-09-25T15:53:01.1646090Z test_covariance (test_bipm_nist_common_constant_mutations.DiagnosticMutationBehaviorTests.test_covariance) ... ok
2026-09-25T15:53:01.1648005Z test_cutoff_mapping (test_bipm_nist_common_constant_mutations.DiagnosticMutationBehaviorTests.test_cutoff_mapping) ... ok
2026-09-25T15:53:01.1650079Z test_difference_calibration (test_bipm_nist_common_constant_mutations.DiagnosticMutationBehaviorTests.test_difference_calibration) ... ok
2026-09-25T15:53:01.1658283Z test_display_bound (test_bipm_nist_common_constant_mutations.DiagnosticMutationBehaviorTests.test_display_bound) ... ok
2026-09-25T15:53:01.1660343Z test_equivalent_calibration (test_bipm_nist_common_constant_mutations.DiagnosticMutationBehaviorTests.test_equivalent_calibration) ... ok
2026-09-25T15:53:01.1662905Z test_mean_fitting (test_bipm_nist_common_constant_mutations.DiagnosticMutationBehaviorTests.test_mean_fitting) ... ok
2026-09-25T15:53:01.1664713Z test_rho_sign (test_bipm_nist_common_constant_mutations.DiagnosticMutationBehaviorTests.test_rho_sign) ... ok
2026-09-25T15:53:01.1666524Z test_terminal_invariance (test_bipm_nist_common_constant_mutations.DiagnosticMutationBehaviorTests.test_terminal_invariance) ... ok
2026-09-25T15:53:01.3845697Z test_actual_import_and_syntax_failures_receive_no_credit (test_bipm_nist_common_constant_mutations.DiagnosticMutationHarnessTests.test_actual_import_and_syntax_failures_receive_no_credit) ... ok
2026-09-25T15:53:01.3866266Z test_definitions_match_frozen_mapping (test_bipm_nist_common_constant_mutations.DiagnosticMutationHarnessTests.test_definitions_match_frozen_mapping) ... ok
2026-09-25T15:53:01.3870856Z test_only_designated_behavior_failure_scores (test_bipm_nist_common_constant_mutations.DiagnosticMutationHarnessTests.test_only_designated_behavior_failure_scores) ... ok
2026-09-25T15:53:01.5791830Z test_read_only_evidence_guard (test_candidate_exchange.CommittedEvidenceTests.test_read_only_evidence_guard) ... ok
2026-09-25T15:53:01.5963689Z test_alias_meaning_and_domains (test_candidate_exchange.ExchangeTests.test_alias_meaning_and_domains) ... ok
2026-09-25T15:53:01.6299580Z test_all_original_domain_restrictions (test_candidate_exchange.ExchangeTests.test_all_original_domain_restrictions) ... ok
2026-09-25T15:53:01.6319545Z test_candidate_inventory (test_candidate_exchange.ExchangeTests.test_candidate_inventory) ... ok
2026-09-25T15:53:01.6425053Z test_conservative_equivalence (test_candidate_exchange.ExchangeTests.test_conservative_equivalence) ... ok
2026-09-25T15:53:01.6803455Z test_context_identity_and_dense_dag (test_candidate_exchange.ExchangeTests.test_context_identity_and_dense_dag) ... ok
2026-09-25T15:53:01.6982584Z test_dimension_and_unit_rules (test_candidate_exchange.ExchangeTests.test_dimension_and_unit_rules) ... ok
2026-09-25T15:53:01.7018006Z test_dimension_bypass (test_candidate_exchange.ExchangeTests.test_dimension_bypass) ... ok
2026-09-25T15:53:01.7060205Z test_domain_erasure (test_candidate_exchange.ExchangeTests.test_domain_erasure) ... ok
2026-09-25T15:53:01.7119480Z test_empty_failure_and_rejection_inventory (test_candidate_exchange.ExchangeTests.test_empty_failure_and_rejection_inventory) ... ok
2026-09-25T15:53:01.7158839Z test_evidence_promotion (test_candidate_exchange.ExchangeTests.test_evidence_promotion) ... ok
2026-09-25T15:53:01.7209729Z test_exp_and_fitted_scalar (test_candidate_exchange.ExchangeTests.test_exp_and_fitted_scalar) ... ok
2026-09-25T15:53:01.7225437Z test_expression_resource_limits (test_candidate_exchange.ExchangeTests.test_expression_resource_limits) ... ok
2026-09-25T15:53:01.7912106Z test_historical_rankings (test_candidate_exchange.ExchangeTests.test_historical_rankings) ... ok
2026-09-25T15:53:01.8039760Z test_hostile_and_unsupported_payloads (test_candidate_exchange.ExchangeTests.test_hostile_and_unsupported_payloads) ... ok
2026-09-25T15:53:01.9596184Z test_json_resource_limits (test_candidate_exchange.ExchangeTests.test_json_resource_limits) ... ok
2026-09-25T15:53:01.9865060Z test_lawful_paired_adapters (test_candidate_exchange.ExchangeTests.test_lawful_paired_adapters) ... ok
2026-09-25T15:53:01.9914049Z test_manifest_laundering (test_candidate_exchange.ExchangeTests.test_manifest_laundering) ... ok
2026-09-25T15:53:02.0013091Z test_parameter_identity_and_context (test_candidate_exchange.ExchangeTests.test_parameter_identity_and_context) ... ok
2026-09-25T15:53:02.0104860Z test_postfix_bounds_and_malformed_records (test_candidate_exchange.ExchangeTests.test_postfix_bounds_and_malformed_records) ... ok
2026-09-25T15:53:02.0132253Z test_raw_binding_tampering (test_candidate_exchange.ExchangeTests.test_raw_binding_tampering) ... ok
2026-09-25T15:53:02.0353044Z test_record_tampering_and_routing (test_candidate_exchange.ExchangeTests.test_record_tampering_and_routing) ... ok
2026-09-25T15:53:02.0855906Z test_registry_and_inventory_limits (test_candidate_exchange.ExchangeTests.test_registry_and_inventory_limits) ... ok
2026-09-25T15:53:02.1022539Z test_target_leakage (test_candidate_exchange.ExchangeTests.test_target_leakage) ... ok
2026-09-25T15:53:02.1101582Z test_unknown_uncertainty_preserved (test_candidate_exchange.ExchangeTests.test_unknown_uncertainty_preserved) ... ok
2026-09-25T15:53:08.4424191Z test_artifact_is_byte_deterministic_and_current (test_dependency_analysis.DependencyAnalysisTests.test_artifact_is_byte_deterministic_and_current) ... ok
2026-09-25T15:53:08.4430612Z test_candidate_signature_round_trip_uses_exact_fractions (test_dependency_analysis.DependencyAnalysisTests.test_candidate_signature_round_trip_uses_exact_fractions) ... ok
2026-09-25T15:53:14.8884526Z test_check_cli_accepts_current_and_rejects_stale_artifact (test_dependency_analysis.DependencyAnalysisTests.test_check_cli_accepts_current_and_rejects_stale_artifact) ... ok
2026-09-25T15:53:14.8907381Z test_default_dimensional_system_has_rank_four_and_nullity_six (test_dependency_analysis.DependencyAnalysisTests.test_default_dimensional_system_has_rank_four_and_nullity_six) ... ok
2026-09-25T15:53:14.8909258Z test_dependency_and_certification_statuses_are_separate (test_dependency_analysis.DependencyAnalysisTests.test_dependency_and_certification_statuses_are_separate) ... ok
2026-09-25T15:53:14.8922886Z test_equivalence_group_identifiers_are_deterministic (test_dependency_analysis.DependencyAnalysisTests.test_equivalence_group_identifiers_are_deterministic) ... ok
2026-09-25T15:53:16.9803124Z test_existing_search_fields_and_classifications_are_preserved (test_dependency_analysis.DependencyAnalysisTests.test_existing_search_fields_and_classifications_are_preserved) ... ok
2026-09-25T15:53:16.9805429Z test_four_lean_controls_reduce_exactly_to_g (test_dependency_analysis.DependencyAnalysisTests.test_four_lean_controls_reduce_exactly_to_g) ... ok
2026-09-25T15:53:16.9807603Z test_proton_electron_and_atomic_mass_triples_are_equivalent (test_dependency_analysis.DependencyAnalysisTests.test_proton_electron_and_atomic_mass_triples_are_equivalent) ... ok
2026-09-25T15:53:16.9809893Z test_twenty_one_candidates_collapse_into_ten_exact_groups (test_dependency_analysis.DependencyAnalysisTests.test_twenty_one_candidates_collapse_into_ten_exact_groups) ... ok
2026-09-25T15:53:16.9812409Z test_two_additional_reconstructions_remain_python_only (test_dependency_analysis.DependencyAnalysisTests.test_two_additional_reconstructions_remain_python_only) ... ok
2026-09-25T15:53:16.9814731Z test_unresolved_surface_factor_gets_no_equivalence_claim (test_dependency_analysis.DependencyAnalysisTests.test_unresolved_surface_factor_gets_no_equivalence_claim) ... ok
2026-09-25T15:53:16.9816719Z test_catalog_is_read_only (test_dependency_definitions.DependencyDefinitionTests.test_catalog_is_read_only) ... ok
2026-09-25T15:53:16.9818830Z test_default_atomic_basis_has_the_declared_model_relative_endpoints (test_dependency_definitions.DependencyDefinitionTests.test_default_atomic_basis_has_the_declared_model_relative_endpoints) ... ok
2026-09-25T15:53:16.9821579Z test_dimensionally_inconsistent_definition_is_rejected (test_dependency_definitions.DependencyDefinitionTests.test_dimensionally_inconsistent_definition_is_rejected) ... ok
2026-09-25T15:53:16.9823983Z test_duplicate_catalog_keys_are_rejected (test_dependency_definitions.DependencyDefinitionTests.test_duplicate_catalog_keys_are_rejected) ... ok
2026-09-25T15:53:16.9826185Z test_four_planck_definitions_use_exact_fraction_exponents (test_dependency_definitions.DependencyDefinitionTests.test_four_planck_definitions_use_exact_fraction_exponents) ... ok
2026-09-25T15:53:16.9828412Z test_malformed_definition_terms_are_rejected (test_dependency_definitions.DependencyDefinitionTests.test_malformed_definition_terms_are_rejected) ... ok
2026-09-25T15:53:16.9830834Z test_missing_required_coverage_is_rejected (test_dependency_definitions.DependencyDefinitionTests.test_missing_required_coverage_is_rejected) ... ok
2026-09-25T15:53:16.9833494Z test_recursive_expansion_is_exact_and_normalizes_cancellation (test_dependency_definitions.DependencyDefinitionTests.test_recursive_expansion_is_exact_and_normalizes_cancellation) ... ok
2026-09-25T15:53:16.9835846Z test_unknown_references_and_cycles_are_rejected (test_dependency_definitions.DependencyDefinitionTests.test_unknown_references_and_cycles_are_rejected) ... ok
2026-09-25T15:53:19.0813980Z test_dependency_classification_ignores_dimension_metadata_after_validation (test_dependency_dimension_invariant.DependencyDimensionInvariantTests.test_dependency_classification_ignores_dimension_metadata_after_validation) ... ok
2026-09-25T15:53:23.2804903Z test_check_accepts_a_current_artifact (test_dimensional_search.DimensionalSearchTests.test_check_accepts_a_current_artifact) ... ok
2026-09-25T15:53:25.3897808Z test_check_rejects_a_missing_artifact_without_creating_it (test_dimensional_search.DimensionalSearchTests.test_check_rejects_a_missing_artifact_without_creating_it) ... ok
2026-09-25T15:53:27.4860341Z test_check_rejects_a_stale_artifact_without_overwriting_it (test_dimensional_search.DimensionalSearchTests.test_check_rejects_a_stale_artifact_without_overwriting_it) ... ok
2026-09-25T15:53:29.5874458Z test_default_bounded_search_still_returns_twenty_one_candidates (test_dimensional_search.DimensionalSearchTests.test_default_bounded_search_still_returns_twenty_one_candidates) ... ok
2026-09-25T15:53:30.2259016Z test_every_result_matches_target_dimension_and_is_ranked (test_dimensional_search.DimensionalSearchTests.test_every_result_matches_target_dimension_and_is_ranked) ... ok
2026-09-25T15:53:30.2341344Z test_known_planck_mass_rearrangement_is_found (test_dimensional_search.DimensionalSearchTests.test_known_planck_mass_rearrangement_is_found) ... ok
2026-09-25T15:53:30.2343556Z test_power_bound_can_include_half_integers (test_dimensional_search.DimensionalSearchTests.test_power_bound_can_include_half_integers) ... ok
2026-09-25T15:53:34.4521124Z test_repeated_csv_rendering_is_byte_deterministic (test_dimensional_search.DimensionalSearchTests.test_repeated_csv_rendering_is_byte_deterministic) ... ok
2026-09-25T15:53:34.4523402Z test_target_cannot_be_its_own_generator (test_dimensional_search.DimensionalSearchTests.test_target_cannot_be_its_own_generator) ... ok
2026-09-25T15:53:34.4524870Z test_action_dimension (test_dimensions.DimensionTests.test_action_dimension) ... ok
2026-09-25T15:53:34.4526326Z test_energy_dimension_is_literal_contract_vector (test_dimensions.DimensionTests.test_energy_dimension_is_literal_contract_vector) ... ok
2026-09-25T15:53:34.4527825Z test_force_and_area_dimensions (test_dimensions.DimensionTests.test_force_and_area_dimensions) ... ok
2026-09-25T15:53:34.4529006Z test_g_dimension_is_exact (test_dimensions.DimensionTests.test_g_dimension_is_exact) ... ok
2026-09-25T15:53:34.4553682Z test_rational_powers_remain_exact (test_dimensions.DimensionTests.test_rational_powers_remain_exact) ... ok
2026-09-25T15:53:34.4563762Z test_unknown_base_dimension_is_rejected (test_dimensions.DimensionTests.test_unknown_base_dimension_is_rejected) ... ok
2026-09-25T15:53:50.0714701Z test_read_only_committed_evidence (test_estimated_noise1.EstimatedNoise1CommittedEvidence.test_read_only_committed_evidence) ... ERROR
2026-09-25T15:53:50.0718178Z test_all_dispositions_and_failure_precedence (test_estimated_noise1.EstimatedNoise1Fixtures.test_all_dispositions_and_failure_precedence) ... ok
2026-09-25T15:53:50.0730659Z test_calibration_only_schema (test_estimated_noise1.EstimatedNoise1Fixtures.test_calibration_only_schema) ... ok
2026-09-25T15:53:50.0751894Z test_closed_artifact_binding_hash_and_type_tamper (test_estimated_noise1.EstimatedNoise1Fixtures.test_closed_artifact_binding_hash_and_type_tamper) ... ok
2026-09-25T15:53:50.4216484Z test_discovery_heldout_denial_and_poison_sources (test_estimated_noise1.EstimatedNoise1Fixtures.test_discovery_heldout_denial_and_poison_sources) ... ok
2026-09-25T15:53:50.6932953Z test_discovery_threshold_invariance_inventory_and_numeric_reference (test_estimated_noise1.EstimatedNoise1Fixtures.test_discovery_threshold_invariance_inventory_and_numeric_reference) ... ok
2026-09-25T15:53:50.6936053Z test_duplicate_json_and_nonfinite_rejection (test_estimated_noise1.EstimatedNoise1Fixtures.test_duplicate_json_and_nonfinite_rejection) ... ok
2026-09-25T15:53:50.6938178Z test_family_rank1_equality_and_signed_margins (test_estimated_noise1.EstimatedNoise1Fixtures.test_family_rank1_equality_and_signed_margins) ... ok
2026-09-25T15:53:51.0101208Z test_fixed_design_matching_streams_and_anonymization (test_estimated_noise1.EstimatedNoise1Fixtures.test_fixed_design_matching_streams_and_anonymization) ... ok
2026-09-25T15:53:51.0181251Z test_invalid_pair_values_and_inventories (test_estimated_noise1.EstimatedNoise1Fixtures.test_invalid_pair_values_and_inventories) ... ok
2026-09-25T15:53:51.0187167Z test_inventory_is_derived_from_dimensions (test_estimated_noise1.EstimatedNoise1Fixtures.test_inventory_is_derived_from_dimensions) ... ok
2026-09-25T15:53:51.0189030Z test_no_curved_structural_credit_or_stale_policy (test_estimated_noise1.EstimatedNoise1Fixtures.test_no_curved_structural_credit_or_stale_policy) ... ok
2026-09-25T15:53:51.0523132Z test_numeric_moment_and_alternate_quantiles (test_estimated_noise1.EstimatedNoise1Fixtures.test_numeric_moment_and_alternate_quantiles) ... ok
2026-09-25T15:53:51.1664698Z test_primary_six_rules_and_end_to_end_fixture_report (test_estimated_noise1.EstimatedNoise1Fixtures.test_primary_six_rules_and_end_to_end_fixture_report) ... ok
2026-09-25T15:53:51.1981986Z test_real_git_chronology_rejects_reversed_ancestry (test_estimated_noise1.EstimatedNoise1Fixtures.test_real_git_chronology_rejects_reversed_ancestry) ... ok
2026-09-25T15:53:51.5307565Z test_staged_calibration_completed_reads_and_fresh_cache (test_estimated_noise1.EstimatedNoise1Fixtures.test_staged_calibration_completed_reads_and_fresh_cache) ... ok
2026-09-25T15:53:51.5371523Z test_stopped_evidence_dispositions_are_derived (test_estimated_noise1.EstimatedNoise1Fixtures.test_stopped_evidence_dispositions_are_derived) ... ok
2026-09-25T15:53:51.6569844Z test_ten_designated_semantic_mutations (test_estimated_noise1.EstimatedNoise1Fixtures.test_ten_designated_semantic_mutations) ... ok
2026-09-25T15:53:51.6601907Z test_zero_tiny_and_equal_differences (test_estimated_noise1.EstimatedNoise1Fixtures.test_zero_tiny_and_equal_differences) ... ok
2026-09-25T15:53:51.6613035Z test_check_rejects_mismatch_without_overwrite (test_falsification_preregistration.FalsificationPreregistrationTests.test_check_rejects_mismatch_without_overwrite) ... stale or missing preregistration artifact: /tmp/tmp61gbdabv/preregistration.json
2026-09-25T15:53:51.6615314Z ok
2026-09-25T15:53:51.6644136Z test_committed_preregistration_is_deterministic_and_current (test_falsification_preregistration.FalsificationPreregistrationTests.test_committed_preregistration_is_deterministic_and_current) ... ok
2026-09-25T15:53:51.6646691Z test_hash_matches_exact_committed_bytes (test_falsification_preregistration.FalsificationPreregistrationTests.test_hash_matches_exact_committed_bytes) ... ok
2026-09-25T15:53:51.6649609Z test_regeneration_refuses_to_overwrite_history (test_falsification_preregistration.FalsificationPreregistrationTests.test_regeneration_refuses_to_overwrite_history) ... refusing to overwrite an existing preregistration; create a new experiment version
2026-09-25T15:53:51.6651595Z ok
2026-09-25T15:53:51.6653089Z test_seeds_are_frozen_and_survive_round_trip (test_falsification_preregistration.FalsificationPreregistrationTests.test_seeds_are_frozen_and_survive_round_trip) ... ok
2026-09-25T15:53:51.6655310Z test_source_sha_is_frozen_and_validated (test_falsification_preregistration.FalsificationPreregistrationTests.test_source_sha_is_frozen_and_validated) ... ok
2026-09-25T15:53:51.6657558Z test_stale_version_is_rejected (test_falsification_preregistration.FalsificationPreregistrationTests.test_stale_version_is_rejected) ... ok
2026-09-25T15:53:51.6687496Z test_current_characterization_derived_from_existing_witnesses (test_g_measurement_joint_inference.JointArtifactTests.test_current_characterization_derived_from_existing_witnesses) ... ok
2026-09-25T15:53:51.6800396Z test_dependency_graph_excludes_historical_calculators_and_e001 (test_g_measurement_joint_inference.JointArtifactTests.test_dependency_graph_excludes_historical_calculators_and_e001) ... ok
2026-09-25T15:53:52.3737253Z test_input_pins_ancestry_freeze_and_preservation (test_g_measurement_joint_inference.JointArtifactTests.test_input_pins_ancestry_freeze_and_preservation) ... ok
2026-09-25T15:53:52.3783318Z test_only_allowed_files_opened_and_no_numerical_projection (test_g_measurement_joint_inference.JointArtifactTests.test_only_allowed_files_opened_and_no_numerical_projection) ... ok
2026-09-25T15:53:53.1011653Z test_result_freshness_schema_and_trace (test_g_measurement_joint_inference.JointArtifactTests.test_result_freshness_schema_and_trace) ... ok
2026-09-25T15:53:53.1063261Z test_wrong_missing_and_substituted_inputs (test_g_measurement_joint_inference.JointArtifactTests.test_wrong_missing_and_substituted_inputs) ... ok
2026-09-25T15:53:53.1083993Z test_all_27_verdict_combinations (test_g_measurement_joint_inference.JointBehaviorTests.test_all_27_verdict_combinations) ... ok
2026-09-25T15:53:53.1089374Z test_both_publications_are_required_and_used (test_g_measurement_joint_inference.JointBehaviorTests.test_both_publications_are_required_and_used) ... ok
2026-09-25T15:53:53.1098483Z test_central_values_cannot_affect_truth_or_projection (test_g_measurement_joint_inference.JointBehaviorTests.test_central_values_cannot_affect_truth_or_projection) ... ok
2026-09-25T15:53:53.1105476Z test_e001_path_allowlist (test_g_measurement_joint_inference.JointBehaviorTests.test_e001_path_allowlist) ... ok
2026-09-25T15:53:53.1106710Z test_exact_parameter_decoding (test_g_measurement_joint_inference.JointBehaviorTests.test_exact_parameter_decoding) ... ok
2026-09-25T15:53:53.1110576Z test_malformed_witness_identity_fails (test_g_measurement_joint_inference.JointBehaviorTests.test_malformed_witness_identity_fails) ... ok
2026-09-25T15:53:53.1129090Z test_midpoint_characterization_and_truth_invariance (test_g_measurement_joint_inference.JointBehaviorTests.test_midpoint_characterization_and_truth_invariance) ... ok
2026-09-25T15:53:53.1131485Z test_projection_keys_exclude_numerical_and_statistical_fields (test_g_measurement_joint_inference.JointBehaviorTests.test_projection_keys_exclude_numerical_and_statistical_fields) ... ok
2026-09-25T15:53:53.1136669Z test_pure_composition_never_retrieves_sources (test_g_measurement_joint_inference.JointBehaviorTests.test_pure_composition_never_retrieves_sources) ... ok
2026-09-25T15:53:53.1141065Z test_required_scope_projection_and_missing_scope (test_g_measurement_joint_inference.JointBehaviorTests.test_required_scope_projection_and_missing_scope) ... ok
2026-09-25T15:53:53.1143359Z test_scope_mapping_and_invalid_verdicts (test_g_measurement_joint_inference.JointBehaviorTests.test_scope_mapping_and_invalid_verdicts) ... ok
2026-09-25T15:53:53.1145303Z test_assertion_failure_and_survival (test_g_measurement_joint_inference_mutations.JointMutationTests.test_assertion_failure_and_survival) ... ok
2026-09-25T15:53:54.5162720Z test_committed_evidence_and_tampering (test_g_measurement_joint_inference_mutations.JointMutationTests.test_committed_evidence_and_tampering) ... ok
2026-09-25T15:53:54.5303393Z test_controls_are_distinct_and_equivalent_change_is_executable (test_g_measurement_joint_inference_mutations.JointMutationTests.test_controls_are_distinct_and_equivalent_change_is_executable) ... ok
2026-09-25T15:53:54.5305985Z test_invalid_infrastructure_never_counts_as_kill (test_g_measurement_joint_inference_mutations.JointMutationTests.test_invalid_infrastructure_never_counts_as_kill) ... ok
2026-09-25T15:53:55.2864494Z test_all_seven_exact_principal_minors_are_positive (test_hust_2018_aaf_combined_feasibility.CombinedFeasibilityTests.test_all_seven_exact_principal_minors_are_positive) ... ok
2026-09-25T15:53:55.2891405Z test_ambiguous_rule_or_normalization_produces_no_go (test_hust_2018_aaf_combined_feasibility.CombinedFeasibilityTests.test_ambiguous_rule_or_normalization_produces_no_go) ... ok
2026-09-25T15:53:55.2960374Z test_arithmetic_is_independent_of_ambient_decimal_context (test_hust_2018_aaf_combined_feasibility.CombinedFeasibilityTests.test_arithmetic_is_independent_of_ambient_decimal_context) ... ok
2026-09-25T15:53:55.2961980Z test_asymmetric_matrix_fails (test_hust_2018_aaf_combined_feasibility.CombinedFeasibilityTests.test_asymmetric_matrix_fails) ... ok
2026-09-25T15:53:56.8190492Z test_authoritative_builder_is_independent_of_terminal_function (test_hust_2018_aaf_combined_feasibility.CombinedFeasibilityTests.test_authoritative_builder_is_independent_of_terminal_function) ... ok
2026-09-25T15:53:56.8214729Z test_covariance_component_trace_or_target_injection_fails (test_hust_2018_aaf_combined_feasibility.CombinedFeasibilityTests.test_covariance_component_trace_or_target_injection_fails) ... ok
2026-09-25T15:53:56.8218026Z test_diagonals_reproduce_independent_rss_and_preserved_models (test_hust_2018_aaf_combined_feasibility.CombinedFeasibilityTests.test_diagonals_reproduce_independent_rss_and_preserved_models) ... ok
2026-09-25T15:53:56.8223521Z test_duplicated_or_extra_run_fails (test_hust_2018_aaf_combined_feasibility.CombinedFeasibilityTests.test_duplicated_or_extra_run_fails) ... ok
2026-09-25T15:53:56.8286228Z test_each_missing_indispensable_claim_blocks_go (test_hust_2018_aaf_combined_feasibility.CombinedFeasibilityTests.test_each_missing_indispensable_claim_blocks_go) ... ok
2026-09-25T15:53:56.8288592Z test_every_scope_has_distinct_complete_inventory (test_hust_2018_aaf_combined_feasibility.CombinedFeasibilityTests.test_every_scope_has_distinct_complete_inventory) ... ok
2026-09-25T15:53:56.8291028Z test_exact_singular_psd_diagnostic_without_pseudoinverse (test_hust_2018_aaf_combined_feasibility.CombinedFeasibilityTests.test_exact_singular_psd_diagnostic_without_pseudoinverse) ... ok
2026-09-25T15:53:56.8346967Z test_forbidden_upstream_targets_and_weights_fail (test_hust_2018_aaf_combined_feasibility.CombinedFeasibilityTests.test_forbidden_upstream_targets_and_weights_fail) ... ok
2026-09-25T15:53:59.1307010Z test_generated_bytes_and_cli_freshness_guard (test_hust_2018_aaf_combined_feasibility.CombinedFeasibilityTests.test_generated_bytes_and_cli_freshness_guard) ... HUST combined feasibility failed: combined feasibility artifact is missing or stale
2026-09-25T15:53:59.1308930Z ok
2026-09-25T15:53:59.1319648Z test_incorrect_diagonal_variance_fails (test_hust_2018_aaf_combined_feasibility.CombinedFeasibilityTests.test_incorrect_diagonal_variance_fails) ... ok
2026-09-25T15:53:59.1372514Z test_independent_exact_rational_calculation_matches_decimal (test_hust_2018_aaf_combined_feasibility.CombinedFeasibilityTests.test_independent_exact_rational_calculation_matches_decimal) ... ok
2026-09-25T15:53:59.1394833Z test_invalid_correlation_coefficient_fails (test_hust_2018_aaf_combined_feasibility.CombinedFeasibilityTests.test_invalid_correlation_coefficient_fails) ... ok
2026-09-25T15:53:59.1409618Z test_missing_combination_rule_produces_no_go_with_covariance_retained (test_hust_2018_aaf_combined_feasibility.CombinedFeasibilityTests.test_missing_combination_rule_produces_no_go_with_covariance_retained) ... ok
2026-09-25T15:53:59.1427663Z test_missing_duplicate_and_undeclared_covariance_terms_fail (test_hust_2018_aaf_combined_feasibility.CombinedFeasibilityTests.test_missing_duplicate_and_undeclared_covariance_terms_fail) ... ok
2026-09-25T15:53:59.1436592Z test_missing_duplicated_renamed_or_misscoped_component_fails (test_hust_2018_aaf_combined_feasibility.CombinedFeasibilityTests.test_missing_duplicated_renamed_or_misscoped_component_fails) ... ok
2026-09-25T15:53:59.1439415Z test_negative_nonpsd_and_malformed_matrices_fail (test_hust_2018_aaf_combined_feasibility.CombinedFeasibilityTests.test_negative_nonpsd_and_malformed_matrices_fail) ... ok
2026-09-25T15:53:59.9168023Z test_no_model_replication_or_lean_promotion (test_hust_2018_aaf_combined_feasibility.CombinedFeasibilityTests.test_no_model_replication_or_lean_promotion) ... ok
2026-09-25T15:53:59.9211888Z test_perturbed_source_transcription_fails_even_if_graph_and_model_agree (test_hust_2018_aaf_combined_feasibility.CombinedFeasibilityTests.test_perturbed_source_transcription_fails_even_if_graph_and_model_agree) ... ok
2026-09-25T15:53:59.9217140Z test_shared_nonstatistical_term_made_independent_fails (test_hust_2018_aaf_combined_feasibility.CombinedFeasibilityTests.test_shared_nonstatistical_term_made_independent_fails) ... ok
2026-09-25T15:53:59.9250511Z test_source_prescription_supports_go_and_complete_evidence (test_hust_2018_aaf_combined_feasibility.CombinedFeasibilityTests.test_source_prescription_supports_go_and_complete_evidence) ... ok
2026-09-25T15:53:59.9256028Z test_statistical_term_made_correlated_fails (test_hust_2018_aaf_combined_feasibility.CombinedFeasibilityTests.test_statistical_term_made_correlated_fails) ... ok
2026-09-25T15:53:59.9271445Z test_substituted_central_value_and_nonstring_or_nonfinite_numbers_fail (test_hust_2018_aaf_combined_feasibility.CombinedFeasibilityTests.test_substituted_central_value_and_nonstring_or_nonfinite_numbers_fail) ... ok
2026-09-25T15:53:59.9282169Z test_symmetric_psd_but_unauthorized_covariance_fails (test_hust_2018_aaf_combined_feasibility.CombinedFeasibilityTests.test_symmetric_psd_but_unauthorized_covariance_fails) ... ok
2026-09-25T15:53:59.9406395Z test_terminal_change_or_deletion_cannot_change_computation (test_hust_2018_aaf_combined_feasibility.CombinedFeasibilityTests.test_terminal_change_or_deletion_cannot_change_computation) ... ok
2026-09-25T15:53:59.9447109Z test_terminal_objects_inside_historical_artifacts_are_not_projected (test_hust_2018_aaf_combined_feasibility.CombinedFeasibilityTests.test_terminal_objects_inside_historical_artifacts_are_not_projected) ... ok
2026-09-25T15:54:00.7014664Z test_undeclared_file_and_duplicate_json_key_fail (test_hust_2018_aaf_combined_feasibility.CombinedFeasibilityTests.test_undeclared_file_and_duplicate_json_key_fail) ... ok
2026-09-25T15:54:00.7020274Z test_unverified_source_blocks_covariance_and_combination (test_hust_2018_aaf_combined_feasibility.CombinedFeasibilityTests.test_unverified_source_blocks_covariance_and_combination) ... ok
2026-09-25T15:54:00.7026981Z test_weight_tuning_or_guessed_formula_cannot_be_accepted_as_source_evidence (test_hust_2018_aaf_combined_feasibility.CombinedFeasibilityTests.test_weight_tuning_or_guessed_formula_cannot_be_accepted_as_source_evidence) ... ok
2026-09-25T15:54:00.7130165Z test_changed_or_missing_pinned_input_fails (test_hust_2018_aaf_combined_feasibility.PreregistrationHistoryTests.test_changed_or_missing_pinned_input_fails) ... Note: switching to 'a87d6f83edfa0f9c7e113e6860bdc43e041ec857'.
2026-09-25T15:54:00.7131235Z 
2026-09-25T15:54:00.7131514Z You are in 'detached HEAD' state. You can look around, make experimental
2026-09-25T15:54:00.7132117Z changes and commit them, and you can discard any commits you make in this
2026-09-25T15:54:00.7132875Z state without impacting any branches by switching back to a branch.
2026-09-25T15:54:00.7133215Z 
2026-09-25T15:54:00.7133453Z If you want to create a new branch to retain commits you create, you may
2026-09-25T15:54:00.7134016Z do so (now or later) by using -c with the switch command. Example:
2026-09-25T15:54:00.7134327Z 
2026-09-25T15:54:00.7134466Z   git switch -c <new-branch-name>
2026-09-25T15:54:00.7134681Z 
2026-09-25T15:54:00.7134810Z Or undo this operation with:
2026-09-25T15:54:00.7135000Z 
2026-09-25T15:54:00.7135103Z   git switch -
2026-09-25T15:54:00.7135252Z 
2026-09-25T15:54:00.7135509Z Turn off this advice by setting config variable advice.detachedHead to false
2026-09-25T15:54:00.7136140Z 
2026-09-25T15:54:01.0383918Z ok
2026-09-25T15:54:01.0469223Z test_current_preregistration_bytes_changed_fails (test_hust_2018_aaf_combined_feasibility.PreregistrationHistoryTests.test_current_preregistration_bytes_changed_fails) ... Note: switching to 'a87d6f83edfa0f9c7e113e6860bdc43e041ec857'.
2026-09-25T15:54:01.0470920Z 
2026-09-25T15:54:01.0471273Z You are in 'detached HEAD' state. You can look around, make experimental
2026-09-25T15:54:01.0472664Z changes and commit them, and you can discard any commits you make in this
2026-09-25T15:54:01.0473585Z state without impacting any branches by switching back to a branch.
2026-09-25T15:54:01.0474104Z 
2026-09-25T15:54:01.0474433Z If you want to create a new branch to retain commits you create, you may
2026-09-25T15:54:01.0475228Z do so (now or later) by using -c with the switch command. Example:
2026-09-25T15:54:01.0475676Z 
2026-09-25T15:54:01.0475860Z   git switch -c <new-branch-name>
2026-09-25T15:54:01.0476156Z 
2026-09-25T15:54:01.0476327Z Or undo this operation with:
2026-09-25T15:54:01.0476616Z 
2026-09-25T15:54:01.0476759Z   git switch -
2026-09-25T15:54:01.0476960Z 
2026-09-25T15:54:01.0477352Z Turn off this advice by setting config variable advice.detachedHead to false
2026-09-25T15:54:01.0477902Z 
2026-09-25T15:54:01.3450438Z ok
2026-09-25T15:54:01.3533239Z test_first_commit_freeze_and_descendant_verified (test_hust_2018_aaf_combined_feasibility.PreregistrationHistoryTests.test_first_commit_freeze_and_descendant_verified) ... Note: switching to 'a87d6f83edfa0f9c7e113e6860bdc43e041ec857'.
2026-09-25T15:54:01.3534185Z 
2026-09-25T15:54:01.3534400Z You are in 'detached HEAD' state. You can look around, make experimental
2026-09-25T15:54:01.3534890Z changes and commit them, and you can discard any commits you make in this
2026-09-25T15:54:01.3535369Z state without impacting any branches by switching back to a branch.
2026-09-25T15:54:01.3535642Z 
2026-09-25T15:54:01.3535827Z If you want to create a new branch to retain commits you create, you may
2026-09-25T15:54:01.3536291Z do so (now or later) by using -c with the switch command. Example:
2026-09-25T15:54:01.3536544Z 
2026-09-25T15:54:01.3536654Z   git switch -c <new-branch-name>
2026-09-25T15:54:01.3536828Z 
2026-09-25T15:54:01.3536931Z Or undo this operation with:
2026-09-25T15:54:01.3537096Z 
2026-09-25T15:54:01.3537176Z   git switch -
2026-09-25T15:54:01.3537294Z 
2026-09-25T15:54:01.3537516Z Turn off this advice by setting config variable advice.detachedHead to false
2026-09-25T15:54:01.3537821Z 
2026-09-25T15:54:01.7029042Z ok
2026-09-25T15:54:01.7110869Z test_frozen_lean_and_mutation_history_are_preserved (test_hust_2018_aaf_combined_feasibility.PreregistrationHistoryTests.test_frozen_lean_and_mutation_history_are_preserved) ... Note: switching to 'a87d6f83edfa0f9c7e113e6860bdc43e041ec857'.
2026-09-25T15:54:01.7112796Z 
2026-09-25T15:54:01.7113158Z You are in 'detached HEAD' state. You can look around, make experimental
2026-09-25T15:54:01.7114010Z changes and commit them, and you can discard any commits you make in this
2026-09-25T15:54:01.7114876Z state without impacting any branches by switching back to a branch.
2026-09-25T15:54:01.7115364Z 
2026-09-25T15:54:01.7115688Z If you want to create a new branch to retain commits you create, you may
2026-09-25T15:54:01.7116467Z do so (now or later) by using -c with the switch command. Example:
2026-09-25T15:54:01.7116926Z 
2026-09-25T15:54:01.7117099Z   git switch -c <new-branch-name>
2026-09-25T15:54:01.7117422Z 
2026-09-25T15:54:01.7117586Z Or undo this operation with:
2026-09-25T15:54:01.7117862Z 
2026-09-25T15:54:01.7118008Z   git switch -
2026-09-25T15:54:01.7118210Z 
2026-09-25T15:54:01.7118586Z Turn off this advice by setting config variable advice.detachedHead to false
2026-09-25T15:54:01.7119125Z 
2026-09-25T15:54:02.0370996Z ok
2026-09-25T15:54:02.0453710Z test_head_without_preregistration_ancestry_fails (test_hust_2018_aaf_combined_feasibility.PreregistrationHistoryTests.test_head_without_preregistration_ancestry_fails) ... Note: switching to 'a87d6f83edfa0f9c7e113e6860bdc43e041ec857'.
2026-09-25T15:54:02.0454983Z 
2026-09-25T15:54:02.0455203Z You are in 'detached HEAD' state. You can look around, make experimental
2026-09-25T15:54:02.0455699Z changes and commit them, and you can discard any commits you make in this
2026-09-25T15:54:02.0456162Z state without impacting any branches by switching back to a branch.
2026-09-25T15:54:02.0456428Z 
2026-09-25T15:54:02.0456757Z If you want to create a new branch to retain commits you create, you may
2026-09-25T15:54:02.0457195Z do so (now or later) by using -c with the switch command. Example:
2026-09-25T15:54:02.0457448Z 
2026-09-25T15:54:02.0457552Z   git switch -c <new-branch-name>
2026-09-25T15:54:02.0457726Z 
2026-09-25T15:54:02.0457820Z Or undo this operation with:
2026-09-25T15:54:02.0457981Z 
2026-09-25T15:54:02.0458060Z   git switch -
2026-09-25T15:54:02.0458183Z 
2026-09-25T15:54:02.0458404Z Turn off this advice by setting config variable advice.detachedHead to false
2026-09-25T15:54:02.0458705Z 
2026-09-25T15:54:02.3838603Z ok
2026-09-25T15:54:02.3921702Z test_modify_then_restore_preregistration_history_fails (test_hust_2018_aaf_combined_feasibility.PreregistrationHistoryTests.test_modify_then_restore_preregistration_history_fails) ... Note: switching to 'a87d6f83edfa0f9c7e113e6860bdc43e041ec857'.
2026-09-25T15:54:02.3924031Z 
2026-09-25T15:54:02.3924381Z You are in 'detached HEAD' state. You can look around, make experimental
2026-09-25T15:54:02.3925267Z changes and commit them, and you can discard any commits you make in this
2026-09-25T15:54:02.3926106Z state without impacting any branches by switching back to a branch.
2026-09-25T15:54:02.3926595Z 
2026-09-25T15:54:02.3926924Z If you want to create a new branch to retain commits you create, you may
2026-09-25T15:54:02.3927695Z do so (now or later) by using -c with the switch command. Example:
2026-09-25T15:54:02.3928146Z 
2026-09-25T15:54:02.3928318Z   git switch -c <new-branch-name>
2026-09-25T15:54:02.3928622Z 
2026-09-25T15:54:02.3928784Z Or undo this operation with:
2026-09-25T15:54:02.3929072Z 
2026-09-25T15:54:02.3929211Z   git switch -
2026-09-25T15:54:02.3929409Z 
2026-09-25T15:54:02.3929778Z Turn off this advice by setting config variable advice.detachedHead to false
2026-09-25T15:54:02.3930335Z 
2026-09-25T15:54:02.7887642Z ok
2026-09-25T15:54:02.7970278Z test_original_local_freeze_object_matches_its_git_identity (test_hust_2018_aaf_combined_feasibility.PreregistrationHistoryTests.test_original_local_freeze_object_matches_its_git_identity) ... Note: switching to 'a87d6f83edfa0f9c7e113e6860bdc43e041ec857'.
2026-09-25T15:54:02.7971286Z 
2026-09-25T15:54:02.7971506Z You are in 'detached HEAD' state. You can look around, make experimental
2026-09-25T15:54:02.7971996Z changes and commit them, and you can discard any commits you make in this
2026-09-25T15:54:02.7972745Z state without impacting any branches by switching back to a branch.
2026-09-25T15:54:02.7973037Z 
2026-09-25T15:54:02.7973223Z If you want to create a new branch to retain commits you create, you may
2026-09-25T15:54:02.7973687Z do so (now or later) by using -c with the switch command. Example:
2026-09-25T15:54:02.7973942Z 
2026-09-25T15:54:02.7974052Z   git switch -c <new-branch-name>
2026-09-25T15:54:02.7974219Z 
2026-09-25T15:54:02.7974320Z Or undo this operation with:
2026-09-25T15:54:02.7974476Z 
2026-09-25T15:54:02.7974560Z   git switch -
2026-09-25T15:54:02.7974684Z 
2026-09-25T15:54:02.7974895Z Turn off this advice by setting config variable advice.detachedHead to false
2026-09-25T15:54:02.7975200Z 
2026-09-25T15:54:03.1025646Z ok
2026-09-25T15:54:03.1971153Z test_authoritative_decimal_float_and_ambient_context_boundary (test_hust_2018_aaf_combined_measurement_model.CombinedHUSTModelTests.test_authoritative_decimal_float_and_ambient_context_boundary) ... ok
2026-09-25T15:54:03.1976798Z test_canonical_variances_weights_and_covariance_match_independent_oracle (test_hust_2018_aaf_combined_measurement_model.CombinedHUSTModelTests.test_canonical_variances_weights_and_covariance_match_independent_oracle) ... ok
2026-09-25T15:54:03.1980080Z test_central_estimate_and_standard_uncertainty_match_independent_oracle (test_hust_2018_aaf_combined_measurement_model.CombinedHUSTModelTests.test_central_estimate_and_standard_uncertainty_match_independent_oracle) ... ok
2026-09-25T15:54:03.2004023Z test_component_order_changes_are_rejected (test_hust_2018_aaf_combined_measurement_model.CombinedHUSTModelTests.test_component_order_changes_are_rejected) ... ok
2026-09-25T15:54:03.2533691Z test_covariance_matrix_cannot_be_replaced_or_incompletely_serialized (test_hust_2018_aaf_combined_measurement_model.CombinedHUSTModelTests.test_covariance_matrix_cannot_be_replaced_or_incompletely_serialized) ... ok
2026-09-25T15:54:03.2539122Z test_covariance_with_undeclared_model_inputs_is_rejected (test_hust_2018_aaf_combined_measurement_model.CombinedHUSTModelTests.test_covariance_with_undeclared_model_inputs_is_rejected) ... ok
2026-09-25T15:54:03.2641558Z test_cross_item_covariance_is_forbidden (test_hust_2018_aaf_combined_measurement_model.CombinedHUSTModelTests.test_cross_item_covariance_is_forbidden) ... ok
2026-09-25T15:54:03.2760033Z test_feasibility_output_cannot_replace_an_individual_estimate (test_hust_2018_aaf_combined_measurement_model.CombinedHUSTModelTests.test_feasibility_output_cannot_replace_an_individual_estimate) ... ok
2026-09-25T15:54:05.6621002Z test_feasibility_results_and_comparisons_can_be_changed_or_deleted_without_effect (test_hust_2018_aaf_combined_measurement_model.CombinedHUSTModelTests.test_feasibility_results_and_comparisons_can_be_changed_or_deleted_without_effect) ... ok
2026-09-25T15:54:05.6760025Z test_final_published_uncertainty_cannot_replace_individual_total (test_hust_2018_aaf_combined_measurement_model.CombinedHUSTModelTests.test_final_published_uncertainty_cannot_replace_individual_total) ... ok
2026-09-25T15:54:05.7040183Z test_hust_model_revalidates_covariance_and_output_values (test_hust_2018_aaf_combined_measurement_model.CombinedHUSTModelTests.test_hust_model_revalidates_covariance_and_output_values) ... ok
2026-09-25T15:54:05.7046534Z test_known_feasibility_numbers_are_only_regression_expectations (test_hust_2018_aaf_combined_measurement_model.CombinedHUSTModelTests.test_known_feasibility_numbers_are_only_regression_expectations) ... ok
2026-09-25T15:54:05.7115465Z test_missing_duplicate_or_mismatched_component_ids_fail (test_hust_2018_aaf_combined_measurement_model.CombinedHUSTModelTests.test_missing_duplicate_or_mismatched_component_ids_fail) ... ok
2026-09-25T15:54:05.7148848Z test_model_keeps_complete_individual_central_ancestry (test_hust_2018_aaf_combined_measurement_model.CombinedHUSTModelTests.test_model_keeps_complete_individual_central_ancestry) ... ok
2026-09-25T15:54:05.7288788Z test_only_authorized_individual_fields_are_projected (test_hust_2018_aaf_combined_measurement_model.CombinedHUSTModelTests.test_only_authorized_individual_fields_are_projected) ... ok
2026-09-25T15:54:06.4693740Z test_preregistration_ancestry_and_frozen_historical_hashes (test_hust_2018_aaf_combined_measurement_model.CombinedHUSTModelTests.test_preregistration_ancestry_and_frozen_historical_hashes) ... ok
2026-09-25T15:54:06.4696470Z test_quadratic_variance_matches_independent_source_component_expression (test_hust_2018_aaf_combined_measurement_model.CombinedHUSTModelTests.test_quadratic_variance_matches_independent_source_component_expression) ... ok
2026-09-25T15:54:08.8654628Z test_terminal_publication_substitution_leaves_all_production_fields_identical (test_hust_2018_aaf_combined_measurement_model.CombinedHUSTModelTests.test_terminal_publication_substitution_leaves_all_production_fields_identical) ... ok
2026-09-25T15:54:08.9003096Z test_unrelated_or_terminal_operands_cannot_be_added_to_projection (test_hust_2018_aaf_combined_measurement_model.CombinedHUSTModelTests.test_unrelated_or_terminal_operands_cannot_be_added_to_projection) ... ok
2026-09-25T15:54:08.9006273Z test_weight_computation_uses_only_individual_total_uncertainties (test_hust_2018_aaf_combined_measurement_model.CombinedHUSTModelTests.test_weight_computation_uses_only_individual_total_uncertainties) ... ok
2026-09-25T15:54:08.9205854Z test_wrong_statistical_and_nonstatistical_correlations_fail (test_hust_2018_aaf_combined_measurement_model.CombinedHUSTModelTests.test_wrong_statistical_and_nonstatistical_correlations_fail) ... ok
2026-09-25T15:54:08.9211228Z test_anchor_metadata_is_strictly_validated (test_hust_2018_aaf_depth_2b_authorization.HUST2018AAFDepth2BAuthorizationTests.test_anchor_metadata_is_strictly_validated) ... ok
2026-09-25T15:54:08.9420861Z test_authorization_artifact_is_fresh_and_preserves_historical_bytes (test_hust_2018_aaf_depth_2b_authorization.HUST2018AAFDepth2BAuthorizationTests.test_authorization_artifact_is_fresh_and_preserves_historical_bytes) ... ok
2026-09-25T15:54:08.9429096Z test_authorization_cli_preserves_history_exit_taxonomy (test_hust_2018_aaf_depth_2b_authorization.HUST2018AAFDepth2BAuthorizationTests.test_authorization_cli_preserves_history_exit_taxonomy) ... ok
2026-09-25T15:54:08.9439238Z test_byte_identity_detector_rejects_bounded_evasions (test_hust_2018_aaf_depth_2b_authorization.HUST2018AAFDepth2BAuthorizationTests.test_byte_identity_detector_rejects_bounded_evasions) ... ok
2026-09-25T15:54:08.9567530Z test_changed_preregistration_fails_specifically_for_source_state (test_hust_2018_aaf_depth_2b_authorization.HUST2018AAFDepth2BAuthorizationTests.test_changed_preregistration_fails_specifically_for_source_state) ... Note: switching to 'a87d6f83edfa0f9c7e113e6860bdc43e041ec857'.
2026-09-25T15:54:08.9568644Z 
2026-09-25T15:54:08.9568854Z You are in 'detached HEAD' state. You can look around, make experimental
2026-09-25T15:54:08.9569348Z changes and commit them, and you can discard any commits you make in this
2026-09-25T15:54:08.9569829Z state without impacting any branches by switching back to a branch.
2026-09-25T15:54:08.9570108Z 
2026-09-25T15:54:08.9570302Z If you want to create a new branch to retain commits you create, you may
2026-09-25T15:54:08.9570748Z do so (now or later) by using -c with the switch command. Example:
2026-09-25T15:54:08.9571023Z 
2026-09-25T15:54:08.9571128Z   git switch -c <new-branch-name>
2026-09-25T15:54:08.9571309Z 
2026-09-25T15:54:08.9571409Z Or undo this operation with:
2026-09-25T15:54:08.9571574Z 
2026-09-25T15:54:08.9571657Z   git switch -
2026-09-25T15:54:08.9571783Z 
2026-09-25T15:54:08.9572007Z Turn off this advice by setting config variable advice.detachedHead to false
2026-09-25T15:54:08.9572763Z 
2026-09-25T15:54:09.1348325Z ok
2026-09-25T15:54:09.1353989Z test_clarification_nested_byte_identity_traversal_rejects_overclaim (test_hust_2018_aaf_depth_2b_authorization.HUST2018AAFDepth2BAuthorizationTests.test_clarification_nested_byte_identity_traversal_rejects_overclaim) ... ok
2026-09-25T15:54:09.1358478Z test_clarification_separates_direct_source_claims_and_derivations (test_hust_2018_aaf_depth_2b_authorization.HUST2018AAFDepth2BAuthorizationTests.test_clarification_separates_direct_source_claims_and_derivations) ... ok
2026-09-25T15:54:09.1363748Z test_combined_authorization_must_remain_false (test_hust_2018_aaf_depth_2b_authorization.HUST2018AAFDepth2BAuthorizationTests.test_combined_authorization_must_remain_false) ... ok
2026-09-25T15:54:09.1386242Z test_component_inventory_and_source_mutations_fail_closed (test_hust_2018_aaf_depth_2b_authorization.HUST2018AAFDepth2BAuthorizationTests.test_component_inventory_and_source_mutations_fail_closed) ... ok
2026-09-25T15:54:09.1389835Z test_component_table_is_an_exact_ordered_second_key (test_hust_2018_aaf_depth_2b_authorization.HUST2018AAFDepth2BAuthorizationTests.test_component_table_is_an_exact_ordered_second_key) ... ok
2026-09-25T15:54:09.1395287Z test_derivable_authorizations_depend_on_table_and_clarification (test_hust_2018_aaf_depth_2b_authorization.HUST2018AAFDepth2BAuthorizationTests.test_derivable_authorizations_depend_on_table_and_clarification) ... ok
2026-09-25T15:54:09.1399275Z test_official_nature_source_precondition_is_exactly_pinned (test_hust_2018_aaf_depth_2b_authorization.HUST2018AAFDepth2BAuthorizationTests.test_official_nature_source_precondition_is_exactly_pinned) ... ok
2026-09-25T15:54:09.1403575Z test_official_source_nonclaims_are_an_exact_ordered_second_key (test_hust_2018_aaf_depth_2b_authorization.HUST2018AAFDepth2BAuthorizationTests.test_official_source_nonclaims_are_an_exact_ordered_second_key) ... ok
2026-09-25T15:54:09.1411291Z test_printed_labels_are_exact_and_v1_field_name_fails (test_hust_2018_aaf_depth_2b_authorization.HUST2018AAFDepth2BAuthorizationTests.test_printed_labels_are_exact_and_v1_field_name_fails) ... ok
2026-09-25T15:54:09.1414951Z test_readme_reports_current_artifacts_and_exact_assessment_boundary (test_hust_2018_aaf_depth_2b_authorization.HUST2018AAFDepth2BAuthorizationTests.test_readme_reports_current_artifacts_and_exact_assessment_boundary) ... ok
2026-09-25T15:54:09.1591296Z test_real_preregistration_and_anchor_history_are_verified (test_hust_2018_aaf_depth_2b_authorization.HUST2018AAFDepth2BAuthorizationTests.test_real_preregistration_and_anchor_history_are_verified) ... ok
2026-09-25T15:54:09.1599296Z test_rss_and_rho_diagnostics_are_recomputed_at_precision_50 (test_hust_2018_aaf_depth_2b_authorization.HUST2018AAFDepth2BAuthorizationTests.test_rss_and_rho_diagnostics_are_recomputed_at_precision_50) ... ok
2026-09-25T15:54:09.3748909Z test_shallow_history_remains_unavailable (test_hust_2018_aaf_depth_2b_authorization.HUST2018AAFDepth2BAuthorizationTests.test_shallow_history_remains_unavailable) ... Note: switching to 'a87d6f83edfa0f9c7e113e6860bdc43e041ec857'.
2026-09-25T15:54:09.3749830Z 
2026-09-25T15:54:09.3750043Z You are in 'detached HEAD' state. You can look around, make experimental
2026-09-25T15:54:09.3750520Z changes and commit them, and you can discard any commits you make in this
2026-09-25T15:54:09.3750986Z state without impacting any branches by switching back to a branch.
2026-09-25T15:54:09.3751262Z 
2026-09-25T15:54:09.3751442Z If you want to create a new branch to retain commits you create, you may
2026-09-25T15:54:09.3751872Z do so (now or later) by using -c with the switch command. Example:
2026-09-25T15:54:09.3752139Z 
2026-09-25T15:54:09.3752478Z   git switch -c <new-branch-name>
2026-09-25T15:54:09.3752657Z 
2026-09-25T15:54:09.3752761Z Or undo this operation with:
2026-09-25T15:54:09.3752912Z 
2026-09-25T15:54:09.3752996Z   git switch -
2026-09-25T15:54:09.3753114Z 
2026-09-25T15:54:09.3753326Z Turn off this advice by setting config variable advice.detachedHead to false
2026-09-25T15:54:09.3753637Z 
2026-09-25T15:54:09.5461411Z ok
2026-09-25T15:54:09.5468102Z test_source_and_clarification_reject_unknown_keys (test_hust_2018_aaf_depth_2b_authorization.HUST2018AAFDepth2BAuthorizationTests.test_source_and_clarification_reject_unknown_keys) ... ok
2026-09-25T15:54:09.5473122Z test_source_bypass_and_falsified_locator_fail_closed (test_hust_2018_aaf_depth_2b_authorization.HUST2018AAFDepth2BAuthorizationTests.test_source_bypass_and_falsified_locator_fail_closed) ... ok
2026-09-25T15:54:09.5604903Z test_synthetic_squash_fails_specifically_for_ancestry (test_hust_2018_aaf_depth_2b_authorization.HUST2018AAFDepth2BAuthorizationTests.test_synthetic_squash_fails_specifically_for_ancestry) ... Note: switching to 'a87d6f83edfa0f9c7e113e6860bdc43e041ec857'.
2026-09-25T15:54:09.5606733Z 
2026-09-25T15:54:09.5607065Z You are in 'detached HEAD' state. You can look around, make experimental
2026-09-25T15:54:09.5607671Z changes and commit them, and you can discard any commits you make in this
2026-09-25T15:54:09.5608208Z state without impacting any branches by switching back to a branch.
2026-09-25T15:54:09.5608526Z 
2026-09-25T15:54:09.5608735Z If you want to create a new branch to retain commits you create, you may
2026-09-25T15:54:09.5609233Z do so (now or later) by using -c with the switch command. Example:
2026-09-25T15:54:09.5609517Z 
2026-09-25T15:54:09.5609635Z   git switch -c <new-branch-name>
2026-09-25T15:54:09.5609827Z 
2026-09-25T15:54:09.5609931Z Or undo this operation with:
2026-09-25T15:54:09.5610109Z 
2026-09-25T15:54:09.5610196Z   git switch -
2026-09-25T15:54:09.5610545Z 
2026-09-25T15:54:09.5610783Z Turn off this advice by setting config variable advice.detachedHead to false
2026-09-25T15:54:09.5611132Z 
2026-09-25T15:54:10.1177893Z ok
2026-09-25T15:54:10.1195019Z test_terminal_comparison_values_do_not_drive_derivations (test_hust_2018_aaf_depth_2b_authorization.HUST2018AAFDepth2BAuthorizationTests.test_terminal_comparison_values_do_not_drive_derivations) ... ok
2026-09-25T15:54:10.1201218Z test_v1_to_v2_numerical_projection_is_identical (test_hust_2018_aaf_depth_2b_authorization.HUST2018AAFDepth2BAuthorizationTests.test_v1_to_v2_numerical_projection_is_identical) ... ok
2026-09-25T15:54:10.1285288Z test_component_ancestry_contributes_to_metrological_evidence_axis (test_hust_2018_aaf_depth_2b_bridge_closure.HUST2018AAFDepth2BBridgeClosureTests.test_component_ancestry_contributes_to_metrological_evidence_axis) ... ok
2026-09-25T15:54:10.1288409Z test_all_preregistered_individual_feasibility_requirements_are_satisfied (test_hust_2018_aaf_depth_2b_feasibility.HUST2018AAFDepth2BFeasibilityTests.test_all_preregistered_individual_feasibility_requirements_are_satisfied) ... ok
2026-09-25T15:54:10.1291510Z test_decision_and_scope_match_frozen_feasibility_question (test_hust_2018_aaf_depth_2b_feasibility.HUST2018AAFDepth2BFeasibilityTests.test_decision_and_scope_match_frozen_feasibility_question) ... ok
2026-09-25T15:54:10.1294393Z test_go_does_not_promote_combined_or_deeper_claims (test_hust_2018_aaf_depth_2b_feasibility.HUST2018AAFDepth2BFeasibilityTests.test_go_does_not_promote_combined_or_deeper_claims) ... ok
2026-09-25T15:54:10.1297179Z test_individual_totals_are_reconstructed_without_using_reported_totals (test_hust_2018_aaf_depth_2b_feasibility.HUST2018AAFDepth2BFeasibilityTests.test_individual_totals_are_reconstructed_without_using_reported_totals) ... ok
2026-09-25T15:54:10.1299815Z test_main_article_provenance_is_candid (test_hust_2018_aaf_depth_2b_feasibility.HUST2018AAFDepth2BFeasibilityTests.test_main_article_provenance_is_candid) ... ok
2026-09-25T15:54:10.1302689Z test_supplement_source_and_covariance_rule_are_bound_to_existing_capture (test_hust_2018_aaf_depth_2b_feasibility.HUST2018AAFDepth2BFeasibilityTests.test_supplement_source_and_covariance_rule_are_bound_to_existing_capture) ... ok
2026-09-25T15:54:10.1305522Z test_table1_component_table_is_exactly_second_keyed (test_hust_2018_aaf_depth_2b_feasibility.HUST2018AAFDepth2BFeasibilityTests.test_table1_component_table_is_exactly_second_keyed) ... ok
2026-09-25T15:54:10.1651563Z test_all_three_scopes_are_uncertainty_qualified_depth_2b_models (test_hust_2018_aaf_depth_2b_measurement_models.HUST2018AAFDepth2BMeasurementModelTests.test_all_three_scopes_are_uncertainty_qualified_depth_2b_models) ... ok
2026-09-25T15:54:10.1916929Z test_arithmetic_mutations_fail_closed_for_the_intended_reason (test_hust_2018_aaf_depth_2b_measurement_models.HUST2018AAFDepth2BMeasurementModelTests.test_arithmetic_mutations_fail_closed_for_the_intended_reason) ... ok
2026-09-25T15:54:10.2670254Z test_artifact_is_deterministic_and_contains_no_combined_output (test_hust_2018_aaf_depth_2b_measurement_models.HUST2018AAFDepth2BMeasurementModelTests.test_artifact_is_deterministic_and_contains_no_combined_output) ... ok
2026-09-25T15:54:10.2894433Z test_combined_scope_is_not_constructible (test_hust_2018_aaf_depth_2b_measurement_models.HUST2018AAFDepth2BMeasurementModelTests.test_combined_scope_is_not_constructible) ... ok
2026-09-25T15:54:10.3056961Z test_component_inventory_mutations_fail_closed (test_hust_2018_aaf_depth_2b_measurement_models.HUST2018AAFDepth2BMeasurementModelTests.test_component_inventory_mutations_fail_closed) ... ok
2026-09-25T15:54:10.3306477Z test_component_records_are_exactly_source_bound_in_frozen_order (test_hust_2018_aaf_depth_2b_measurement_models.HUST2018AAFDepth2BMeasurementModelTests.test_component_records_are_exactly_source_bound_in_frozen_order) ... ok
2026-09-25T15:54:10.3503725Z test_component_semantic_mutations_fail_closed (test_hust_2018_aaf_depth_2b_measurement_models.HUST2018AAFDepth2BMeasurementModelTests.test_component_semantic_mutations_fail_closed) ... ok
2026-09-25T15:54:10.3633362Z test_displayed_total_is_not_an_uncertainty_input (test_hust_2018_aaf_depth_2b_measurement_models.HUST2018AAFDepth2BMeasurementModelTests.test_displayed_total_is_not_an_uncertainty_input) ... ok
2026-09-25T15:54:10.3717608Z test_external_comparisons_cannot_become_uncertainty_components (test_hust_2018_aaf_depth_2b_measurement_models.HUST2018AAFDepth2BMeasurementModelTests.test_external_comparisons_cannot_become_uncertainty_components) ... ok
2026-09-25T15:54:10.3725608Z test_model_cli_preserves_history_exit_taxonomy (test_hust_2018_aaf_depth_2b_measurement_models.HUST2018AAFDepth2BMeasurementModelTests.test_model_cli_preserves_history_exit_taxonomy) ... ok
2026-09-25T15:54:10.3847698Z test_official_source_bypass_and_independence_overclaim_fail_closed (test_hust_2018_aaf_depth_2b_measurement_models.HUST2018AAFDepth2BMeasurementModelTests.test_official_source_bypass_and_independence_overclaim_fail_closed) ... ok
2026-09-25T15:54:10.4096095Z test_precision_50_rss_and_absolute_uncertainty_are_exact (test_hust_2018_aaf_depth_2b_measurement_models.HUST2018AAFDepth2BMeasurementModelTests.test_precision_50_rss_and_absolute_uncertainty_are_exact) ... ok
2026-09-25T15:54:10.4225565Z test_published_final_uncertainty_is_not_an_uncertainty_input (test_hust_2018_aaf_depth_2b_measurement_models.HUST2018AAFDepth2BMeasurementModelTests.test_published_final_uncertainty_is_not_an_uncertainty_input) ... ok
2026-09-25T15:54:10.4353811Z test_published_final_value_is_not_a_reconstruction_input (test_hust_2018_aaf_depth_2b_measurement_models.HUST2018AAFDepth2BMeasurementModelTests.test_published_final_value_is_not_a_reconstruction_input) ... ok
2026-09-25T15:54:10.5051322Z test_v1_and_v2_numerical_model_projections_are_identical (test_hust_2018_aaf_depth_2b_measurement_models.HUST2018AAFDepth2BMeasurementModelTests.test_v1_and_v2_numerical_model_projections_are_identical) ... ok
2026-09-25T15:54:12.2008167Z test_all_four_post_audit_v2_hashes_are_live_and_exact (test_hust_2018_aaf_depth_2b_mutations.HUST2018AAFDepth2BMutationTests.test_all_four_post_audit_v2_hashes_are_live_and_exact) ... ok
2026-09-25T15:54:12.2011608Z test_committed_mutation_artifact_is_fresh (test_hust_2018_aaf_depth_2b_mutations.HUST2018AAFDepth2BMutationTests.test_committed_mutation_artifact_is_fresh) ... ok
2026-09-25T15:54:12.7814157Z test_cosmetic_source_mutant_receives_no_kill_credit (test_hust_2018_aaf_depth_2b_mutations.HUST2018AAFDepth2BMutationTests.test_cosmetic_source_mutant_receives_no_kill_credit) ... ok
2026-09-25T15:54:12.7815477Z test_every_scored_behavioral_mutation_is_killed (test_hust_2018_aaf_depth_2b_mutations.HUST2018AAFDepth2BMutationTests.test_every_scored_behavioral_mutation_is_killed) ... ok
2026-09-25T15:54:12.7972653Z test_invalid_source_mutant_cannot_enter_scored_artifact (test_hust_2018_aaf_depth_2b_mutations.HUST2018AAFDepth2BMutationTests.test_invalid_source_mutant_cannot_enter_scored_artifact) ... ok
2026-09-25T15:54:12.7974541Z test_nonbehavioral_sentinels_are_explicitly_excluded_from_scoring (test_hust_2018_aaf_depth_2b_mutations.HUST2018AAFDepth2BMutationTests.test_nonbehavioral_sentinels_are_explicitly_excluded_from_scoring) ... ok
2026-09-25T15:54:13.1939230Z test_syntax_and_discovery_failures_receive_no_kill_credit (test_hust_2018_aaf_depth_2b_mutations.HUST2018AAFDepth2BMutationTests.test_syntax_and_discovery_failures_receive_no_kill_credit) ... ok
2026-09-25T15:54:13.1941384Z test_terminal_cases_are_valid_isolated_source_path_mutants (test_hust_2018_aaf_depth_2b_mutations.HUST2018AAFDepth2BMutationTests.test_terminal_cases_are_valid_isolated_source_path_mutants) ... ok
2026-09-25T15:54:13.1959344Z test_unapplied_or_ambiguous_source_mutants_are_invalid_not_killed (test_hust_2018_aaf_depth_2b_mutations.HUST2018AAFDepth2BMutationTests.test_unapplied_or_ambiguous_source_mutants_are_invalid_not_killed) ... ok
2026-09-25T15:54:13.1962002Z test_v2_hash_mismatch_fails_before_behavioral_scoring (test_hust_2018_aaf_depth_2b_mutations.HUST2018AAFDepth2BMutationTests.test_v2_hash_mismatch_fails_before_behavioral_scoring) ... ok
2026-09-25T15:54:13.1964831Z test_v3_revision_names_frozen_v2_predecessor (test_hust_2018_aaf_depth_2b_mutations.HUST2018AAFDepth2BMutationTests.test_v3_revision_names_frozen_v2_predecessor) ... ok
2026-09-25T15:54:13.1971085Z test_wrong_import_path_is_rejected (test_hust_2018_aaf_depth_2b_mutations.HUST2018AAFDepth2BMutationTests.test_wrong_import_path_is_rejected) ... ok
2026-09-25T15:54:13.1977232Z test_attestation_bytes_are_pinned (test_hust_2018_aaf_human_attestation.HUST2018AAFHumanAttestationTests.test_attestation_bytes_are_pinned) ... ok
2026-09-25T15:54:13.1981967Z test_attestation_does_not_promote_uncertainty_or_combined_estimator (test_hust_2018_aaf_human_attestation.HUST2018AAFHumanAttestationTests.test_attestation_does_not_promote_uncertainty_or_combined_estimator) ... ok
2026-09-25T15:54:13.1987520Z test_attestation_is_bound_to_captured_pdf_without_claiming_portable_hash_identity (test_hust_2018_aaf_human_attestation.HUST2018AAFHumanAttestationTests.test_attestation_is_bound_to_captured_pdf_without_claiming_portable_hash_identity) ... ok
2026-09-25T15:54:13.1990946Z test_attestation_is_explicitly_nonpromotional (test_hust_2018_aaf_human_attestation.HUST2018AAFHumanAttestationTests.test_attestation_is_explicitly_nonpromotional) ... ok
2026-09-25T15:54:13.1996067Z test_attestation_records_prior_disclosure_and_no_blind_claim (test_hust_2018_aaf_human_attestation.HUST2018AAFHumanAttestationTests.test_attestation_records_prior_disclosure_and_no_blind_claim) ... ok
2026-09-25T15:54:13.2000388Z test_overlapping_semantic_review_claims_remain_consistent (test_hust_2018_aaf_human_attestation.HUST2018AAFHumanAttestationTests.test_overlapping_semantic_review_claims_remain_consistent) ... ok
2026-09-25T15:54:13.2005378Z test_semantic_boundary_and_damper_operator_match_frozen_source_graph (test_hust_2018_aaf_human_attestation.HUST2018AAFHumanAttestationTests.test_semantic_boundary_and_damper_operator_match_frozen_source_graph) ... ok
2026-09-25T15:54:13.2009930Z test_table3_values_and_prompted_units_match_frozen_source_graph (test_hust_2018_aaf_human_attestation.HUST2018AAFHumanAttestationTests.test_table3_values_and_prompted_units_match_frozen_source_graph) ... ok
2026-09-25T15:54:13.2014927Z test_all_direct_input_locators_match_reviewed_transcription (test_hust_2018_aaf_locator_policy.Hust2018AafLocatorPolicyTests.test_all_direct_input_locators_match_reviewed_transcription) ... ok
2026-09-25T15:54:13.2019443Z test_wrong_aaf_column_locator_fails_closed (test_hust_2018_aaf_locator_policy.Hust2018AafLocatorPolicyTests.test_wrong_aaf_column_locator_fails_closed) ... ok
2026-09-25T15:54:13.2186536Z test_all_three_scopes_build_as_empirical_depth_2a_models (test_hust_2018_aaf_measurement_models.HUST2018AAFMeasurementModelTests.test_all_three_scopes_build_as_empirical_depth_2a_models) ... ok
2026-09-25T15:54:13.2381427Z test_artifact_is_three_individual_empirical_records_without_combined_output (test_hust_2018_aaf_measurement_models.HUST2018AAFMeasurementModelTests.test_artifact_is_three_individual_empirical_records_without_combined_output) ... ok
2026-09-25T15:54:13.2804013Z test_artifact_serialization_is_deterministic (test_hust_2018_aaf_measurement_models.HUST2018AAFMeasurementModelTests.test_artifact_serialization_is_deterministic) ... ok
2026-09-25T15:54:13.2808904Z test_combined_authorization_boundary_must_remain_false (test_hust_2018_aaf_measurement_models.HUST2018AAFMeasurementModelTests.test_combined_authorization_boundary_must_remain_false) ... ok
2026-09-25T15:54:13.2825408Z test_combined_scope_is_not_constructible (test_hust_2018_aaf_measurement_models.HUST2018AAFMeasurementModelTests.test_combined_scope_is_not_constructible) ... ok
2026-09-25T15:54:13.2878394Z test_cross_scope_estimator_ancestry_is_rejected (test_hust_2018_aaf_measurement_models.HUST2018AAFMeasurementModelTests.test_cross_scope_estimator_ancestry_is_rejected) ... ok
2026-09-25T15:54:13.2915433Z test_external_published_G_cannot_become_an_estimator_input (test_hust_2018_aaf_measurement_models.HUST2018AAFMeasurementModelTests.test_external_published_G_cannot_become_an_estimator_input) ... ok
2026-09-25T15:54:13.2925205Z test_magnetic_damper_operator_and_direction_are_load_bearing (test_hust_2018_aaf_measurement_models.HUST2018AAFMeasurementModelTests.test_magnetic_damper_operator_and_direction_are_load_bearing) ... ok
2026-09-25T15:54:13.2980632Z test_preregistered_arithmetic_is_load_bearing (test_hust_2018_aaf_measurement_models.HUST2018AAFMeasurementModelTests.test_preregistered_arithmetic_is_load_bearing) ... ok
2026-09-25T15:54:13.2983145Z test_preregistration_is_byte_pinned (test_hust_2018_aaf_measurement_models.HUST2018AAFMeasurementModelTests.test_preregistration_is_byte_pinned) ... ok
2026-09-25T15:54:13.3027562Z test_published_G_changes_do_not_change_reconstructed_G (test_hust_2018_aaf_measurement_models.HUST2018AAFMeasurementModelTests.test_published_G_changes_do_not_change_reconstructed_G) ... ok
2026-09-25T15:54:13.3052136Z test_scope_authorization_is_individual_and_fail_closed (test_hust_2018_aaf_measurement_models.HUST2018AAFMeasurementModelTests.test_scope_authorization_is_individual_and_fail_closed) ... ok
2026-09-25T15:54:13.3125045Z test_target_uncertainty_and_exactness_are_forbidden_at_depth_2a (test_hust_2018_aaf_measurement_models.HUST2018AAFMeasurementModelTests.test_target_uncertainty_and_exactness_are_forbidden_at_depth_2a) ... ok
2026-09-25T15:54:13.3406937Z test_all_three_preregistered_controls_pass (test_hust_2018_aaf_rounding_consistency.HUSTRoundingTests.test_all_three_preregistered_controls_pass) ... ok
2026-09-25T15:54:17.8407236Z test_check_is_read_only_and_rejects_a_stale_artifact (test_hust_2018_aaf_rounding_consistency.HUSTRoundingTests.test_check_is_read_only_and_rejects_a_stale_artifact) ... ok
2026-09-25T15:54:17.8652001Z test_combined_and_feasibility_artifacts_are_not_calculator_inputs (test_hust_2018_aaf_rounding_consistency.HUSTRoundingTests.test_combined_and_feasibility_artifacts_are_not_calculator_inputs) ... ok
2026-09-25T15:54:17.8658577Z test_correlation_and_inventory_are_source_bound (test_hust_2018_aaf_rounding_consistency.HUSTRoundingTests.test_correlation_and_inventory_are_source_bound) ... ok
2026-09-25T15:54:20.8331024Z test_default_artifact_is_conditional_and_target_changes_only_comparison (test_hust_2018_aaf_rounding_consistency.HUSTRoundingTests.test_default_artifact_is_conditional_and_target_changes_only_comparison) ... ok
2026-09-25T15:54:20.8333937Z test_duplicate_json_and_float_scalars_are_rejected (test_hust_2018_aaf_rounding_consistency.HUSTRoundingTests.test_duplicate_json_and_float_scalars_are_rejected) ... ok
2026-09-25T15:54:20.8336329Z test_fifteen_candidate_parameters_are_taken_from_frozen_schedule (test_hust_2018_aaf_rounding_consistency.HUSTRoundingTests.test_fifteen_candidate_parameters_are_taken_from_frozen_schedule) ... ok
2026-09-25T15:54:20.8357297Z test_historical_files_and_specification_remain_frozen (test_hust_2018_aaf_rounding_consistency.HUSTRoundingTests.test_historical_files_and_specification_remain_frozen) ... ok
2026-09-25T15:54:20.8603453Z test_hust_points_match_independent_covariance_oracle (test_hust_2018_aaf_rounding_consistency.HUSTRoundingTests.test_hust_points_match_independent_covariance_oracle) ... ok
2026-09-25T15:54:20.8615288Z test_midpoint_display_contains_the_frozen_measurement_reference (test_hust_2018_aaf_rounding_consistency.HUSTRoundingTests.test_midpoint_display_contains_the_frozen_measurement_reference) ... ok
2026-09-25T15:54:20.8646078Z test_mutating_source_bytes_fails_closed (test_hust_2018_aaf_rounding_consistency.HUSTRoundingTests.test_mutating_source_bytes_fails_closed) ... ok
2026-09-25T15:54:20.8654730Z test_preregistered_policy_cannot_be_amended_in_place (test_hust_2018_aaf_rounding_consistency.HUSTRoundingTests.test_preregistered_policy_cannot_be_amended_in_place) ... ok
2026-09-25T15:54:20.8804400Z test_print_precision_unit_role_and_missing_cells_fail (test_hust_2018_aaf_rounding_consistency.HUSTRoundingTests.test_print_precision_unit_role_and_missing_cells_fail) ... ok
2026-09-25T15:54:22.3153284Z test_real_preregistration_chronology_and_public_anchor (test_hust_2018_aaf_rounding_consistency.HUSTRoundingTests.test_real_preregistration_chronology_and_public_anchor) ... ok
2026-09-25T15:54:22.3160233Z test_sixty_three_bins_use_the_preregistered_half_width (test_hust_2018_aaf_rounding_consistency.HUSTRoundingTests.test_sixty_three_bins_use_the_preregistered_half_width) ... ok
2026-09-25T15:54:22.3210396Z test_source_snapshot_rejects_uncommitted_source_bytes (test_hust_2018_aaf_rounding_consistency.HUSTRoundingTests.test_source_snapshot_rejects_uncommitted_source_bytes) ... ok
2026-09-25T15:54:22.3859378Z test_target_cannot_change_bins_or_candidate_calculations (test_hust_2018_aaf_rounding_consistency.HUSTRoundingTests.test_target_cannot_change_bins_or_candidate_calculations) ... ok
2026-09-25T15:54:22.3889570Z test_terminal_fields_can_be_removed_from_upstream_projection (test_hust_2018_aaf_rounding_consistency.HUSTRoundingTests.test_terminal_fields_can_be_removed_from_upstream_projection) ... ok
2026-09-25T15:54:22.3917049Z test_verdict_is_supported_without_requiring_hust_agreement (test_hust_2018_aaf_rounding_consistency.HUSTRoundingTests.test_verdict_is_supported_without_requiring_hust_agreement) ... ok
2026-09-25T15:54:22.3931551Z test_all_contaminated_experiments_downgrade_to_partial (test_hust_2018_aaf_source_audit.Hust2018AafSourceAuditTests.test_all_contaminated_experiments_downgrade_to_partial) ... ok
2026-09-25T15:54:22.3935569Z test_cross_experiment_parent_is_rejected (test_hust_2018_aaf_source_audit.Hust2018AafSourceAuditTests.test_cross_experiment_parent_is_rejected) ... ok
2026-09-25T15:54:22.3941441Z test_depth_2b_is_blocked_by_incomplete_uncertainty_models (test_hust_2018_aaf_source_audit.Hust2018AafSourceAuditTests.test_depth_2b_is_blocked_by_incomplete_uncertainty_models) ... ok
2026-09-25T15:54:22.3947282Z test_exact_decimal_reconstructions_use_only_upstream_inputs (test_hust_2018_aaf_source_audit.Hust2018AafSourceAuditTests.test_exact_decimal_reconstructions_use_only_upstream_inputs) ... ok
2026-09-25T15:54:22.3949328Z test_html_fallback_cannot_be_promoted_to_retrieved_source (test_hust_2018_aaf_source_audit.Hust2018AafSourceAuditTests.test_html_fallback_cannot_be_promoted_to_retrieved_source) ... ok
2026-09-25T15:54:22.3951202Z test_machine_readable_uncertainties_match_printed_notation (test_hust_2018_aaf_source_audit.Hust2018AafSourceAuditTests.test_machine_readable_uncertainties_match_printed_notation) ... ok
2026-09-25T15:54:22.3954671Z test_magnetic_damper_sign_and_operator_are_pinned (test_hust_2018_aaf_source_audit.Hust2018AafSourceAuditTests.test_magnetic_damper_sign_and_operator_are_pinned) ... ok
2026-09-25T15:54:22.3967208Z test_manifest_builder_matches_prose_decision (test_hust_2018_aaf_source_audit.Hust2018AafSourceAuditTests.test_manifest_builder_matches_prose_decision) ... ok
2026-09-25T15:54:22.3970967Z test_missing_required_estimator_node_is_rejected (test_hust_2018_aaf_source_audit.Hust2018AafSourceAuditTests.test_missing_required_estimator_node_is_rejected) ... ok
2026-09-25T15:54:22.3972618Z test_missing_required_source_is_rejected (test_hust_2018_aaf_source_audit.Hust2018AafSourceAuditTests.test_missing_required_source_is_rejected) ... ok
2026-09-25T15:54:22.3975619Z test_missing_result_driving_locator_is_rejected (test_hust_2018_aaf_source_audit.Hust2018AafSourceAuditTests.test_missing_result_driving_locator_is_rejected) ... ok
2026-09-25T15:54:22.3978514Z test_numeric_scope_mix_is_rejected_by_transcription_guard (test_hust_2018_aaf_source_audit.Hust2018AafSourceAuditTests.test_numeric_scope_mix_is_rejected_by_transcription_guard) ... ok
2026-09-25T15:54:22.3986269Z test_one_contaminated_experiment_does_not_overstate_global_downgrade (test_hust_2018_aaf_source_audit.Hust2018AafSourceAuditTests.test_one_contaminated_experiment_does_not_overstate_global_downgrade) ... ok
2026-09-25T15:54:22.3988170Z test_post_audit_clarification_is_byte_pinned (test_hust_2018_aaf_source_audit.Hust2018AafSourceAuditTests.test_post_audit_clarification_is_byte_pinned) ... ok
2026-09-25T15:54:22.3989529Z test_preregistration_is_byte_pinned (test_hust_2018_aaf_source_audit.Hust2018AafSourceAuditTests.test_preregistration_is_byte_pinned) ... ok
2026-09-25T15:54:22.3994583Z test_public_summary_inputs_authorize_go_depth_2a (test_hust_2018_aaf_source_audit.Hust2018AafSourceAuditTests.test_public_summary_inputs_authorize_go_depth_2a) ... ok
2026-09-25T15:54:22.3996565Z test_published_g_is_terminal_comparison_not_graph_input (test_hust_2018_aaf_source_audit.Hust2018AafSourceAuditTests.test_published_g_is_terminal_comparison_not_graph_input) ... ok
2026-09-25T15:54:22.4003886Z test_request_only_result_driving_inputs_refuse_go (test_hust_2018_aaf_source_audit.Hust2018AafSourceAuditTests.test_request_only_result_driving_inputs_refuse_go) ... ok
2026-09-25T15:54:22.4005596Z test_required_input_graph_is_valid (test_hust_2018_aaf_source_audit.Hust2018AafSourceAuditTests.test_required_input_graph_is_valid) ... ok
2026-09-25T15:54:22.4006868Z test_reviewed_source_capture_is_fail_closed (test_hust_2018_aaf_source_audit.Hust2018AafSourceAuditTests.test_reviewed_source_capture_is_fail_closed) ... ok
2026-09-25T15:54:22.4008513Z test_semantic_source_review_is_byte_pinned_and_complete (test_hust_2018_aaf_source_audit.Hust2018AafSourceAuditTests.test_semantic_source_review_is_byte_pinned_and_complete) ... ok
2026-09-25T15:54:22.4034650Z test_serialization_is_deterministic (test_hust_2018_aaf_source_audit.Hust2018AafSourceAuditTests.test_serialization_is_deterministic) ... ok
2026-09-25T15:54:22.4036162Z test_source_hash_mutation_is_rejected (test_hust_2018_aaf_source_audit.Hust2018AafSourceAuditTests.test_source_hash_mutation_is_rejected) ... ok
2026-09-25T15:54:22.4039258Z test_source_scope_token_mix_is_rejected (test_hust_2018_aaf_source_audit.Hust2018AafSourceAuditTests.test_source_scope_token_mix_is_rejected) ... ok
2026-09-25T15:54:22.4047204Z test_transitive_target_derived_parent_of_parent_refuses_go (test_hust_2018_aaf_source_audit.Hust2018AafSourceAuditTests.test_transitive_target_derived_parent_of_parent_refuses_go) ... ok
2026-09-25T15:54:22.4085284Z test_default_precision_28_is_not_the_comparison_contract (test_hust_decimal_hygiene.HUSTDecimalHygieneTests.test_default_precision_28_is_not_the_comparison_contract) ... ok
2026-09-25T15:54:22.4191816Z test_terminal_comparison_delta_uses_declared_precision_50 (test_hust_decimal_hygiene.HUSTDecimalHygieneTests.test_terminal_comparison_delta_uses_declared_precision_50) ... ok
2026-09-25T15:54:22.4197881Z test_every_member_has_beta_plus_gamma_two (test_inverse_square_search.InverseSquareSearchTests.test_every_member_has_beta_plus_gamma_two) ... ok
2026-09-25T15:54:22.4215016Z test_serialization_is_byte_deterministic_and_exact (test_inverse_square_search.InverseSquareSearchTests.test_serialization_is_byte_deterministic_and_exact) ... ok
2026-09-25T15:54:22.4220333Z test_source_mass_linearity_selects_same_tuple (test_inverse_square_search.InverseSquareSearchTests.test_source_mass_linearity_selects_same_tuple) ... ok
2026-09-25T15:54:22.4226904Z test_test_mass_linearity_selects_unique_newtonian_tuple (test_inverse_square_search.InverseSquareSearchTests.test_test_mass_linearity_selects_unique_newtonian_tuple) ... ok
2026-09-25T15:54:22.4237206Z test_unconstrained_family_has_one_mass_ratio_direction (test_inverse_square_search.InverseSquareSearchTests.test_unconstrained_family_has_one_mass_ratio_direction) ... ok
2026-09-25T15:54:22.4239104Z test_contradictory_constraints_are_reported (test_monomial_constraints.MonomialConstraintTests.test_contradictory_constraints_are_reported) ... ok
2026-09-25T15:54:22.4240982Z test_duplicate_factor_keys_are_rejected (test_monomial_constraints.MonomialConstraintTests.test_duplicate_factor_keys_are_rejected) ... ok
2026-09-25T15:54:22.4242946Z test_exact_reduced_row_echelon_form (test_monomial_constraints.MonomialConstraintTests.test_exact_reduced_row_echelon_form) ... ok
2026-09-25T15:54:22.4244809Z test_floating_point_coefficients_are_rejected (test_monomial_constraints.MonomialConstraintTests.test_floating_point_coefficients_are_rejected) ... ok
2026-09-25T15:54:22.4246311Z test_inconsistent_vector_lengths_are_rejected (test_monomial_constraints.MonomialConstraintTests.test_inconsistent_vector_lengths_are_rejected) ... ok
2026-09-25T15:54:23.2501742Z test_calibration_mutants_use_real_isolated_path_and_classify_correctly (test_mutation_harness.MutationHarnessIntegrationTests.test_calibration_mutants_use_real_isolated_path_and_classify_correctly) ... ok
2026-09-25T15:54:23.4529425Z test_invalid_mutant_cleans_up_and_preserves_canonical_state (test_mutation_harness.MutationHarnessIntegrationTests.test_invalid_mutant_cleans_up_and_preserves_canonical_state) ... ok
2026-09-25T15:54:23.4547000Z test_apply_mutation_refuses_canonical_checkout (test_mutation_harness.MutationHarnessUnitTests.test_apply_mutation_refuses_canonical_checkout) ... ok
2026-09-25T15:54:23.4570004Z test_calibration_status_is_rederived_from_records (test_mutation_harness.MutationHarnessUnitTests.test_calibration_status_is_rederived_from_records) ... ok
2026-09-25T15:54:23.4670161Z test_canonical_safety_invariants_are_rederived_from_records (test_mutation_harness.MutationHarnessUnitTests.test_canonical_safety_invariants_are_rederived_from_records) ... ok
2026-09-25T15:54:23.4671635Z test_classification_distinguishes_killed_survived_invalid (test_mutation_harness.MutationHarnessUnitTests.test_classification_distinguishes_killed_survived_invalid) ... ok
2026-09-25T15:54:23.4686824Z test_clean_committed_methodological_claims_are_canonical (test_mutation_harness.MutationHarnessUnitTests.test_clean_committed_methodological_claims_are_canonical) ... ok
2026-09-25T15:54:23.4769780Z test_committed_record_tampering_is_rejected (test_mutation_harness.MutationHarnessUnitTests.test_committed_record_tampering_is_rejected) ... ok
2026-09-25T15:54:23.4771134Z test_direct_budget_behavioral_mutants_are_registered (test_mutation_harness.MutationHarnessUnitTests.test_direct_budget_behavioral_mutants_are_registered) ... ok
2026-09-25T15:54:23.4773184Z test_ephemeral_paths_are_removed_from_diagnostics (test_mutation_harness.MutationHarnessUnitTests.test_ephemeral_paths_are_removed_from_diagnostics) ... ok
2026-09-25T15:54:23.4775946Z test_import_path_validation_rejects_external_project_copy (test_mutation_harness.MutationHarnessUnitTests.test_import_path_validation_rejects_external_project_copy) ... ok
2026-09-25T15:54:23.4777143Z test_physical_bridge_schema_is_source_attested (test_mutation_harness.MutationHarnessUnitTests.test_physical_bridge_schema_is_source_attested) ... ok
2026-09-25T15:54:23.4828870Z test_pinned_methodological_claims_reject_rehashed_edits (test_mutation_harness.MutationHarnessUnitTests.test_pinned_methodological_claims_reject_rehashed_edits) ... ok
2026-09-25T15:54:23.5381929Z test_rehashed_source_bump_cannot_reuse_old_record_anchors (test_mutation_harness.MutationHarnessUnitTests.test_rehashed_source_bump_cannot_reuse_old_record_anchors) ... ok
2026-09-25T15:54:23.5386670Z test_result_integrity_rejects_hash_and_seed_mismatch (test_mutation_harness.MutationHarnessUnitTests.test_result_integrity_rejects_hash_and_seed_mismatch) ... ok
2026-09-25T15:54:23.5394403Z test_retired_artifact_hash_check_rejects_changed_bytes (test_mutation_harness.MutationHarnessUnitTests.test_retired_artifact_hash_check_rejects_changed_bytes) ... ok
2026-09-25T15:54:23.5418479Z test_retired_mutation_artifacts_are_hash_pinned (test_mutation_harness.MutationHarnessUnitTests.test_retired_mutation_artifacts_are_hash_pinned) ... ok
2026-09-25T15:54:23.5439377Z test_serialized_expected_calibration_is_checked_against_catalog (test_mutation_harness.MutationHarnessUnitTests.test_serialized_expected_calibration_is_checked_against_catalog) ... ok
2026-09-25T15:54:23.5995192Z test_source_blob_snapshot_is_bound_and_verified (test_mutation_harness.MutationHarnessUnitTests.test_source_blob_snapshot_is_bound_and_verified) ... ok
2026-09-25T15:54:23.6008456Z test_source_commit_is_bound_into_records_hash (test_mutation_harness.MutationHarnessUnitTests.test_source_commit_is_bound_into_records_hash) ... ok
2026-09-25T15:54:23.6010025Z test_assertion_failure_and_survival (test_newman_2014_multiresolution_mutations.NewmanMultiResolutionMutationTests.test_assertion_failure_and_survival) ... ok
2026-09-25T15:54:23.6041746Z test_controls_are_distinct_and_equivalent_change_is_executable (test_newman_2014_multiresolution_mutations.NewmanMultiResolutionMutationTests.test_controls_are_distinct_and_equivalent_change_is_executable) ... ok
2026-09-25T15:54:23.6044285Z test_duplicate_calibration_definition_is_rejected (test_newman_2014_multiresolution_mutations.NewmanMultiResolutionMutationTests.test_duplicate_calibration_definition_is_rejected) ... ok
2026-09-25T15:54:23.6048394Z test_envelope_derives_counts_and_validity (test_newman_2014_multiresolution_mutations.NewmanMultiResolutionMutationTests.test_envelope_derives_counts_and_validity) ... ok
2026-09-25T15:54:23.6051128Z test_invalid_infrastructure_never_counts_as_kill (test_newman_2014_multiresolution_mutations.NewmanMultiResolutionMutationTests.test_invalid_infrastructure_never_counts_as_kill) ... ok
2026-09-25T15:54:24.9689437Z test_committed_artifact_matches_rebuild (test_newman_2014_multiresolution_rounding_consistency.NewmanMultiResolutionArtifactTests.test_committed_artifact_matches_rebuild) ... ok
2026-09-25T15:54:24.9691996Z test_e001_inventory_isolation (test_newman_2014_multiresolution_rounding_consistency.NewmanMultiResolutionArtifactTests.test_e001_inventory_isolation) ... ok
2026-09-25T15:54:24.9698865Z test_frozen_terminal_projection (test_newman_2014_multiresolution_rounding_consistency.NewmanMultiResolutionArtifactTests.test_frozen_terminal_projection) ... ok
2026-09-25T15:54:26.4502779Z test_candidate_api_excludes_terminal_inputs (test_newman_2014_multiresolution_rounding_consistency.NewmanMultiResolutionBehaviorTests.test_candidate_api_excludes_terminal_inputs) ... ok
2026-09-25T15:54:27.2064322Z test_central_value_cannot_affect_truth (test_newman_2014_multiresolution_rounding_consistency.NewmanMultiResolutionBehaviorTests.test_central_value_cannot_affect_truth) ... ok
2026-09-25T15:54:27.2066978Z test_component_box_disjoint_from_joint_terminal (test_newman_2014_multiresolution_rounding_consistency.NewmanMultiResolutionBehaviorTests.test_component_box_disjoint_from_joint_terminal) ... ok
2026-09-25T15:54:27.9680181Z test_component_half_width_parameter_controls_domain (test_newman_2014_multiresolution_rounding_consistency.NewmanMultiResolutionBehaviorTests.test_component_half_width_parameter_controls_domain) ... ok
2026-09-25T15:54:27.9683721Z test_degenerate_joint_interval_is_unresolved (test_newman_2014_multiresolution_rounding_consistency.NewmanMultiResolutionBehaviorTests.test_degenerate_joint_interval_is_unresolved) ... ok
2026-09-25T15:54:27.9686626Z test_disjoint_terminal_constraints_are_incompatible (test_newman_2014_multiresolution_rounding_consistency.NewmanMultiResolutionBehaviorTests.test_disjoint_terminal_constraints_are_incompatible) ... ok
2026-09-25T15:54:27.9689586Z test_exact_joint_intervals_and_resolution_widths (test_newman_2014_multiresolution_rounding_consistency.NewmanMultiResolutionBehaviorTests.test_exact_joint_intervals_and_resolution_widths) ... ok
2026-09-25T15:54:27.9693111Z test_intersection_preserves_closed_boundary_contact (test_newman_2014_multiresolution_rounding_consistency.NewmanMultiResolutionBehaviorTests.test_intersection_preserves_closed_boundary_contact) ... ok
2026-09-25T15:54:27.9696110Z test_model_relative_labels_and_known_prior_status (test_newman_2014_multiresolution_rounding_consistency.NewmanMultiResolutionBehaviorTests.test_model_relative_labels_and_known_prior_status) ... ok
2026-09-25T15:54:27.9699043Z test_real_expected_verdicts_are_compatible_midpoints (test_newman_2014_multiresolution_rounding_consistency.NewmanMultiResolutionBehaviorTests.test_real_expected_verdicts_are_compatible_midpoints) ... ok
2026-09-25T15:54:27.9701965Z test_schedule_order_and_inventory (test_newman_2014_multiresolution_rounding_consistency.NewmanMultiResolutionBehaviorTests.test_schedule_order_and_inventory) ... ok
2026-09-25T15:54:27.9704798Z test_strict_boundary_is_not_a_compatible_witness (test_newman_2014_multiresolution_rounding_consistency.NewmanMultiResolutionBehaviorTests.test_strict_boundary_is_not_a_compatible_witness) ... ok
2026-09-25T15:54:27.9710624Z test_terminal_schema_and_parent_crosscheck (test_newman_2014_multiresolution_rounding_consistency.NewmanMultiResolutionBehaviorTests.test_terminal_schema_and_parent_crosscheck) ... ok
2026-09-25T15:54:29.4270958Z test_committed_artifact_matches_rebuild (test_newman_2014_table11_rounding_consistency.NewmanArtifactTests.test_committed_artifact_matches_rebuild) ... ok
2026-09-25T15:54:29.4273523Z test_e001_inventory_isolation (test_newman_2014_table11_rounding_consistency.NewmanArtifactTests.test_e001_inventory_isolation) ... ok
2026-09-25T15:54:29.4279677Z test_frozen_source_projection (test_newman_2014_table11_rounding_consistency.NewmanArtifactTests.test_frozen_source_projection) ... ok
2026-09-25T15:54:30.1899364Z test_all_three_published_scopes_are_required (test_newman_2014_table11_rounding_consistency.NewmanBehaviorTests.test_all_three_published_scopes_are_required) ... ok
2026-09-25T15:54:30.9576739Z test_central_value_cannot_affect_variance_or_truth (test_newman_2014_table11_rounding_consistency.NewmanBehaviorTests.test_central_value_cannot_affect_variance_or_truth) ... ok
2026-09-25T15:54:30.9579322Z test_component_rounding_bin_is_exact (test_newman_2014_table11_rounding_consistency.NewmanBehaviorTests.test_component_rounding_bin_is_exact) ... ok
2026-09-25T15:54:30.9600399Z test_model_relative_negative_label (test_newman_2014_table11_rounding_consistency.NewmanBehaviorTests.test_model_relative_negative_label) ... ok
2026-09-25T15:54:30.9602853Z test_projection_schema_and_one_decimal_cells (test_newman_2014_table11_rounding_consistency.NewmanBehaviorTests.test_projection_schema_and_one_decimal_cells) ... ok
2026-09-25T15:54:30.9605014Z test_real_table11_midpoints_are_representable (test_newman_2014_table11_rounding_consistency.NewmanBehaviorTests.test_real_table11_midpoints_are_representable) ... ok
2026-09-25T15:54:30.9606922Z test_schedule_order_freeze (test_newman_2014_table11_rounding_consistency.NewmanBehaviorTests.test_schedule_order_freeze) ... ok
2026-09-25T15:54:30.9608891Z test_synthetic_incompatible_and_unresolved_statuses (test_newman_2014_table11_rounding_consistency.NewmanBehaviorTests.test_synthetic_incompatible_and_unresolved_statuses) ... ok
2026-09-25T15:54:30.9734814Z test_tensor_schedule_and_independent_coordinates (test_newman_2014_table11_rounding_consistency.NewmanBehaviorTests.test_tensor_schedule_and_independent_coordinates) ... ok
2026-09-25T15:54:31.8055616Z test_terminal_resolution_cannot_drive_candidate_generation (test_newman_2014_table11_rounding_consistency.NewmanBehaviorTests.test_terminal_resolution_cannot_drive_candidate_generation) ... ok
2026-09-25T15:54:31.8057881Z test_assertion_failure_and_survival (test_newman_2014_table11_rounding_consistency_mutations.NewmanMutationTests.test_assertion_failure_and_survival) ... ok
2026-09-25T15:54:31.8217180Z test_controls_are_distinct_and_equivalent_change_is_executable (test_newman_2014_table11_rounding_consistency_mutations.NewmanMutationTests.test_controls_are_distinct_and_equivalent_change_is_executable) ... ok
2026-09-25T15:54:31.8219832Z test_duplicate_calibration_definition_is_rejected (test_newman_2014_table11_rounding_consistency_mutations.NewmanMutationTests.test_duplicate_calibration_definition_is_rejected) ... ok
2026-09-25T15:54:31.8224824Z test_envelope_derives_counts_and_validity (test_newman_2014_table11_rounding_consistency_mutations.NewmanMutationTests.test_envelope_derives_counts_and_validity) ... ok
2026-09-25T15:54:31.8227675Z test_invalid_infrastructure_never_counts_as_kill (test_newman_2014_table11_rounding_consistency_mutations.NewmanMutationTests.test_invalid_infrastructure_never_counts_as_kill) ... ok
2026-09-25T15:54:31.8377767Z test_M0_retains_PR48_baseline_verification_only (test_nist_2026_configuration_models.ConfigurationArtifactTests.test_M0_retains_PR48_baseline_verification_only) ... ok
2026-09-25T15:54:32.3006926Z test_actual_production_file_and_git_read_closure (test_nist_2026_configuration_models.ConfigurationArtifactTests.test_actual_production_file_and_git_read_closure) ... ok
2026-09-25T15:54:32.7354520Z test_artifact_is_current (test_nist_2026_configuration_models.ConfigurationArtifactTests.test_artifact_is_current) ... ok
2026-09-25T15:54:33.5431062Z test_corrupt_output_or_source_is_rejected_read_only (test_nist_2026_configuration_models.ConfigurationArtifactTests.test_corrupt_output_or_source_is_rejected_read_only) ... ok
2026-09-25T15:54:33.6442871Z test_all_label_preserving_permutations (test_nist_2026_configuration_models.ConfigurationBehaviorTests.test_all_label_preserving_permutations) ... ok
2026-09-25T15:54:33.6859325Z test_common_shift_and_common_covariance_algebra (test_nist_2026_configuration_models.ConfigurationBehaviorTests.test_common_shift_and_common_covariance_algebra) ... ok
2026-09-25T15:54:33.6865584Z test_display_classes_equality_and_unresolved_are_conservative (test_nist_2026_configuration_models.ConfigurationBehaviorTests.test_display_classes_equality_and_unresolved_are_conservative) ... ok
2026-09-25T15:54:33.7412733Z test_excluded_terminal_dark_fields_are_numerically_inert (test_nist_2026_configuration_models.ConfigurationBehaviorTests.test_excluded_terminal_dark_fields_are_numerically_inert) ... ok
2026-09-25T15:54:33.7479467Z test_frozen_verdict_fields_are_consumed_or_rejected (test_nist_2026_configuration_models.ConfigurationBehaviorTests.test_frozen_verdict_fields_are_consumed_or_rejected) ... ok
2026-09-25T15:54:33.7635238Z test_full_propagated_covariance_not_marginal_square_sum (test_nist_2026_configuration_models.ConfigurationBehaviorTests.test_full_propagated_covariance_not_marginal_square_sum) ... ok
2026-09-25T15:54:33.8240666Z test_global_display_bound_has_exact_PSD_proof (test_nist_2026_configuration_models.ConfigurationBehaviorTests.test_global_display_bound_has_exact_PSD_proof) ... ok
2026-09-25T15:54:33.8700535Z test_independent_GLS_cofactor_oracle_synthetic_and_real (test_nist_2026_configuration_models.ConfigurationBehaviorTests.test_independent_GLS_cofactor_oracle_synthetic_and_real) ... ok
2026-09-25T15:54:33.8884538Z test_input_fields_and_authorization_fail_closed (test_nist_2026_configuration_models.ConfigurationBehaviorTests.test_input_fields_and_authorization_fail_closed) ... ok
2026-09-25T15:54:34.0208298Z test_nested_models_nonincreasing_Q (test_nist_2026_configuration_models.ConfigurationBehaviorTests.test_nested_models_nonincreasing_Q) ... ok
2026-09-25T15:54:34.0210396Z test_noncanonical_rationals_and_JSON_are_errors (test_nist_2026_configuration_models.ConfigurationBehaviorTests.test_noncanonical_rationals_and_JSON_are_errors) ... ok
2026-09-25T15:54:34.0216023Z test_positive_definiteness_and_invalid_rank_are_errors (test_nist_2026_configuration_models.ConfigurationBehaviorTests.test_positive_definiteness_and_invalid_rank_are_errors) ... ok
2026-09-25T15:54:34.0304015Z test_profiled_nuisance_is_not_conditioned (test_nist_2026_configuration_models.ConfigurationBehaviorTests.test_profiled_nuisance_is_not_conditioned) ... ok
2026-09-25T15:54:34.0317041Z test_rank_nullspaces_and_contrast_sign_scale (test_nist_2026_configuration_models.ConfigurationBehaviorTests.test_rank_nullspaces_and_contrast_sign_scale) ... ok
2026-09-25T15:54:34.0349845Z test_saturated_fit_is_not_a_scientific_acceptance (test_nist_2026_configuration_models.ConfigurationBehaviorTests.test_saturated_fit_is_not_a_scientific_acceptance) ... ok
2026-09-25T15:54:34.0361076Z test_signed_linear_enclosures (test_nist_2026_configuration_models.ConfigurationBehaviorTests.test_signed_linear_enclosures) ... ok
2026-09-25T15:54:34.0619657Z test_synthetic_common_method_material_interaction (test_nist_2026_configuration_models.ConfigurationBehaviorTests.test_synthetic_common_method_material_interaction) ... ok
2026-09-25T15:54:34.0801936Z test_unit_scaling (test_nist_2026_configuration_models.ConfigurationBehaviorTests.test_unit_scaling) ... ok
2026-09-25T15:54:34.5094983Z test_committed_mutations_current_and_calibrated (test_nist_2026_configuration_models_mutations.ConfigurationMutationArtifactTests.test_committed_mutations_current_and_calibrated) ... ok
2026-09-25T15:54:34.9387129Z test_tampered_evidence_rejected_read_only (test_nist_2026_configuration_models_mutations.ConfigurationMutationArtifactTests.test_tampered_evidence_rejected_read_only) ... ok
2026-09-25T15:54:34.9393338Z test_contrast_order (test_nist_2026_configuration_models_mutations.ConfigurationMutationBehaviorTests.test_contrast_order) ... ok
2026-09-25T15:54:34.9397138Z test_display_classification (test_nist_2026_configuration_models_mutations.ConfigurationMutationBehaviorTests.test_display_classification) ... ok
2026-09-25T15:54:34.9399101Z test_equivalent_calibration (test_nist_2026_configuration_models_mutations.ConfigurationMutationBehaviorTests.test_equivalent_calibration) ... ok
2026-09-25T15:54:34.9400921Z test_faulty_calibration (test_nist_2026_configuration_models_mutations.ConfigurationMutationBehaviorTests.test_faulty_calibration) ... ok
2026-09-25T15:54:34.9404028Z test_forbidden_input_invariance (test_nist_2026_configuration_models_mutations.ConfigurationMutationBehaviorTests.test_forbidden_input_invariance) ... ok
2026-09-25T15:54:34.9407906Z test_frozen_cutoff_policy (test_nist_2026_configuration_models_mutations.ConfigurationMutationBehaviorTests.test_frozen_cutoff_policy) ... ok
2026-09-25T15:54:34.9412665Z test_full_covariance (test_nist_2026_configuration_models_mutations.ConfigurationMutationBehaviorTests.test_full_covariance) ... ok
2026-09-25T15:54:34.9425343Z test_marginal_covariance (test_nist_2026_configuration_models_mutations.ConfigurationMutationBehaviorTests.test_marginal_covariance) ... ok
2026-09-25T15:54:34.9430823Z test_rank_df_policy (test_nist_2026_configuration_models_mutations.ConfigurationMutationBehaviorTests.test_rank_df_policy) ... ok
2026-09-25T15:54:34.9442938Z test_saturated_non_test (test_nist_2026_configuration_models_mutations.ConfigurationMutationBehaviorTests.test_saturated_non_test) ... ok
2026-09-25T15:54:35.1668261Z test_actual_import_and_syntax_failures_receive_no_credit (test_nist_2026_configuration_models_mutations.ConfigurationMutationHarnessTests.test_actual_import_and_syntax_failures_receive_no_credit) ... ok
2026-09-25T15:54:35.1685663Z test_definitions_match_frozen_mapping (test_nist_2026_configuration_models_mutations.ConfigurationMutationHarnessTests.test_definitions_match_frozen_mapping) ... ok
2026-09-25T15:54:35.1690634Z test_only_designated_behavior_failure_scores (test_nist_2026_configuration_models_mutations.ConfigurationMutationHarnessTests.test_only_designated_behavior_failure_scores) ... ok
2026-09-25T15:54:35.8845300Z test_builder_and_main_check_read_closure (test_nist_2026_covariance_precision.ArtifactIsolationTests.test_builder_and_main_check_read_closure) ... ok
2026-09-25T15:54:36.3638928Z test_mutation_saved_checker_read_closure (test_nist_2026_covariance_precision.ArtifactIsolationTests.test_mutation_saved_checker_read_closure) ... ok
2026-09-25T15:54:36.4545915Z test_saved_certificate_bounds_witness_and_coverage_tamper (test_nist_2026_covariance_precision.ArtifactIsolationTests.test_saved_certificate_bounds_witness_and_coverage_tamper) ... ok
2026-09-25T15:54:36.5661474Z test_merge_inheritance_and_changed_resolution (test_nist_2026_covariance_precision.ChronologyTests.test_merge_inheritance_and_changed_resolution) ... ok
2026-09-25T15:54:37.0672084Z test_real_anchor_and_source_before_outputs (test_nist_2026_covariance_precision.ChronologyTests.test_real_anchor_and_source_before_outputs) ... ok
2026-09-25T15:54:37.1842027Z test_strict_freeze_full_history_and_anchor (test_nist_2026_covariance_precision.ChronologyTests.test_strict_freeze_full_history_and_anchor) ... ok
2026-09-25T15:54:37.1845579Z test_cover_and_normalized_ties_inheritance (test_nist_2026_covariance_precision.DecisionCoverageTests.test_cover_and_normalized_ties_inheritance) ... ok
2026-09-25T15:54:37.2222274Z test_equality_variation_and_outer_bound_semantics (test_nist_2026_covariance_precision.DecisionCoverageTests.test_equality_variation_and_outer_bound_semantics) ... ok
2026-09-25T15:54:37.3172553Z test_shared_budget_unresolved_determinism_and_unsplit_siblings (test_nist_2026_covariance_precision.DecisionCoverageTests.test_shared_budget_unresolved_determinism_and_unsplit_siblings) ... ok
2026-09-25T15:54:37.3284924Z test_behavior_consumption_and_excluded_fields (test_nist_2026_covariance_precision.InputTests.test_behavior_consumption_and_excluded_fields) ... ok
2026-09-25T15:54:37.3330775Z test_projection_and_precisions (test_nist_2026_covariance_precision.InputTests.test_projection_and_precisions) ... ok
2026-09-25T15:54:37.3416289Z test_strict_missing_duplicate_nonfinite_schema (test_nist_2026_covariance_precision.InputTests.test_strict_missing_duplicate_nonfinite_schema) ... ok
2026-09-25T15:54:37.4005039Z test_corner_convexity_inventory_and_nonpd (test_nist_2026_covariance_precision.MatrixTests.test_corner_convexity_inventory_and_nonpd) ... ok
2026-09-25T15:54:37.4044641Z test_ldl_sandwich_cross_terms_and_inverse_order (test_nist_2026_covariance_precision.MatrixTests.test_ldl_sandwich_cross_terms_and_inverse_order) ... ok
2026-09-25T15:54:37.4064147Z test_signed_intervals_positive_squares_midpoint_distinction (test_nist_2026_covariance_precision.MatrixTests.test_signed_intervals_positive_squares_midpoint_distinction) ... ok
2026-09-25T15:54:37.4220330Z test_valid_family_unavailable_upper (test_nist_2026_covariance_precision.MatrixTests.test_valid_family_unavailable_upper) ... ok
2026-09-25T15:54:37.4224961Z test_display_entire_box_and_lower_truncation (test_nist_2026_covariance_precision.ModelTests.test_display_entire_box_and_lower_truncation) ... ok
2026-09-25T15:54:37.4326268Z test_independent_mean_space_and_marginal (test_nist_2026_covariance_precision.ModelTests.test_independent_mean_space_and_marginal) ... ok
2026-09-25T15:54:37.4541066Z test_midpoint_and_zero_radius_parity (test_nist_2026_covariance_precision.ModelTests.test_midpoint_and_zero_radius_parity) ... ok
2026-09-25T15:54:37.4668428Z test_units_permutation_and_fixed_common_shift (test_nist_2026_covariance_precision.ModelTests.test_units_permutation_and_fixed_common_shift) ... ok
2026-09-25T15:54:37.4684358Z test_receipt_provenance_and_field_rejection (test_nist_2026_covariance_precision.SourceEvidenceTests.test_receipt_provenance_and_field_rejection) ... ok
2026-09-25T15:54:37.4689925Z test_anchor_scaling (test_nist_2026_covariance_precision_mutations.PrecisionMutationBehaviorTests.test_anchor_scaling) ... ok
2026-09-25T15:54:37.4704500Z test_covariance_radius (test_nist_2026_covariance_precision_mutations.PrecisionMutationBehaviorTests.test_covariance_radius) ... ok
2026-09-25T15:54:37.4706362Z test_display_remainder (test_nist_2026_covariance_precision_mutations.PrecisionMutationBehaviorTests.test_display_remainder) ... ok
2026-09-25T15:54:37.4708204Z test_equivalent_control (test_nist_2026_covariance_precision_mutations.PrecisionMutationBehaviorTests.test_equivalent_control) ... ok
2026-09-25T15:54:37.4709992Z test_false_variation (test_nist_2026_covariance_precision_mutations.PrecisionMutationBehaviorTests.test_false_variation) ... ok
2026-09-25T15:54:37.4711765Z test_faulty_calibration (test_nist_2026_covariance_precision_mutations.PrecisionMutationBehaviorTests.test_faulty_calibration) ... ok
2026-09-25T15:54:37.4723880Z test_inverse_order (test_nist_2026_covariance_precision_mutations.PrecisionMutationBehaviorTests.test_inverse_order) ... ok
2026-09-25T15:54:37.4725718Z test_partition_coverage (test_nist_2026_covariance_precision_mutations.PrecisionMutationBehaviorTests.test_partition_coverage) ... ok
2026-09-25T15:54:37.4727515Z test_precision_width (test_nist_2026_covariance_precision_mutations.PrecisionMutationBehaviorTests.test_precision_width) ... ok
2026-09-25T15:54:37.4729281Z test_signed_interval (test_nist_2026_covariance_precision_mutations.PrecisionMutationBehaviorTests.test_signed_interval) ... ok
2026-09-25T15:54:37.4731099Z test_invalid_kills_rejected (test_nist_2026_covariance_precision_mutations.PrecisionMutationEvidenceTests.test_invalid_kills_rejected) ... ok
2026-09-25T15:54:37.4758161Z test_patch_binding_and_tampered_evidence (test_nist_2026_covariance_precision_mutations.PrecisionMutationEvidenceTests.test_patch_binding_and_tampered_evidence) ... ok
2026-09-25T15:54:37.9535031Z test_saved_evidence_only (test_nist_2026_covariance_precision_mutations.PrecisionMutationEvidenceTests.test_saved_evidence_only) ... ok
2026-09-25T15:54:38.4309313Z test_build_artifact_read_closure_is_exact (test_nist_2026_estimator_feasibility.NIST2026EstimatorFeasibilityArtifactTests.test_build_artifact_read_closure_is_exact) ... ok
2026-09-25T15:54:38.9079223Z test_committed_artifact_matches_rebuild (test_nist_2026_estimator_feasibility.NIST2026EstimatorFeasibilityArtifactTests.test_committed_artifact_matches_rebuild) ... ok
2026-09-25T15:54:38.9081414Z test_e001_inventory_is_disjoint (test_nist_2026_estimator_feasibility.NIST2026EstimatorFeasibilityArtifactTests.test_e001_inventory_is_disjoint) ... ok
2026-09-25T15:54:39.3717134Z test_preregistration_and_implementation_chronology (test_nist_2026_estimator_feasibility.NIST2026EstimatorFeasibilityArtifactTests.test_preregistration_and_implementation_chronology) ... ok
2026-09-25T15:54:39.8296659Z test_bayesian_consensus_is_fail_closed_no_go (test_nist_2026_estimator_feasibility.NIST2026EstimatorFeasibilityBehaviorTests.test_bayesian_consensus_is_fail_closed_no_go) ... ok
2026-09-25T15:54:39.8306075Z test_bayesian_missing_inventory_cannot_be_silently_erased (test_nist_2026_estimator_feasibility.NIST2026EstimatorFeasibilityBehaviorTests.test_bayesian_missing_inventory_cannot_be_silently_erased) ... ok
2026-09-25T15:54:39.8312740Z test_exact_positive_principal_minors_and_go (test_nist_2026_estimator_feasibility.NIST2026EstimatorFeasibilityBehaviorTests.test_exact_positive_principal_minors_and_go) ... ok
2026-09-25T15:54:39.8315847Z test_exact_symmetric_correlation_and_covariance (test_nist_2026_estimator_feasibility.NIST2026EstimatorFeasibilityBehaviorTests.test_exact_symmetric_correlation_and_covariance) ... ok
2026-09-25T15:54:39.8323813Z test_experimental_go_is_independent_of_consensus_and_terminal_values (test_nist_2026_estimator_feasibility.NIST2026EstimatorFeasibilityBehaviorTests.test_experimental_go_is_independent_of_consensus_and_terminal_values) ... ok
2026-09-25T15:54:39.8326000Z test_invalid_covariance_geometry_fails (test_nist_2026_estimator_feasibility.NIST2026EstimatorFeasibilityBehaviorTests.test_invalid_covariance_geometry_fails) ... ok
2026-09-25T15:54:39.8327828Z test_source_authority_resolves_landing_pdf_conflict (test_nist_2026_estimator_feasibility.NIST2026EstimatorFeasibilityBehaviorTests.test_source_authority_resolves_landing_pdf_conflict) ... ok
2026-09-25T15:54:39.8329204Z test_source_projection_and_precision_roles (test_nist_2026_estimator_feasibility.NIST2026EstimatorFeasibilityBehaviorTests.test_source_projection_and_precision_roles) ... ok
2026-09-25T15:54:40.2843382Z test_committed_artifact_matches_rebuild (test_nist_2026_n4_experimental_estimator.NIST2026N4EstimatorArtifactTests.test_committed_artifact_matches_rebuild) ... ok
2026-09-25T15:54:40.7186587Z test_preregistration_anchor_and_read_closure_prerequisite_chronology (test_nist_2026_n4_experimental_estimator.NIST2026N4EstimatorArtifactTests.test_preregistration_anchor_and_read_closure_prerequisite_chronology) ... ok
2026-09-25T15:54:40.7189455Z test_source_inventory_is_bounded_and_nist_scoped (test_nist_2026_n4_experimental_estimator.NIST2026N4EstimatorArtifactTests.test_source_inventory_is_bounded_and_nist_scoped) ... ok
2026-09-25T15:54:41.1377439Z test_absolute_covariance_scaling_is_load_bearing (test_nist_2026_n4_experimental_estimator.NIST2026N4EstimatorBehaviorTests.test_absolute_covariance_scaling_is_load_bearing) ... ok
2026-09-25T15:54:41.1409511Z test_all_four_values_are_load_bearing (test_nist_2026_n4_experimental_estimator.NIST2026N4EstimatorBehaviorTests.test_all_four_values_are_load_bearing) ... ok
2026-09-25T15:54:41.1420617Z test_estimator_api_excludes_bayesian_and_bipm_fields (test_nist_2026_n4_experimental_estimator.NIST2026N4EstimatorBehaviorTests.test_estimator_api_excludes_bayesian_and_bipm_fields) ... ok
2026-09-25T15:54:41.1423317Z test_exact_absolute_uncertainties_and_covariance_definition (test_nist_2026_n4_experimental_estimator.NIST2026N4EstimatorBehaviorTests.test_exact_absolute_uncertainties_and_covariance_definition) ... ok
2026-09-25T15:54:41.1426834Z test_exact_four_weights_and_unbiased_normalization (test_nist_2026_n4_experimental_estimator.NIST2026N4EstimatorBehaviorTests.test_exact_four_weights_and_unbiased_normalization) ... ok
2026-09-25T15:54:41.1429167Z test_exact_point_estimate_and_variance_identities (test_nist_2026_n4_experimental_estimator.NIST2026N4EstimatorBehaviorTests.test_exact_point_estimate_and_variance_identities) ... ok
2026-09-25T15:54:41.1430605Z test_freeze_pins_dm073_inputs_and_bayesian_boundary (test_nist_2026_n4_experimental_estimator.NIST2026N4EstimatorBehaviorTests.test_freeze_pins_dm073_inputs_and_bayesian_boundary) ... ok
2026-09-25T15:54:41.1437947Z test_invalid_projection_and_covariance_fail_closed (test_nist_2026_n4_experimental_estimator.NIST2026N4EstimatorBehaviorTests.test_invalid_projection_and_covariance_fail_closed) ... ok
2026-09-25T15:54:41.1445672Z test_off_diagonal_correlations_are_load_bearing (test_nist_2026_n4_experimental_estimator.NIST2026N4EstimatorBehaviorTests.test_off_diagonal_correlations_are_load_bearing) ... ok
2026-09-25T15:54:41.1448148Z test_real_finite_resolution_enclosure_is_exact (test_nist_2026_n4_experimental_estimator.NIST2026N4EstimatorBehaviorTests.test_real_finite_resolution_enclosure_is_exact) ... ok
2026-09-25T15:54:41.1450732Z test_signed_weight_enclosure_helper_uses_correct_extrema (test_nist_2026_n4_experimental_estimator.NIST2026N4EstimatorBehaviorTests.test_signed_weight_enclosure_helper_uses_correct_extrema) ... ok
2026-09-25T15:54:41.1458782Z test_table18_precision_is_load_bearing (test_nist_2026_n4_experimental_estimator.NIST2026N4EstimatorBehaviorTests.test_table18_precision_is_load_bearing) ... ok
2026-09-25T15:54:41.1469392Z test_upstream_authorization_mutations_fail_closed (test_nist_2026_n4_experimental_estimator.NIST2026N4EstimatorBehaviorTests.test_upstream_authorization_mutations_fail_closed) ... ok
2026-09-25T15:54:42.0340688Z test_committed_evidence_is_current_and_derived (test_nist_2026_n4_experimental_estimator_mutations.N4MutationArtifactTests.test_committed_evidence_is_current_and_derived) ... ok
2026-09-25T15:54:43.9338246Z test_top_level_tampering_is_rejected_read_only (test_nist_2026_n4_experimental_estimator_mutations.N4MutationArtifactTests.test_top_level_tampering_is_rejected_read_only) ... ok
2026-09-25T15:54:43.9363265Z test_absolute_scaling (test_nist_2026_n4_experimental_estimator_mutations.N4MutationBehaviorTests.test_absolute_scaling) ... ok
2026-09-25T15:54:43.9379581Z test_cell_calibration (test_nist_2026_n4_experimental_estimator_mutations.N4MutationBehaviorTests.test_cell_calibration) ... ok
2026-09-25T15:54:43.9404313Z test_correlated_weights (test_nist_2026_n4_experimental_estimator_mutations.N4MutationBehaviorTests.test_correlated_weights) ... ok
2026-09-25T15:54:43.9420445Z test_equivalent_decimal_calibration (test_nist_2026_n4_experimental_estimator_mutations.N4MutationBehaviorTests.test_equivalent_decimal_calibration) ... ok
2026-09-25T15:54:43.9533409Z test_four_input_aggregate (test_nist_2026_n4_experimental_estimator_mutations.N4MutationBehaviorTests.test_four_input_aggregate) ... ok
2026-09-25T15:54:43.9557679Z test_precise_uncertainties (test_nist_2026_n4_experimental_estimator_mutations.N4MutationBehaviorTests.test_precise_uncertainties) ... ok
2026-09-25T15:54:43.9584257Z test_resolution_box (test_nist_2026_n4_experimental_estimator_mutations.N4MutationBehaviorTests.test_resolution_box) ... ok
2026-09-25T15:54:43.9602253Z test_signed_extrema (test_nist_2026_n4_experimental_estimator_mutations.N4MutationBehaviorTests.test_signed_extrema) ... ok
2026-09-25T15:54:43.9629012Z test_terminal_free_execution (test_nist_2026_n4_experimental_estimator_mutations.N4MutationBehaviorTests.test_terminal_free_execution) ... ok
2026-09-25T15:54:43.9653233Z test_unbiased_normalization (test_nist_2026_n4_experimental_estimator_mutations.N4MutationBehaviorTests.test_unbiased_normalization) ... ok
2026-09-25T15:54:44.4233229Z test_new_estimator_read_closure_is_bounded (test_nist_2026_n4_experimental_estimator_mutations.N4MutationMetaTests.test_new_estimator_read_closure_is_bounded) ... ok
2026-09-25T15:54:44.4240260Z test_only_named_assertions_score (test_nist_2026_n4_experimental_estimator_mutations.N4MutationMetaTests.test_only_named_assertions_score) ... ok
2026-09-25T15:54:44.6362602Z test_real_syntax_and_import_failures_get_no_credit (test_nist_2026_n4_experimental_estimator_mutations.N4MutationMetaTests.test_real_syntax_and_import_failures_get_no_credit) ... ok
2026-09-25T15:54:44.6369915Z test_requirement_mapping_and_distinct_controls (test_nist_2026_n4_experimental_estimator_mutations.N4MutationMetaTests.test_requirement_mapping_and_distinct_controls) ... ok
2026-09-25T15:54:45.5497772Z test_artifact_freshness_and_no_writes (test_nist_2026_paired_torque_feasibility.PairedArtifactTests.test_artifact_freshness_and_no_writes) ... ok
2026-09-25T15:54:45.5625144Z test_early_anchor_rejected (test_nist_2026_paired_torque_feasibility.PairedArtifactTests.test_early_anchor_rejected) ... ok
2026-09-25T15:54:45.9070999Z test_freeze_sole_file_anchor_and_introductions (test_nist_2026_paired_torque_feasibility.PairedArtifactTests.test_freeze_sole_file_anchor_and_introductions) ... ok
2026-09-25T15:54:46.0000710Z test_full_history_rejects_changed_then_reverted_freeze (test_nist_2026_paired_torque_feasibility.PairedArtifactTests.test_full_history_rejects_changed_then_reverted_freeze) ... ok
2026-09-25T15:54:46.4665850Z test_observed_read_git_and_import_closure (test_nist_2026_paired_torque_feasibility.PairedArtifactTests.test_observed_read_git_and_import_closure) ... ok
2026-09-25T15:54:46.5626977Z test_source_snapshot_inherited_and_changed_merge (test_nist_2026_paired_torque_feasibility.PairedArtifactTests.test_source_snapshot_inherited_and_changed_merge) ... ok
2026-09-25T15:54:46.6166030Z test_actual_source_boundaries_and_attestation (test_nist_2026_paired_torque_feasibility.PairedBehaviorTests.test_actual_source_boundaries_and_attestation) ... ok
2026-09-25T15:54:46.6255272Z test_all_admissible_unknowns_cancel_in_minimum_C (test_nist_2026_paired_torque_feasibility.PairedBehaviorTests.test_all_admissible_unknowns_cancel_in_minimum_C) ... ok
2026-09-25T15:54:46.6758517Z test_all_projection_routes_hand_expanded (test_nist_2026_paired_torque_feasibility.PairedBehaviorTests.test_all_projection_routes_hand_expanded) ... ok
2026-09-25T15:54:46.6995926Z test_common_correlation_does_not_cancel_unequal_loadings (test_nist_2026_paired_torque_feasibility.PairedBehaviorTests.test_common_correlation_does_not_cancel_unequal_loadings) ... ok
2026-09-25T15:54:46.7266584Z test_dispositions_precedence_and_singular (test_nist_2026_paired_torque_feasibility.PairedBehaviorTests.test_dispositions_precedence_and_singular) ... ok
2026-09-25T15:54:46.7298891Z test_exact_PSD_and_source_conflict_vs_code_error (test_nist_2026_paired_torque_feasibility.PairedBehaviorTests.test_exact_PSD_and_source_conflict_vs_code_error) ... ok
2026-09-25T15:54:46.7336126Z test_invertible_contrast_coordinates (test_nist_2026_paired_torque_feasibility.PairedBehaviorTests.test_invertible_contrast_coordinates) ... ok
2026-09-25T15:54:46.7391738Z test_labeled_hand_expansion_and_mean_kernel (test_nist_2026_paired_torque_feasibility.PairedBehaviorTests.test_labeled_hand_expansion_and_mean_kernel) ... ok
2026-09-25T15:54:46.8709004Z test_mean_and_uncertainty_meaning (test_nist_2026_paired_torque_feasibility.PairedBehaviorTests.test_mean_and_uncertainty_meaning) ... ok
2026-09-25T15:54:46.8746573Z test_no_off_diagonal_is_defaulted_and_positive_coefficient (test_nist_2026_paired_torque_feasibility.PairedBehaviorTests.test_no_off_diagonal_is_defaulted_and_positive_coefficient) ... ok
2026-09-25T15:54:46.8751225Z test_order_units_and_covariance_conversion (test_nist_2026_paired_torque_feasibility.PairedBehaviorTests.test_order_units_and_covariance_conversion) ... ok
2026-09-25T15:54:46.8979010Z test_protocol_fields_rejected_or_consumed (test_nist_2026_paired_torque_feasibility.PairedBehaviorTests.test_protocol_fields_rejected_or_consumed) ... ok
2026-09-25T15:54:46.9200969Z test_same_marginals_different_C (test_nist_2026_paired_torque_feasibility.PairedBehaviorTests.test_same_marginals_different_C) ... ok
2026-09-25T15:54:47.0360301Z test_source_projection_consumption_and_context_invariance (test_nist_2026_paired_torque_feasibility.PairedBehaviorTests.test_source_projection_consumption_and_context_invariance) ... ok
2026-09-25T15:54:47.0388754Z test_strict_json_numbers_dimensions_and_evidence_errors (test_nist_2026_paired_torque_feasibility.PairedBehaviorTests.test_strict_json_numbers_dimensions_and_evidence_errors) ... ok
2026-09-25T15:54:47.1278969Z test_type_a_and_later_stage_never_promoted (test_nist_2026_paired_torque_feasibility.PairedBehaviorTests.test_type_a_and_later_stage_never_promoted) ... ok
2026-09-25T15:54:47.1509584Z test_unknown_dependence_is_not_zero (test_nist_2026_paired_torque_feasibility.PairedBehaviorTests.test_unknown_dependence_is_not_zero) ... ok
2026-09-25T15:54:47.1520570Z test_evidence_tamper_and_source_binding (test_nist_2026_paired_torque_feasibility_mutations.PairedMutationArtifactTests.test_evidence_tamper_and_source_binding) ... ok
2026-09-25T15:54:47.1529751Z test_frozen_mapping_and_invalid_kill_rejection (test_nist_2026_paired_torque_feasibility_mutations.PairedMutationArtifactTests.test_frozen_mapping_and_invalid_kill_rejection) ... ok
2026-09-25T15:54:47.6885607Z test_observed_verifier_read_closure (test_nist_2026_paired_torque_feasibility_mutations.PairedMutationArtifactTests.test_observed_verifier_read_closure) ... ok
2026-09-25T15:54:48.2018331Z test_saved_evidence_without_execution (test_nist_2026_paired_torque_feasibility_mutations.PairedMutationArtifactTests.test_saved_evidence_without_execution) ... ok
2026-09-25T15:54:48.2038183Z test_covariance_cross_terms (test_nist_2026_paired_torque_feasibility_mutations.PairedMutationBehaviorTests.test_covariance_cross_terms) ... ok
2026-09-25T15:54:48.2039925Z test_covariance_units (test_nist_2026_paired_torque_feasibility_mutations.PairedMutationBehaviorTests.test_covariance_units) ... ok
2026-09-25T15:54:48.2041621Z test_equivalent_control (test_nist_2026_paired_torque_feasibility_mutations.PairedMutationBehaviorTests.test_equivalent_control) ... ok
2026-09-25T15:54:48.2043574Z test_faulty_calibration (test_nist_2026_paired_torque_feasibility_mutations.PairedMutationBehaviorTests.test_faulty_calibration) ... ok
2026-09-25T15:54:48.2051611Z test_method_sign (test_nist_2026_paired_torque_feasibility_mutations.PairedMutationBehaviorTests.test_method_sign) ... ok
2026-09-25T15:54:48.2088379Z test_minimum_C (test_nist_2026_paired_torque_feasibility_mutations.PairedMutationBehaviorTests.test_minimum_C) ... ok
2026-09-25T15:54:48.2097941Z test_shared_loading (test_nist_2026_paired_torque_feasibility_mutations.PairedMutationBehaviorTests.test_shared_loading) ... ok
2026-09-25T15:54:48.2324698Z test_type_a_scope (test_nist_2026_paired_torque_feasibility_mutations.PairedMutationBehaviorTests.test_type_a_scope) ... ok
2026-09-25T15:54:48.2548128Z test_unknown_correction (test_nist_2026_paired_torque_feasibility_mutations.PairedMutationBehaviorTests.test_unknown_correction) ... ok
2026-09-25T15:54:48.2779509Z test_unknown_dependence (test_nist_2026_paired_torque_feasibility_mutations.PairedMutationBehaviorTests.test_unknown_dependence) ... ok
2026-09-25T15:54:48.6880058Z test_actual_read_and_import_closure (test_nist_2026_torque_response_feasibility.TorqueArtifactTests.test_actual_read_and_import_closure) ... ok
2026-09-25T15:54:48.6889035Z test_changed_attestation_rejected (test_nist_2026_torque_response_feasibility.TorqueArtifactTests.test_changed_attestation_rejected) ... ok
2026-09-25T15:54:49.0419872Z test_freeze_sole_file_and_anchor (test_nist_2026_torque_response_feasibility.TorqueArtifactTests.test_freeze_sole_file_and_anchor) ... ok
2026-09-25T15:54:49.4388709Z test_freshness (test_nist_2026_torque_response_feasibility.TorqueArtifactTests.test_freshness) ... ok
2026-09-25T15:54:49.5160103Z test_history_fixtures (test_nist_2026_torque_response_feasibility.TorqueArtifactTests.test_history_fixtures) ... ok
2026-09-25T15:54:49.9107385Z test_source_snapshot_binding (test_nist_2026_torque_response_feasibility.TorqueArtifactTests.test_source_snapshot_binding) ... ok
2026-09-25T15:54:49.9954888Z test_source_snapshot_survives_true_and_synthetic_merges (test_nist_2026_torque_response_feasibility.TorqueArtifactTests.test_source_snapshot_survives_true_and_synthetic_merges) ... ok
2026-09-25T15:54:50.4088287Z test_stale_artifact_and_future_anchor_rejected (test_nist_2026_torque_response_feasibility.TorqueArtifactTests.test_stale_artifact_and_future_anchor_rejected) ... ok
2026-09-25T15:54:50.4131472Z test_actual_source_verdict_and_absence_limits (test_nist_2026_torque_response_feasibility.TorqueBehaviorTests.test_actual_source_verdict_and_absence_limits) ... ok
2026-09-25T15:54:50.4134553Z test_affine_global_response_with_constant (test_nist_2026_torque_response_feasibility.TorqueBehaviorTests.test_affine_global_response_with_constant) ... ok
2026-09-25T15:54:50.4198011Z test_all_dispositions (test_nist_2026_torque_response_feasibility.TorqueBehaviorTests.test_all_dispositions) ... ok
2026-09-25T15:54:50.4199471Z test_canonical_json (test_nist_2026_torque_response_feasibility.TorqueBehaviorTests.test_canonical_json) ... ok
2026-09-25T15:54:50.4289509Z test_coefficient_consumption_without_digest_gate (test_nist_2026_torque_response_feasibility.TorqueBehaviorTests.test_coefficient_consumption_without_digest_gate) ... ok
2026-09-25T15:54:50.4313406Z test_coupled_posterior_normal_equations (test_nist_2026_torque_response_feasibility.TorqueBehaviorTests.test_coupled_posterior_normal_equations) ... ok
2026-09-25T15:54:50.4353650Z test_evidence_errors_are_not_no_go (test_nist_2026_torque_response_feasibility.TorqueBehaviorTests.test_evidence_errors_are_not_no_go) ... ok
2026-09-25T15:54:50.4454722Z test_excluded_invariance_without_digest_gate (test_nist_2026_torque_response_feasibility.TorqueBehaviorTests.test_excluded_invariance_without_digest_gate) ... ok
2026-09-25T15:54:50.4659481Z test_frozen_sections_consumed_or_rejected (test_nist_2026_torque_response_feasibility.TorqueBehaviorTests.test_frozen_sections_consumed_or_rejected) ... ok
2026-09-25T15:54:50.4681734Z test_genuine_equivariance_without_sampler (test_nist_2026_torque_response_feasibility.TorqueBehaviorTests.test_genuine_equivariance_without_sampler) ... ok
2026-09-25T15:54:50.4750477Z test_independent_forward_difference_identity (test_nist_2026_torque_response_feasibility.TorqueBehaviorTests.test_independent_forward_difference_identity) ... ok
2026-09-25T15:54:50.4758322Z test_local_jacobian_not_global (test_nist_2026_torque_response_feasibility.TorqueBehaviorTests.test_local_jacobian_not_global) ... ok
2026-09-25T15:54:50.4812962Z test_nonfinite_and_invalid_coefficients (test_nist_2026_torque_response_feasibility.TorqueBehaviorTests.test_nonfinite_and_invalid_coefficients) ... ok
2026-09-25T15:54:50.4823110Z test_orders (test_nist_2026_torque_response_feasibility.TorqueBehaviorTests.test_orders) ... ok
2026-09-25T15:54:50.4834599Z test_prefix_and_unit_dimensions (test_nist_2026_torque_response_feasibility.TorqueBehaviorTests.test_prefix_and_unit_dimensions) ... ok
2026-09-25T15:54:50.4853711Z test_subspace_rank_equivalence_and_obstruction (test_nist_2026_torque_response_feasibility.TorqueBehaviorTests.test_subspace_rank_equivalence_and_obstruction) ... ok
2026-09-25T15:54:50.4864258Z test_evidence_tamper_and_source_binding (test_nist_2026_torque_response_feasibility_mutations.TorqueMutationArtifactTests.test_evidence_tamper_and_source_binding) ... ok
2026-09-25T15:54:50.4872814Z test_mapping_and_false_kill_rejection (test_nist_2026_torque_response_feasibility_mutations.TorqueMutationArtifactTests.test_mapping_and_false_kill_rejection) ... ok
2026-09-25T15:54:50.8925962Z test_saved_evidence_without_execution (test_nist_2026_torque_response_feasibility_mutations.TorqueMutationArtifactTests.test_saved_evidence_without_execution) ... ok
2026-09-25T15:54:50.8937032Z test_campaign_geometry (test_nist_2026_torque_response_feasibility_mutations.TorqueMutationBehaviorTests.test_campaign_geometry) ... ok
2026-09-25T15:54:50.8949504Z test_coupled_response (test_nist_2026_torque_response_feasibility_mutations.TorqueMutationBehaviorTests.test_coupled_response) ... ok
2026-09-25T15:54:50.8950661Z test_equivalent_control (test_nist_2026_torque_response_feasibility_mutations.TorqueMutationBehaviorTests.test_equivalent_control) ... ok
2026-09-25T15:54:50.8971024Z test_excluded_invariance (test_nist_2026_torque_response_feasibility_mutations.TorqueMutationBehaviorTests.test_excluded_invariance) ... ok
2026-09-25T15:54:50.8972474Z test_faulty_calibration (test_nist_2026_torque_response_feasibility_mutations.TorqueMutationBehaviorTests.test_faulty_calibration) ... ok
2026-09-25T15:54:50.8982715Z test_metric_prefix (test_nist_2026_torque_response_feasibility_mutations.TorqueMutationBehaviorTests.test_metric_prefix) ... ok
2026-09-25T15:54:50.8993747Z test_peak_difference (test_nist_2026_torque_response_feasibility_mutations.TorqueMutationBehaviorTests.test_peak_difference) ... ok
2026-09-25T15:54:50.9001664Z test_stage_promotion (test_nist_2026_torque_response_feasibility_mutations.TorqueMutationBehaviorTests.test_stage_promotion) ... ok
2026-09-25T15:54:50.9004406Z test_subspace_equivalence (test_nist_2026_torque_response_feasibility_mutations.TorqueMutationBehaviorTests.test_subspace_equivalence) ... ok
2026-09-25T15:54:50.9005498Z test_unlicensed_aggregation (test_nist_2026_torque_response_feasibility_mutations.TorqueMutationBehaviorTests.test_unlicensed_aggregation) ... ok
2026-09-25T15:54:52.9831421Z test_analytic_cdf_is_correct_on_hand_checkable_examples (test_null_experiments.NullExperimentTests.test_analytic_cdf_is_correct_on_hand_checkable_examples) ... ok
2026-09-25T15:54:52.9833743Z test_calibration_regime_record_is_hand_checkable (test_null_experiments.NullExperimentTests.test_calibration_regime_record_is_hand_checkable) ... ok
2026-09-25T15:54:52.9946693Z test_current_local_regime_is_explicitly_degenerate (test_null_experiments.NullExperimentTests.test_current_local_regime_is_explicitly_degenerate) ... ok
2026-09-25T15:54:52.9948829Z test_duplicate_positions_do_not_expand_geometric_coverage (test_null_experiments.NullExperimentTests.test_duplicate_positions_do_not_expand_geometric_coverage) ... ok
2026-09-25T15:54:52.9950888Z test_equivalence_class_accounting_is_derived (test_null_experiments.NullExperimentTests.test_equivalence_class_accounting_is_derived) ... ok
2026-09-25T15:54:52.9953100Z test_global_bounds_include_candidates_and_local_window (test_null_experiments.NullExperimentTests.test_global_bounds_include_candidates_and_local_window) ... ok
2026-09-25T15:54:52.9955356Z test_integrity_rejects_preregistration_hash_and_seed_mismatch (test_null_experiments.NullExperimentTests.test_integrity_rejects_preregistration_hash_and_seed_mismatch) ... ok
2026-09-25T15:54:52.9957435Z test_monte_carlo_sampler_is_reproducible (test_null_experiments.NullExperimentTests.test_monte_carlo_sampler_is_reproducible) ... ok
2026-09-25T15:54:52.9959180Z test_nearest_class_reports_transparent_ties (test_null_experiments.NullExperimentTests.test_nearest_class_reports_transparent_ties) ... ok
2026-09-25T15:54:52.9961221Z test_preregistered_planted_targets_recover_intended_classes (test_null_experiments.NullExperimentTests.test_preregistered_planted_targets_recover_intended_classes) ... ok
2026-09-25T15:54:52.9963643Z test_provenance_filtering_and_circularity_separation (test_null_experiments.NullExperimentTests.test_provenance_filtering_and_circularity_separation) ... ok
2026-09-25T15:54:53.0149395Z test_small_monte_carlo_fixture_agrees_with_analytic_oracle (test_null_experiments.NullExperimentTests.test_small_monte_carlo_fixture_agrees_with_analytic_oracle) ... ok
2026-09-25T15:54:53.0151552Z test_target_dependent_class_cannot_enter_primary_fixture (test_null_experiments.NullExperimentTests.test_target_dependent_class_cannot_enter_primary_fixture) ... ok
2026-09-25T15:54:53.0154238Z test_trial_chunk_decoder_detects_payload_corruption (test_null_experiments.NullExperimentTests.test_trial_chunk_decoder_detects_payload_corruption) ... ok
2026-09-25T15:54:53.0180628Z test_algebraic_cleanliness_does_not_promote_metrological_status (test_physical_bridge.PhysicalBridgeTests.test_algebraic_cleanliness_does_not_promote_metrological_status) ... ok
2026-09-25T15:54:53.0219303Z test_artifacts_contain_no_binary_floating_point_values (test_physical_bridge.PhysicalBridgeTests.test_artifacts_contain_no_binary_floating_point_values) ... ok
2026-09-25T15:54:53.0267265Z test_artifacts_regenerate_byte_identically_and_are_current (test_physical_bridge.PhysicalBridgeTests.test_artifacts_regenerate_byte_identically_and_are_current) ... ok
2026-09-25T15:54:53.0269550Z test_binary_float_measurements_and_exponents_are_rejected (test_physical_bridge.PhysicalBridgeTests.test_binary_float_measurements_and_exponents_are_rejected) ... ok
2026-09-25T15:54:53.0301932Z test_codata_reference_is_allowed_only_in_terminal_comparison (test_physical_bridge.PhysicalBridgeTests.test_codata_reference_is_allowed_only_in_terminal_comparison) ... ok
2026-09-25T15:54:53.0304576Z test_contract_catalogs_both_uncertainty_bases (test_physical_bridge.PhysicalBridgeTests.test_contract_catalogs_both_uncertainty_bases) ... ok
2026-09-25T15:54:53.0309999Z test_correlation_policy_or_covariance_must_be_declared (test_physical_bridge.PhysicalBridgeTests.test_correlation_policy_or_covariance_must_be_declared) ... ok
2026-09-25T15:54:53.0315889Z test_declared_calibration_outside_estimator_ancestry_requires_source (test_physical_bridge.PhysicalBridgeTests.test_declared_calibration_outside_estimator_ancestry_requires_source) ... ok
2026-09-25T15:54:53.0321320Z test_declared_correction_outside_estimator_ancestry_requires_source (test_physical_bridge.PhysicalBridgeTests.test_declared_correction_outside_estimator_ancestry_requires_source) ... ok
2026-09-25T15:54:53.0328176Z test_definitional_and_metrological_cycles_are_rejected (test_physical_bridge.PhysicalBridgeTests.test_definitional_and_metrological_cycles_are_rejected) ... ok
2026-09-25T15:54:53.0348774Z test_dimensionally_inconsistent_estimator_is_rejected (test_physical_bridge.PhysicalBridgeTests.test_dimensionally_inconsistent_estimator_is_rejected) ... ok
2026-09-25T15:54:53.0363687Z test_dimensionally_inconsistent_provenance_signature_is_rejected (test_physical_bridge.PhysicalBridgeTests.test_dimensionally_inconsistent_provenance_signature_is_rejected) ... ok
2026-09-25T15:54:53.0380597Z test_direct_budget_component_inventory_fails_closed (test_physical_bridge.PhysicalBridgeTests.test_direct_budget_component_inventory_fails_closed) ... ok
2026-09-25T15:54:53.0411936Z test_direct_budget_components_must_have_one_allowed_dimension (test_physical_bridge.PhysicalBridgeTests.test_direct_budget_components_must_have_one_allowed_dimension) ... ok
2026-09-25T15:54:53.0444574Z test_direct_budget_covariances_may_reference_components_only (test_physical_bridge.PhysicalBridgeTests.test_direct_budget_covariances_may_reference_components_only) ... ok
2026-09-25T15:54:53.0454635Z test_direct_budget_rejects_unresolved_method_and_covariance_policy (test_physical_bridge.PhysicalBridgeTests.test_direct_budget_rejects_unresolved_method_and_covariance_policy) ... ok
2026-09-25T15:54:53.0485094Z test_direct_budget_requires_target_standard_uncertainty_and_unit (test_physical_bridge.PhysicalBridgeTests.test_direct_budget_requires_target_standard_uncertainty_and_unit) ... ok
2026-09-25T15:54:53.0493114Z test_direct_component_and_ancestor_cannot_enter_estimator_ancestry (test_physical_bridge.PhysicalBridgeTests.test_direct_component_and_ancestor_cannot_enter_estimator_ancestry) ... ok
2026-09-25T15:54:53.0518034Z test_direct_component_and_ancestor_target_paths_are_rejected (test_physical_bridge.PhysicalBridgeTests.test_direct_component_and_ancestor_target_paths_are_rejected) ... ok
2026-09-25T15:54:53.0525569Z test_direct_component_cannot_carry_uncertainty_on_uncertainty (test_physical_bridge.PhysicalBridgeTests.test_direct_component_cannot_carry_uncertainty_on_uncertainty) ... ok
2026-09-25T15:54:53.0590250Z test_direct_g_or_planck_estimator_input_is_rejected (test_physical_bridge.PhysicalBridgeTests.test_direct_g_or_planck_estimator_input_is_rejected) ... ok
2026-09-25T15:54:53.0602898Z test_duplicate_display_symbols_are_normalized (test_physical_bridge.PhysicalBridgeTests.test_duplicate_display_symbols_are_normalized) ... ok
2026-09-25T15:54:53.0609112Z test_duplicate_display_symbols_are_provenance_kind_agnostic (test_physical_bridge.PhysicalBridgeTests.test_duplicate_display_symbols_are_provenance_kind_agnostic) ... ok
2026-09-25T15:54:53.0613831Z test_duplicate_identifiers_and_missing_target_are_rejected (test_physical_bridge.PhysicalBridgeTests.test_duplicate_identifiers_and_missing_target_are_rejected) ... ok
2026-09-25T15:54:53.0628088Z test_each_empirical_source_metadata_field_is_required (test_physical_bridge.PhysicalBridgeTests.test_each_empirical_source_metadata_field_is_required) ... ok
2026-09-25T15:54:53.0635856Z test_empirical_direct_component_ancestor_requires_source_metadata (test_physical_bridge.PhysicalBridgeTests.test_empirical_direct_component_ancestor_requires_source_metadata) ... ok
2026-09-25T15:54:53.0651982Z test_empirical_direct_component_requires_source_metadata (test_physical_bridge.PhysicalBridgeTests.test_empirical_direct_component_requires_source_metadata) ... ok
2026-09-25T15:54:53.0657882Z test_exact_flag_does_not_bypass_empirical_source_metadata (test_physical_bridge.PhysicalBridgeTests.test_exact_flag_does_not_bypass_empirical_source_metadata) ... ok
2026-09-25T15:54:53.0696672Z test_existing_dimension_dependency_and_lean_linkages_are_explicit (test_physical_bridge.PhysicalBridgeTests.test_existing_dimension_dependency_and_lean_linkages_are_explicit) ... ok
2026-09-25T15:54:53.0704991Z test_external_comparison_record_cannot_be_a_direct_component (test_physical_bridge.PhysicalBridgeTests.test_external_comparison_record_cannot_be_a_direct_component) ... ok
2026-09-25T15:54:53.0709016Z test_external_g_reference_cannot_be_an_estimator_input (test_physical_bridge.PhysicalBridgeTests.test_external_g_reference_cannot_be_an_estimator_input) ... ok
2026-09-25T15:54:53.0780568Z test_graph_and_artifact_ordering_are_deterministic (test_physical_bridge.PhysicalBridgeTests.test_graph_and_artifact_ordering_are_deterministic) ... ok
2026-09-25T15:54:53.0805617Z test_inverse_square_estimator_dimension_is_exact (test_physical_bridge.PhysicalBridgeTests.test_inverse_square_estimator_dimension_is_exact) ... ok
2026-09-25T15:54:53.0806873Z test_lean_catalog_distinguishes_relation_from_estimator_proof (test_physical_bridge.PhysicalBridgeTests.test_lean_catalog_distinguishes_relation_from_estimator_proof) ... ok
2026-09-25T15:54:53.0868996Z test_legacy_estimator_input_uncertainty_mode_is_unchanged (test_physical_bridge.PhysicalBridgeTests.test_legacy_estimator_input_uncertainty_mode_is_unchanged) ... ok
2026-09-25T15:54:53.0875938Z test_local_atom_display_symbol_cannot_collide_with_catalog (test_physical_bridge.PhysicalBridgeTests.test_local_atom_display_symbol_cannot_collide_with_catalog) ... ok
2026-09-25T15:54:53.0878092Z test_m_planck_has_an_explicit_registered_target_path (test_physical_bridge.PhysicalBridgeTests.test_m_planck_has_an_explicit_registered_target_path) ... ok
2026-09-25T15:54:55.1950862Z test_milestone_three_dependency_results_are_preserved (test_physical_bridge.PhysicalBridgeTests.test_milestone_three_dependency_results_are_preserved) ... ok
2026-09-25T15:54:55.1953233Z test_missing_measurement_model_is_rejected_clearly (test_physical_bridge.PhysicalBridgeTests.test_missing_measurement_model_is_rejected_clearly) ... ok
2026-09-25T15:54:55.1979452Z test_missing_uncertainty_model_is_incomplete (test_physical_bridge.PhysicalBridgeTests.test_missing_uncertainty_model_is_incomplete) ... ok
2026-09-25T15:54:55.2005983Z test_missing_uncertainty_produces_incomplete_not_zero (test_physical_bridge.PhysicalBridgeTests.test_missing_uncertainty_produces_incomplete_not_zero) ... ok
2026-09-25T15:54:55.2013505Z test_missing_units_and_reference_metadata_are_rejected (test_physical_bridge.PhysicalBridgeTests.test_missing_units_and_reference_metadata_are_rejected) ... ok
2026-09-25T15:54:55.2019246Z test_model_scope_and_nonclaims_cannot_be_omitted (test_physical_bridge.PhysicalBridgeTests.test_model_scope_and_nonclaims_cannot_be_omitted) ... ok
2026-09-25T15:54:55.2023675Z test_nonexact_input_cannot_fabricate_zero_uncertainty (test_physical_bridge.PhysicalBridgeTests.test_nonexact_input_cannot_fabricate_zero_uncertainty) ... ok
2026-09-25T15:54:55.2050264Z test_numerical_ancestor_without_uncertainty_is_incomplete (test_physical_bridge.PhysicalBridgeTests.test_numerical_ancestor_without_uncertainty_is_incomplete) ... ok
2026-09-25T15:54:55.2052693Z test_other_registered_planck_quantities_have_target_paths (test_physical_bridge.PhysicalBridgeTests.test_other_registered_planck_quantities_have_target_paths) ... ok
2026-09-25T15:54:55.2058037Z test_populated_empirical_calibration_requires_documented_provenance (test_physical_bridge.PhysicalBridgeTests.test_populated_empirical_calibration_requires_documented_provenance) ... ok
2026-09-25T15:54:55.2064139Z test_populated_empirical_calibration_requires_source_provenance (test_physical_bridge.PhysicalBridgeTests.test_populated_empirical_calibration_requires_source_provenance) ... ok
2026-09-25T15:54:55.2065526Z test_public_facade_reexports_schema_and_validation_api (test_physical_bridge.PhysicalBridgeTests.test_public_facade_reexports_schema_and_validation_api) ... ok
2026-09-25T15:54:55.2068812Z test_reference_g_used_in_calibration_is_rejected (test_physical_bridge.PhysicalBridgeTests.test_reference_g_used_in_calibration_is_rejected) ... ok
2026-09-25T15:54:55.2073842Z test_reference_g_used_in_correction_is_rejected (test_physical_bridge.PhysicalBridgeTests.test_reference_g_used_in_correction_is_rejected) ... ok
2026-09-25T15:54:55.2081782Z test_reference_g_used_in_tuning_or_acceptance_is_rejected (test_physical_bridge.PhysicalBridgeTests.test_reference_g_used_in_tuning_or_acceptance_is_rejected) ... ok
2026-09-25T15:54:55.2096833Z test_registered_display_symbol_collision_ignores_outer_whitespace (test_physical_bridge.PhysicalBridgeTests.test_registered_display_symbol_collision_ignores_outer_whitespace) ... ok
2026-09-25T15:54:55.2102190Z test_registered_expression_display_symbol_cannot_collide_with_catalog (test_physical_bridge.PhysicalBridgeTests.test_registered_expression_display_symbol_cannot_collide_with_catalog) ... ok
2026-09-25T15:54:55.2108076Z test_stray_uncertainty_component_role_is_rejected_in_estimator_ancestry (test_physical_bridge.PhysicalBridgeTests.test_stray_uncertainty_component_role_is_rejected_in_estimator_ancestry) ... ok
2026-09-25T15:54:55.2120533Z test_uncertainty_basis_fields_cannot_be_mixed (test_physical_bridge.PhysicalBridgeTests.test_uncertainty_basis_fields_cannot_be_mixed) ... ok
2026-09-25T15:54:55.2125083Z test_uncertainty_component_role_is_forbidden_in_legacy_estimator (test_physical_bridge.PhysicalBridgeTests.test_uncertainty_component_role_is_forbidden_in_legacy_estimator) ... ok
2026-09-25T15:54:55.2149221Z test_unicode_format_controls_do_not_bypass_display_guards (test_physical_bridge.PhysicalBridgeTests.test_unicode_format_controls_do_not_bypass_display_guards) ... ok
2026-09-25T15:54:55.2154185Z test_unknown_provenance_parent_is_rejected_in_both_graphs (test_physical_bridge.PhysicalBridgeTests.test_unknown_provenance_parent_is_rejected_in_both_graphs) ... ok
2026-09-25T15:54:55.2179216Z test_unpopulated_empirical_record_stays_incomplete (test_physical_bridge.PhysicalBridgeTests.test_unpopulated_empirical_record_stays_incomplete) ... ok
2026-09-25T15:54:55.2205445Z test_unresolved_ancestry_remains_unresolved (test_physical_bridge.PhysicalBridgeTests.test_unresolved_ancestry_remains_unresolved) ... ok
2026-09-25T15:54:55.2233439Z test_unresolved_component_ancestry_makes_target_path_status_unresolved (test_physical_bridge.PhysicalBridgeTests.test_unresolved_component_ancestry_makes_target_path_status_unresolved) ... ok
2026-09-25T15:54:55.2293396Z test_valid_direct_measurand_budget_is_satisfied_and_serialized (test_physical_bridge.PhysicalBridgeTests.test_valid_direct_measurand_budget_is_satisfied_and_serialized) ... ok
2026-09-25T15:54:55.2297089Z test_case_catalog_has_stable_complete_metadata (test_physical_bridge_leakage.PhysicalBridgeLeakageCorpusTests.test_case_catalog_has_stable_complete_metadata) ... ok
2026-09-25T15:54:55.2721547Z test_parameterized_leakage_and_positive_control_corpus (test_physical_bridge_leakage.PhysicalBridgeLeakageCorpusTests.test_parameterized_leakage_and_positive_control_corpus) ... ok
2026-09-25T15:54:55.2723289Z test_unknown_expected_gate_is_rejected (test_physical_bridge_leakage.PhysicalBridgeLeakageCorpusTests.test_unknown_expected_gate_is_rejected) ... ok
2026-09-25T15:54:55.2729086Z test_access_date_requires_strict_iso_calendar_form (test_physical_bridge_metadata_forms.PhysicalBridgeMetadataFormTests.test_access_date_requires_strict_iso_calendar_form) ... ok
2026-09-25T15:54:55.2733962Z test_edition_remains_descriptive_nonempty_text (test_physical_bridge_metadata_forms.PhysicalBridgeMetadataFormTests.test_edition_remains_descriptive_nonempty_text) ... ok
2026-09-25T15:54:55.2741983Z test_source_identifier_requires_explicit_supported_prefix (test_physical_bridge_metadata_forms.PhysicalBridgeMetadataFormTests.test_source_identifier_requires_explicit_supported_prefix) ... ok
2026-09-25T15:54:55.2748148Z test_supported_source_identifier_forms_are_accepted (test_physical_bridge_metadata_forms.PhysicalBridgeMetadataFormTests.test_supported_source_identifier_forms_are_accepted) ... ok
2026-09-25T15:54:55.2752169Z test_valid_calendar_dates_are_accepted (test_physical_bridge_metadata_forms.PhysicalBridgeMetadataFormTests.test_valid_calendar_dates_are_accepted) ... ok
2026-09-25T15:54:55.2758403Z test_ascii_space_rejection_is_independently_pinned_for_urls (test_physical_bridge_source_identifier_hardening.PhysicalBridgeSourceIdentifierHardeningTests.test_ascii_space_rejection_is_independently_pinned_for_urls) ... ok
2026-09-25T15:54:55.2770212Z test_certificate_identifier_requires_namespaced_issuer_and_record (test_physical_bridge_source_identifier_hardening.PhysicalBridgeSourceIdentifierHardeningTests.test_certificate_identifier_requires_namespaced_issuer_and_record) ... ok
2026-09-25T15:54:55.2773910Z test_future_date_and_in_memory_mutability_remain_outside_this_form_gate (test_physical_bridge_source_identifier_hardening.PhysicalBridgeSourceIdentifierHardeningTests.test_future_date_and_in_memory_mutability_remain_outside_this_form_gate) ... ok
2026-09-25T15:54:55.2780052Z test_https_credentials_are_rejected (test_physical_bridge_source_identifier_hardening.PhysicalBridgeSourceIdentifierHardeningTests.test_https_credentials_are_rejected) ... ok
2026-09-25T15:54:55.2787467Z test_invalid_ports_and_degenerate_hosts_are_rejected (test_physical_bridge_source_identifier_hardening.PhysicalBridgeSourceIdentifierHardeningTests.test_invalid_ports_and_degenerate_hosts_are_rejected) ... ok
2026-09-25T15:54:55.2796106Z test_invisible_or_control_identifier_characters_are_rejected (test_physical_bridge_source_identifier_hardening.PhysicalBridgeSourceIdentifierHardeningTests.test_invisible_or_control_identifier_characters_are_rejected) ... ok
2026-09-25T15:54:55.2805118Z test_legacy_force_reference_token_is_rejected_without_migration_shim (test_physical_bridge_source_identifier_hardening.PhysicalBridgeSourceIdentifierHardeningTests.test_legacy_force_reference_token_is_rejected_without_migration_shim) ... ok
2026-09-25T15:54:55.2810306Z test_non_nfc_identifier_is_rejected_instead_of_rewritten (test_physical_bridge_source_identifier_hardening.PhysicalBridgeSourceIdentifierHardeningTests.test_non_nfc_identifier_is_rejected_instead_of_rewritten) ... ok
2026-09-25T15:54:55.2817175Z test_unparseable_urls_use_bridge_validation_error (test_physical_bridge_source_identifier_hardening.PhysicalBridgeSourceIdentifierHardeningTests.test_unparseable_urls_use_bridge_validation_error) ... ok
2026-09-25T15:54:55.3245235Z test_both_estimator_representations_are_rejected (test_physical_bridge_weighted.WeightedEstimatorTests.test_both_estimator_representations_are_rejected) ... ok
2026-09-25T15:54:55.3247471Z test_coefficients_must_be_finite_positive_decimals (test_physical_bridge_weighted.WeightedEstimatorTests.test_coefficients_must_be_finite_positive_decimals) ... ok
2026-09-25T15:54:55.3251956Z test_definition_must_name_every_weighted_input (test_physical_bridge_weighted.WeightedEstimatorTests.test_definition_must_name_every_weighted_input) ... ok
2026-09-25T15:54:55.3255281Z test_different_numerical_units_are_rejected (test_physical_bridge_weighted.WeightedEstimatorTests.test_different_numerical_units_are_rejected) ... ok
2026-09-25T15:54:55.3260839Z test_dm011_component_role_is_rejected_under_estimator_input_propagation (test_physical_bridge_weighted.WeightedEstimatorTests.test_dm011_component_role_is_rejected_under_estimator_input_propagation) ... ok
2026-09-25T15:54:55.3263515Z test_duplicate_empirical_input_is_rejected (test_physical_bridge_weighted.WeightedEstimatorTests.test_duplicate_empirical_input_is_rejected) ... ok
2026-09-25T15:54:55.3265395Z test_empty_estimator_is_rejected (test_physical_bridge_weighted.WeightedEstimatorTests.test_empty_estimator_is_rejected) ... ok
2026-09-25T15:54:55.3267411Z test_external_comparison_cannot_be_a_weighted_input (test_physical_bridge_weighted.WeightedEstimatorTests.test_external_comparison_cannot_be_a_weighted_input) ... ok
2026-09-25T15:54:55.3272091Z test_external_comparison_cannot_feed_weighted_ancestry (test_physical_bridge_weighted.WeightedEstimatorTests.test_external_comparison_cannot_feed_weighted_ancestry) ... ok
2026-09-25T15:54:55.3274805Z test_inverse_variance_arithmetic_rejects_invalid_uncertainties (test_physical_bridge_weighted.WeightedEstimatorTests.test_inverse_variance_arithmetic_rejects_invalid_uncertainties) ... ok
2026-09-25T15:54:55.3316848Z test_legacy_example_serializes_byte_identically (test_physical_bridge_weighted.WeightedEstimatorTests.test_legacy_example_serializes_byte_identically) ... ok
2026-09-25T15:54:55.3318946Z test_missing_weighted_term_is_rejected (test_physical_bridge_weighted.WeightedEstimatorTests.test_missing_weighted_term_is_rejected) ... ok
2026-09-25T15:54:55.3337923Z test_mixed_input_dimensions_are_rejected (test_physical_bridge_weighted.WeightedEstimatorTests.test_mixed_input_dimensions_are_rejected) ... ok
2026-09-25T15:54:55.3339970Z test_non_normalized_weights_are_rejected (test_physical_bridge_weighted.WeightedEstimatorTests.test_non_normalized_weights_are_rejected) ... ok
2026-09-25T15:54:55.3343791Z test_normalization_does_not_replace_inverse_variance_recomputation (test_physical_bridge_weighted.WeightedEstimatorTests.test_normalization_does_not_replace_inverse_variance_recomputation) ... ok
2026-09-25T15:54:55.3354715Z test_registered_target_path_in_deep_weighted_ancestry_is_rejected (test_physical_bridge_weighted.WeightedEstimatorTests.test_registered_target_path_in_deep_weighted_ancestry_is_rejected) ... ok
2026-09-25T15:54:55.3365309Z test_registered_target_path_in_weighted_input_is_rejected (test_physical_bridge_weighted.WeightedEstimatorTests.test_registered_target_path_in_weighted_input_is_rejected) ... ok
2026-09-25T15:54:55.3367440Z test_unknown_weight_rule_is_rejected (test_physical_bridge_weighted.WeightedEstimatorTests.test_unknown_weight_rule_is_rejected) ... ok
2026-09-25T15:54:55.3426673Z test_valid_normalized_estimator_is_structural_and_uncertainty_qualified (test_physical_bridge_weighted.WeightedEstimatorTests.test_valid_normalized_estimator_is_structural_and_uncertainty_qualified) ... ok
2026-09-25T15:54:55.3429557Z test_weight_calculation_is_independent_of_ambient_context_and_mapping_order (test_physical_bridge_weighted.WeightedEstimatorTests.test_weight_calculation_is_independent_of_ambient_context_and_mapping_order) ... ok
2026-09-25T15:54:55.3433013Z test_weighting_rule_cannot_be_attached_to_a_monomial (test_physical_bridge_weighted.WeightedEstimatorTests.test_weighting_rule_cannot_be_attached_to_a_monomial) ... ok
2026-09-25T15:54:57.4322562Z test_all_four_signatures_are_certified_controls (test_planck_identities.PlanckIdentityCatalogTests.test_all_four_signatures_are_certified_controls) ... ok
2026-09-25T15:54:57.4325239Z test_baseline_search_still_returns_twenty_one_matches (test_planck_identities.PlanckIdentityCatalogTests.test_baseline_search_still_returns_twenty_one_matches) ... ok
2026-09-25T15:54:57.4327286Z test_catalog_theorem_names_match_expected_lean_api (test_planck_identities.PlanckIdentityCatalogTests.test_catalog_theorem_names_match_expected_lean_api) ... ok
2026-09-25T15:54:57.4329405Z test_malformed_and_duplicate_catalog_entries_are_rejected (test_planck_identities.PlanckIdentityCatalogTests.test_malformed_and_duplicate_catalog_entries_are_rejected) ... ok
2026-09-25T15:54:57.4331551Z test_other_planck_candidate_retains_cautious_classification (test_planck_identities.PlanckIdentityCatalogTests.test_other_planck_candidate_retains_cautious_classification) ... ok
2026-09-25T15:54:57.4333094Z test_rounded_numerical_controls_are_approximate_not_exact (test_planck_identities.PlanckIdentityCatalogTests.test_rounded_numerical_controls_are_approximate_not_exact) ... ok
2026-09-25T15:54:57.4972473Z test_change_and_revert_is_rejected (test_preregistration_chronology.PreregistrationChronologyTests.test_change_and_revert_is_rejected) ... ok
2026-09-25T15:54:57.5338612Z test_current_deletion_is_rejected (test_preregistration_chronology.PreregistrationChronologyTests.test_current_deletion_is_rejected) ... ok
2026-09-25T15:54:57.5959889Z test_delete_and_restore_is_rejected (test_preregistration_chronology.PreregistrationChronologyTests.test_delete_and_restore_is_rejected) ... ok
2026-09-25T15:54:57.6321487Z test_hash_mismatch_and_invalid_metadata_fail (test_preregistration_chronology.PreregistrationChronologyTests.test_hash_mismatch_and_invalid_metadata_fail) ... ok
2026-09-25T15:54:57.6859633Z test_merge_commit_cannot_be_the_freeze (test_preregistration_chronology.PreregistrationChronologyTests.test_merge_commit_cannot_be_the_freeze) ... ok
2026-09-25T15:54:57.7665779Z test_merge_simplification_cannot_hide_side_branch_edit (test_preregistration_chronology.PreregistrationChronologyTests.test_merge_simplification_cannot_hide_side_branch_edit) ... ok
2026-09-25T15:54:57.7999668Z test_mixed_first_commit_is_rejected (test_preregistration_chronology.PreregistrationChronologyTests.test_mixed_first_commit_is_rejected) ... ok
2026-09-25T15:54:57.8489724Z test_nonancestor_freeze_cannot_be_rescued_by_identical_worktree (test_preregistration_chronology.PreregistrationChronologyTests.test_nonancestor_freeze_cannot_be_rescued_by_identical_worktree) ... ok
2026-09-25T15:54:57.8839796Z test_preexisting_file_cannot_be_claimed_as_first_freeze (test_preregistration_chronology.PreregistrationChronologyTests.test_preexisting_file_cannot_be_claimed_as_first_freeze) ... ok
2026-09-25T15:54:57.9363781Z test_shallow_history_fails_closed (test_preregistration_chronology.PreregistrationChronologyTests.test_shallow_history_fails_closed) ... ok
2026-09-25T15:54:58.0143311Z test_unchanged_merge_and_unrelated_prefreeze_history_pass (test_preregistration_chronology.PreregistrationChronologyTests.test_unchanged_merge_and_unrelated_prefreeze_history_pass) ... ok
2026-09-25T15:54:58.0548833Z test_unchanged_nonfreezing_commit_is_rejected (test_preregistration_chronology.PreregistrationChronologyTests.test_unchanged_nonfreezing_commit_is_rejected) ... ok
2026-09-25T15:54:58.0910820Z test_uncommitted_change_is_rejected (test_preregistration_chronology.PreregistrationChronologyTests.test_uncommitted_change_is_rejected) ... ok
2026-09-25T15:54:58.1429708Z test_valid_preregistration_only_first_commit_passes (test_preregistration_chronology.PreregistrationChronologyTests.test_valid_preregistration_only_first_commit_passes) ... ok
2026-09-25T15:54:58.1926863Z test_wrong_parent_is_rejected (test_preregistration_chronology.PreregistrationChronologyTests.test_wrong_parent_is_rejected) ... ok
2026-09-25T15:54:58.1934899Z test_canonical_decision_and_outcome_match_pinned_audit_line (test_published_data_pilot.PublishedDataPilotTests.test_canonical_decision_and_outcome_match_pinned_audit_line) ... ok
2026-09-25T15:54:58.1942924Z test_clean_generated_manifest_is_current_and_deterministic (test_published_data_pilot.PublishedDataPilotTests.test_clean_generated_manifest_is_current_and_deterministic) ... ok
2026-09-25T15:54:58.1978681Z test_each_governing_document_is_hash_pinned (test_published_data_pilot.PublishedDataPilotTests.test_each_governing_document_is_hash_pinned) ... ok
2026-09-25T15:54:58.1991856Z test_rehashing_a_changed_preregistration_does_not_restore_acceptance (test_published_data_pilot.PublishedDataPilotTests.test_rehashing_a_changed_preregistration_does_not_restore_acceptance) ... ok
2026-09-25T15:54:58.2007488Z test_semantic_manifest_fields_are_canonical (test_published_data_pilot.PublishedDataPilotTests.test_semantic_manifest_fields_are_canonical) ... ok
2026-09-25T15:54:58.2020140Z test_canonical_row_span_compares_spaces_not_literal_bases (test_pydimension_comparison.PyDimensionComparisonTests.test_canonical_row_span_compares_spaces_not_literal_bases) ... ok
2026-09-25T15:54:58.2214741Z test_committed_result_is_current_and_control_disagrees (test_pydimension_comparison.PyDimensionComparisonTests.test_committed_result_is_current_and_control_disagrees) ... ok
2026-09-25T15:54:58.2394494Z test_float_diagnostic_does_not_control_exact_verdict (test_pydimension_comparison.PyDimensionComparisonTests.test_float_diagnostic_does_not_control_exact_verdict) ... ok
2026-09-25T15:54:58.2400855Z test_internal_baseline_is_affine_rank_four_nullity_six (test_pydimension_comparison.PyDimensionComparisonTests.test_internal_baseline_is_affine_rank_four_nullity_six) ... ok
2026-09-25T15:54:58.2402937Z test_preregistered_matrix_is_current_project_matrix (test_pydimension_comparison.PyDimensionComparisonTests.test_preregistered_matrix_is_current_project_matrix) ... ok
2026-09-25T15:54:58.2416540Z test_preregistered_planted_control_changes_the_kernel (test_pydimension_comparison.PyDimensionComparisonTests.test_preregistered_planted_control_changes_the_kernel) ... ok
2026-09-25T15:54:58.3348794Z test_committed_source_chronology_and_retained_bytes (test_pysr_adapter2.CommittedArchiveTests.test_committed_source_chronology_and_retained_bytes) ... ok
2026-09-25T15:54:58.3380854Z test_boolean_retry_counter_is_not_an_integer (test_pysr_adapter2.SetupArchiveTests.test_boolean_retry_counter_is_not_an_integer) ... ok
2026-09-25T15:54:58.3411245Z test_boolean_zero_is_not_a_fit_counter (test_pysr_adapter2.SetupArchiveTests.test_boolean_zero_is_not_a_fit_counter) ... ok
2026-09-25T15:54:58.3439562Z test_changed_diagnostic_rejected_by_raw_binding (test_pysr_adapter2.SetupArchiveTests.test_changed_diagnostic_rejected_by_raw_binding) ... ok
2026-09-25T15:54:58.3462714Z test_changed_host_mapping_is_rejected (test_pysr_adapter2.SetupArchiveTests.test_changed_host_mapping_is_rejected) ... ok
2026-09-25T15:54:58.3493285Z test_changed_recovery_command_is_rejected (test_pysr_adapter2.SetupArchiveTests.test_changed_recovery_command_is_rejected) ... ok
2026-09-25T15:54:58.3524163Z test_completed_runtime_layer_invalidates_this_route (test_pysr_adapter2.SetupArchiveTests.test_completed_runtime_layer_invalidates_this_route) ... ok
2026-09-25T15:54:58.3556225Z test_consistently_rehashed_unrelated_failure_is_rejected (test_pysr_adapter2.SetupArchiveTests.test_consistently_rehashed_unrelated_failure_is_rejected) ... ok
2026-09-25T15:54:58.3573576Z test_duplicate_keys_and_nonfinite_numbers_are_rejected (test_pysr_adapter2.SetupArchiveTests.test_duplicate_keys_and_nonfinite_numbers_are_rejected) ... ok
2026-09-25T15:54:58.3720499Z test_each_alternate_disposition_requires_different_evidence (test_pysr_adapter2.SetupArchiveTests.test_each_alternate_disposition_requires_different_evidence) ... ok
2026-09-25T15:54:58.3737993Z test_extra_epoch_cannot_verify (test_pysr_adapter2.SetupArchiveTests.test_extra_epoch_cannot_verify) ... ok
2026-09-25T15:54:58.3760567Z test_false_sandbox_claim_is_rejected (test_pysr_adapter2.SetupArchiveTests.test_false_sandbox_claim_is_rejected) ... ok
2026-09-25T15:54:58.3793696Z test_incomplete_child_capture_is_rejected (test_pysr_adapter2.SetupArchiveTests.test_incomplete_child_capture_is_rejected) ... ok
2026-09-25T15:54:58.3816645Z test_initial_capture_limitation_must_be_retained (test_pysr_adapter2.SetupArchiveTests.test_initial_capture_limitation_must_be_retained) ... ok
2026-09-25T15:54:58.3833643Z test_missing_evidence_cannot_verify (test_pysr_adapter2.SetupArchiveTests.test_missing_evidence_cannot_verify) ... ok
2026-09-25T15:54:58.3863907Z test_postexecution_recovery_plan_is_rejected (test_pysr_adapter2.SetupArchiveTests.test_postexecution_recovery_plan_is_rejected) ... ok
2026-09-25T15:54:58.3881725Z test_preanchor_execution_is_rejected (test_pysr_adapter2.SetupArchiveTests.test_preanchor_execution_is_rejected) ... ok
2026-09-25T15:54:58.3911879Z test_process_signal_cannot_be_relabelled_as_known_refusal (test_pysr_adapter2.SetupArchiveTests.test_process_signal_cannot_be_relabelled_as_known_refusal) ... ok
2026-09-25T15:54:58.3944011Z test_recovery_must_bind_first_failure (test_pysr_adapter2.SetupArchiveTests.test_recovery_must_bind_first_failure) ... ok
2026-09-25T15:54:58.3974295Z test_retained_failure_is_no_go_and_never_operational (test_pysr_adapter2.SetupArchiveTests.test_retained_failure_is_no_go_and_never_operational) ... ok
2026-09-25T15:54:58.4003186Z test_retry_count_cannot_be_reset (test_pysr_adapter2.SetupArchiveTests.test_retry_count_cannot_be_reset) ... ok
2026-09-25T15:54:58.4033385Z test_runtime_qualification_has_no_completed_layer (test_pysr_adapter2.SetupArchiveTests.test_runtime_qualification_has_no_completed_layer) ... ok
2026-09-25T15:54:58.4062130Z test_seed_creation_invalidates_predata_stop (test_pysr_adapter2.SetupArchiveTests.test_seed_creation_invalidates_predata_stop) ... ok
2026-09-25T15:54:58.4091412Z test_source_substitution_is_rejected (test_pysr_adapter2.SetupArchiveTests.test_source_substitution_is_rejected) ... ok
2026-09-25T15:54:58.4119597Z test_unknown_top_level_fields_are_rejected (test_pysr_adapter2.SetupArchiveTests.test_unknown_top_level_fields_are_rejected) ... ok
2026-09-25T15:54:58.4149825Z test_unrecorded_environment_change_is_rejected (test_pysr_adapter2.SetupArchiveTests.test_unrecorded_environment_change_is_rejected) ... ok
2026-09-25T15:54:58.4306971Z test_unsupported_report_promotions_are_rejected (test_pysr_adapter2.SetupArchiveTests.test_unsupported_report_promotions_are_rejected) ... ok
2026-09-25T15:54:58.5410119Z test_offline_committed_evidence_guard (test_pysr_adapter_setup.CommittedSetupEvidenceTests.test_offline_committed_evidence_guard) ... ok
2026-09-25T15:54:58.5453543Z test_adverse_label_alone_cannot_validate_successful_or_unexplained_process (test_pysr_adapter_setup.SetupEvidenceTests.test_adverse_label_alone_cannot_validate_successful_or_unexplained_process) ... ok
2026-09-25T15:54:58.5576350Z test_all_unsubstantiated_dispositions_are_rejected (test_pysr_adapter_setup.SetupEvidenceTests.test_all_unsubstantiated_dispositions_are_rejected) ... ok
2026-09-25T15:54:58.5619473Z test_duplicate_json_keys_are_rejected (test_pysr_adapter_setup.SetupEvidenceTests.test_duplicate_json_keys_are_rejected) ... ok
2026-09-25T15:54:58.5646317Z test_inventory_cannot_drop_failure_or_add_target_output (test_pysr_adapter_setup.SetupEvidenceTests.test_inventory_cannot_drop_failure_or_add_target_output) ... ok
2026-09-25T15:54:58.5728944Z test_no_scientific_promotion_or_operational_acceptance (test_pysr_adapter_setup.SetupEvidenceTests.test_no_scientific_promotion_or_operational_acceptance) ... ok
2026-09-25T15:54:58.5760378Z test_pinned_version_substitution_rejected (test_pysr_adapter_setup.SetupEvidenceTests.test_pinned_version_substitution_rejected) ... ok
2026-09-25T15:54:58.5791429Z test_pre_anchor_setup_is_rejected (test_pysr_adapter_setup.SetupEvidenceTests.test_pre_anchor_setup_is_rejected) ... ok
2026-09-25T15:54:58.5930580Z test_qualification_or_live_claims_cannot_be_fabricated (test_pysr_adapter_setup.SetupEvidenceTests.test_qualification_or_live_claims_cannot_be_fabricated) ... ok
2026-09-25T15:54:58.5961048Z test_raw_log_corruption_is_rejected (test_pysr_adapter_setup.SetupEvidenceTests.test_raw_log_corruption_is_rejected) ... ok
2026-09-25T15:54:58.6003089Z test_resigned_but_unrelated_failure_cannot_claim_sigbus (test_pysr_adapter_setup.SetupEvidenceTests.test_resigned_but_unrelated_failure_cannot_claim_sigbus) ... ok
2026-09-25T15:54:58.6048515Z test_retry_exhaustion_and_partial_log_retention_are_preserved (test_pysr_adapter_setup.SetupEvidenceTests.test_retry_exhaustion_and_partial_log_retention_are_preserved) ... ok
2026-09-25T15:54:58.6111229Z test_source_binding_and_result_substitution_rejected (test_pysr_adapter_setup.SetupEvidenceTests.test_source_binding_and_result_substitution_rejected) ... ok
2026-09-25T15:54:58.6155995Z test_truthful_setup_no_go_is_verifiable_but_not_accepted_adapter (test_pysr_adapter_setup.SetupEvidenceTests.test_truthful_setup_no_go_is_verifiable_but_not_accepted_adapter) ... ok
2026-09-25T15:54:58.6158031Z test_constant_only_candidate_has_explicit_preregistered_semantics (test_pysr_leakage_audit.PySRLeakageAuditTests.test_constant_only_candidate_has_explicit_preregistered_semantics) ... ok
2026-09-25T15:54:58.6165500Z test_nonconstant_audits_are_unchanged_from_primary_probe_contract (test_pysr_leakage_audit.PySRLeakageAuditTests.test_nonconstant_audits_are_unchanged_from_primary_probe_contract) ... ok
2026-09-25T15:54:58.6171276Z test_exact_cancellation_uses_normalized_structural_ancestry (test_pysr_leakage_final_cleanup.PySRLeakageFinalCleanupTests.test_exact_cancellation_uses_normalized_structural_ancestry) ... ok
2026-09-25T15:54:58.6187787Z test_existing_hardening_guard_pins_final_cleanup_semantics (test_pysr_leakage_final_cleanup.PySRLeakageFinalCleanupTests.test_existing_hardening_guard_pins_final_cleanup_semantics) ... ok
2026-09-25T15:54:58.6553669Z test_historical_v2_result_remains_current (test_pysr_leakage_final_cleanup.PySRLeakageFinalCleanupTests.test_historical_v2_result_remains_current) ... ok
2026-09-25T15:54:58.6555731Z test_hostile_syntax_remains_a_controlled_v3_failure (test_pysr_leakage_final_cleanup.PySRLeakageFinalCleanupTests.test_hostile_syntax_remains_a_controlled_v3_failure) ... ok
2026-09-25T15:54:58.6557504Z test_overflowing_numeric_literals_are_controlled (test_pysr_leakage_final_cleanup.PySRLeakageFinalCleanupTests.test_overflowing_numeric_literals_are_controlled) ... ok
2026-09-25T15:54:58.6564057Z test_partial_cancellation_preserves_surviving_hidden_factor (test_pysr_leakage_final_cleanup.PySRLeakageFinalCleanupTests.test_partial_cancellation_preserves_surviving_hidden_factor) ... ok
2026-09-25T15:54:58.6570089Z test_single_hidden_factor_still_has_detected_ancestry (test_pysr_leakage_final_cleanup.PySRLeakageFinalCleanupTests.test_single_hidden_factor_still_has_detected_ancestry) ... ok
2026-09-25T15:54:58.6574365Z test_committed_external_search_matches_preregistration_exactly (test_pysr_leakage_hardening.PySRLeakageHardeningTests.test_committed_external_search_matches_preregistration_exactly) ... ok
2026-09-25T15:54:58.6577512Z test_constant_only_target_exposed_candidate_is_structurally_not_applicable (test_pysr_leakage_hardening.PySRLeakageHardeningTests.test_constant_only_target_exposed_candidate_is_structurally_not_applicable) ... ok
2026-09-25T15:54:58.6583301Z test_external_source_pin_mismatch_fails_closed (test_pysr_leakage_hardening.PySRLeakageHardeningTests.test_external_source_pin_mismatch_fails_closed) ... ok
2026-09-25T15:54:58.6677801Z test_frozen_evidence_contains_explicit_constant_semantics_controls (test_pysr_leakage_hardening.PySRLeakageHardeningTests.test_frozen_evidence_contains_explicit_constant_semantics_controls) ... ok
2026-09-25T15:54:58.6685920Z test_nonconstant_hidden_leak_retains_detected_ancestry (test_pysr_leakage_hardening.PySRLeakageHardeningTests.test_nonconstant_hidden_leak_retains_detected_ancestry) ... ok
2026-09-25T15:54:58.6689406Z test_parser_rejects_call_syntax_even_when_function_name_is_allowed (test_pysr_leakage_hardening.PySRLeakageHardeningTests.test_parser_rejects_call_syntax_even_when_function_name_is_allowed) ... ok
2026-09-25T15:54:58.6694800Z test_search_configuration_mismatch_fails_closed (test_pysr_leakage_hardening.PySRLeakageHardeningTests.test_search_configuration_mismatch_fails_closed) ... ok
2026-09-25T15:54:58.6700277Z test_seed_coverage_mismatch_fails_closed (test_pysr_leakage_hardening.PySRLeakageHardeningTests.test_seed_coverage_mismatch_fails_closed) ... ok
2026-09-25T15:54:58.6707466Z test_hidden_generation_path_remains_independent_of_registered_graph (test_pysr_leakage_mutation_guards.PySRLeakageMutationGuardTests.test_hidden_generation_path_remains_independent_of_registered_graph) ... ok
2026-09-25T15:54:58.6710016Z test_additive_expression_can_be_dimensionally_valid_but_not_monomial (test_pysr_leakage_probe.PySRLeakageProbeTests.test_additive_expression_can_be_dimensionally_valid_but_not_monomial) ... ok
2026-09-25T15:54:58.6715272Z test_all_pysr_candidates_are_target_exposed_and_never_promotable (test_pysr_leakage_probe.PySRLeakageProbeTests.test_all_pysr_candidates_are_target_exposed_and_never_promotable) ... ok
2026-09-25T15:54:58.6717499Z test_candidate_identifier_depends_on_raw_identity_not_audit (test_pysr_leakage_probe.PySRLeakageProbeTests.test_candidate_identifier_depends_on_raw_identity_not_audit) ... ok
2026-09-25T15:54:58.6733456Z test_canonical_controls_pin_three_distinct_leakage_states (test_pysr_leakage_probe.PySRLeakageProbeTests.test_canonical_controls_pin_three_distinct_leakage_states) ... ok
2026-09-25T15:54:58.6867649Z test_datasets_are_byte_deterministic_and_complete (test_pysr_leakage_probe.PySRLeakageProbeTests.test_datasets_are_byte_deterministic_and_complete) ... ok
2026-09-25T15:54:58.6870089Z test_incompatible_addition_is_dimensionally_invalid (test_pysr_leakage_probe.PySRLeakageProbeTests.test_incompatible_addition_is_dimensionally_invalid) ... ok
2026-09-25T15:54:58.6876304Z test_multiplicative_candidates_are_normalized_exactly (test_pysr_leakage_probe.PySRLeakageProbeTests.test_multiplicative_candidates_are_normalized_exactly) ... ok
2026-09-25T15:54:58.7043636Z test_result_builder_audits_every_channel_seed_and_preserves_one_way_valve (test_pysr_leakage_probe.PySRLeakageProbeTests.test_result_builder_audits_every_channel_seed_and_preserves_one_way_valve) ... ok
2026-09-25T15:54:58.7046499Z test_safe_parser_rejects_code_execution_and_unknown_names (test_pysr_leakage_probe.PySRLeakageProbeTests.test_safe_parser_rejects_code_execution_and_unknown_names) ... ok
2026-09-25T15:54:58.7166001Z test_all_small_box_corners_are_enclosed_and_match_matrix_oracle (test_rounding_consistency.RoundingConsistencyTests.test_all_small_box_corners_are_enclosed_and_match_matrix_oracle) ... ok
2026-09-25T15:54:58.7176288Z test_candidate_schedule_is_complete_ordered_and_interior (test_rounding_consistency.RoundingConsistencyTests.test_candidate_schedule_is_complete_ordered_and_interior) ... ok
2026-09-25T15:54:58.7178805Z test_comparison_boundary_contact_is_not_a_witness (test_rounding_consistency.RoundingConsistencyTests.test_comparison_boundary_contact_is_not_a_witness) ... ok
2026-09-25T15:54:58.7209510Z test_comparison_changes_never_change_calculation (test_rounding_consistency.RoundingConsistencyTests.test_comparison_changes_never_change_calculation) ... ok
2026-09-25T15:54:58.7255770Z test_decimal_context_cannot_affect_calculation (test_rounding_consistency.RoundingConsistencyTests.test_decimal_context_cannot_affect_calculation) ... ok
2026-09-25T15:54:58.7278217Z test_degenerate_intervals_collapse_exactly (test_rounding_consistency.RoundingConsistencyTests.test_degenerate_intervals_collapse_exactly) ... ok
2026-09-25T15:54:58.7281973Z test_direct_point_weights_use_absolute_total_variance (test_rounding_consistency.RoundingConsistencyTests.test_direct_point_weights_use_absolute_total_variance) ... ok
2026-09-25T15:54:58.7289917Z test_exact_single_component_enclosure_and_rational_interior_grid (test_rounding_consistency.RoundingConsistencyTests.test_exact_single_component_enclosure_and_rational_interior_grid) ... ok
2026-09-25T15:54:58.7291895Z test_input_boundary_contact_is_not_a_witness (test_rounding_consistency.RoundingConsistencyTests.test_input_boundary_contact_is_not_a_witness) ... ok
2026-09-25T15:54:58.7293820Z test_integer_square_root_rounds_outward (test_rounding_consistency.RoundingConsistencyTests.test_integer_square_root_rounds_outward) ... ok
2026-09-25T15:54:58.7296050Z test_invalid_authoritative_scalars_fail (test_rounding_consistency.RoundingConsistencyTests.test_invalid_authoritative_scalars_fail) ... ok
2026-09-25T15:54:58.7298648Z test_invalid_candidate_schedules_fail (test_rounding_consistency.RoundingConsistencyTests.test_invalid_candidate_schedules_fail) ... ok
2026-09-25T15:54:58.7300754Z test_nonpositive_or_malformed_budget_fails (test_rounding_consistency.RoundingConsistencyTests.test_nonpositive_or_malformed_budget_fails) ... ok
2026-09-25T15:54:58.7303158Z test_point_outside_domain_or_wrong_shape_fails (test_rounding_consistency.RoundingConsistencyTests.test_point_outside_domain_or_wrong_shape_fails) ... ok
2026-09-25T15:54:58.7305335Z test_shared_and_independent_terms_have_different_covariance (test_rounding_consistency.RoundingConsistencyTests.test_shared_and_independent_terms_have_different_covariance) ... ok
2026-09-25T15:54:58.7314602Z test_tampered_witness_arithmetic_is_rejected (test_rounding_consistency.RoundingConsistencyTests.test_tampered_witness_arithmetic_is_rejected) ... ok
2026-09-25T15:54:58.7330207Z test_three_outcomes_have_distinct_certificates (test_rounding_consistency.RoundingConsistencyTests.test_three_outcomes_have_distinct_certificates) ... ok
2026-09-25T15:54:58.7333008Z test_touching_enclosures_do_not_establish_exclusion (test_rounding_consistency.RoundingConsistencyTests.test_touching_enclosures_do_not_establish_exclusion) ... ok
2026-09-25T15:54:58.7371473Z test_unequal_central_values_and_shifted_weights_match_matrix_oracle (test_rounding_consistency.RoundingConsistencyTests.test_unequal_central_values_and_shifted_weights_match_matrix_oracle) ... ok
2026-09-25T15:54:58.7385767Z test_unresolved_does_not_mean_impossible (test_rounding_consistency.RoundingConsistencyTests.test_unresolved_does_not_mean_impossible) ... ok
2026-09-25T15:54:58.7394306Z test_zero_width_comparison_permits_exact_equality (test_rounding_consistency.RoundingConsistencyTests.test_zero_width_comparison_permits_exact_equality) ... ok
2026-09-25T15:54:58.7396081Z test_assertion_failure_and_equivalent_survival_are_distinct (test_schlamminger_2006_mutations.SchlammingerMutationTests.test_assertion_failure_and_equivalent_survival_are_distinct) ... ok
2026-09-25T15:54:59.4676540Z test_committed_mutation_evidence_and_inventory (test_schlamminger_2006_mutations.SchlammingerMutationTests.test_committed_mutation_evidence_and_inventory) ... ok
2026-09-25T15:54:59.4678326Z test_infrastructure_errors_skips_and_freshness_are_invalid (test_schlamminger_2006_mutations.SchlammingerMutationTests.test_infrastructure_errors_skips_and_freshness_are_invalid) ... ok
2026-09-25T15:54:59.4680252Z test_mutation_inventory_is_bounded_and_wrapper_only (test_schlamminger_2006_mutations.SchlammingerMutationTests.test_mutation_inventory_is_bounded_and_wrapper_only) ... ok
2026-09-25T15:55:00.1647766Z test_frozen_specification_history_and_preserved_hust (test_schlamminger_2006_rounding_consistency.SchlammingerArtifactTests.test_frozen_specification_history_and_preserved_hust) ... ok
2026-09-25T15:55:00.1665200Z test_missing_source_and_changed_specification_fail (test_schlamminger_2006_rounding_consistency.SchlammingerArtifactTests.test_missing_source_and_changed_specification_fail) ... ok
2026-09-25T15:55:00.8835267Z test_result_freshness_and_separated_terminal_records (test_schlamminger_2006_rounding_consistency.SchlammingerArtifactTests.test_result_freshness_and_separated_terminal_records) ... ok
2026-09-25T15:55:01.5779212Z test_both_calculations_finish_before_any_classification (test_schlamminger_2006_rounding_consistency.SchlammingerBehaviorTests.test_both_calculations_finish_before_any_classification) ... ok
2026-09-25T15:55:01.5825388Z test_both_scopes_execute_for_every_first_verdict (test_schlamminger_2006_rounding_consistency.SchlammingerBehaviorTests.test_both_scopes_execute_for_every_first_verdict) ... ok
2026-09-25T15:55:01.5878621Z test_exact_bins_schedule_and_independent_oracle (test_schlamminger_2006_rounding_consistency.SchlammingerBehaviorTests.test_exact_bins_schedule_and_independent_oracle) ... ok
2026-09-25T15:55:01.5884717Z test_exact_table_transcription_and_source_roles (test_schlamminger_2006_rounding_consistency.SchlammingerBehaviorTests.test_exact_table_transcription_and_source_roles) ... ok
2026-09-25T15:55:01.6243345Z test_freeze_gate_cannot_be_skipped (test_schlamminger_2006_rounding_consistency.SchlammingerBehaviorTests.test_freeze_gate_cannot_be_skipped) ... ok
2026-09-25T15:55:01.6350081Z test_one_run_corners_and_correlation_tags (test_schlamminger_2006_rounding_consistency.SchlammingerBehaviorTests.test_one_run_corners_and_correlation_tags) ... ok
2026-09-25T15:55:01.6585272Z test_positive_central_value_invariance (test_schlamminger_2006_rounding_consistency.SchlammingerBehaviorTests.test_positive_central_value_invariance) ... ok
2026-09-25T15:55:01.6595034Z test_scope_omission_merge_swap_and_foreign_inputs_rejected (test_schlamminger_2006_rounding_consistency.SchlammingerBehaviorTests.test_scope_omission_merge_swap_and_foreign_inputs_rejected) ... ok
2026-09-25T15:55:01.6629961Z test_source_component_substitution_deletion_and_role_mutations_fail (test_schlamminger_2006_rounding_consistency.SchlammingerBehaviorTests.test_source_component_substitution_deletion_and_role_mutations_fail) ... ok
2026-09-25T15:55:01.6833851Z test_targets_cannot_enter_calculator_or_change_candidates (test_schlamminger_2006_rounding_consistency.SchlammingerBehaviorTests.test_targets_cannot_enter_calculator_or_change_candidates) ... ok
2026-09-25T15:55:01.7166110Z test_terminal_bins_and_malformed_evidence (test_schlamminger_2006_rounding_consistency.SchlammingerBehaviorTests.test_terminal_bins_and_malformed_evidence) ... ok
2026-09-25T15:55:01.7185675Z test_three_generic_controls_remain_available (test_schlamminger_2006_rounding_consistency.SchlammingerBehaviorTests.test_three_generic_controls_remain_available) ... ok
2026-09-25T15:55:01.7241229Z test_verdicts_match_independent_certificate_rules (test_schlamminger_2006_rounding_consistency.SchlammingerBehaviorTests.test_verdicts_match_independent_certificate_rules) ... ok
2026-09-25T15:55:01.7617830Z test_changed_result_driving_source_is_a_hard_violation (test_source_history.SourceHistoryTests.test_changed_result_driving_source_is_a_hard_violation) ... ok
2026-09-25T15:55:01.7922703Z test_complete_unchanged_ancestor_is_verified (test_source_history.SourceHistoryTests.test_complete_unchanged_ancestor_is_verified) ... ok
2026-09-25T15:55:01.8371444Z test_full_nonancestor_is_a_hard_violation (test_source_history.SourceHistoryTests.test_full_nonancestor_is_a_hard_violation) ... ok
2026-09-25T15:55:01.8386888Z test_no_git_history_is_unavailable (test_source_history.SourceHistoryTests.test_no_git_history_is_unavailable) ... ok
2026-09-25T15:55:01.8825696Z test_shallow_clone_reports_history_unavailable (test_source_history.SourceHistoryTests.test_shallow_clone_reports_history_unavailable) ... ok
2026-09-25T15:55:01.8964179Z test_1_leakage_precedes_scoring_and_cancellation_cannot_hide_path (test_symbolic_benchmark.BenchmarkBoundaryTests.test_1_leakage_precedes_scoring_and_cancellation_cannot_hide_path) ... ok
2026-09-25T15:55:02.0849058Z test_2_heldout_cannot_change_sealed_selection_and_tampering_fails (test_symbolic_benchmark.BenchmarkBoundaryTests.test_2_heldout_cannot_change_sealed_selection_and_tampering_fails) ... ok
2026-09-25T15:55:02.2005002Z test_3_oracle_api_and_worker_file_import_boundaries (test_symbolic_benchmark.BenchmarkBoundaryTests.test_3_oracle_api_and_worker_file_import_boundaries) ... ok
2026-09-25T15:55:02.4233287Z test_4_exact_equivalence_and_dimensional_near_miss (test_symbolic_benchmark.BenchmarkBoundaryTests.test_4_exact_equivalence_and_dimensional_near_miss) ... ok
2026-09-25T15:55:02.8916215Z test_5_irrelevant_ablation_and_no_significance_from_fit (test_symbolic_benchmark.BenchmarkBoundaryTests.test_5_irrelevant_ablation_and_no_significance_from_fit) ... ok
2026-09-25T15:55:02.9077399Z test_6_wrong_regime_world_can_abstain_without_pipeline_failure (test_symbolic_benchmark.BenchmarkBoundaryTests.test_6_wrong_regime_world_can_abstain_without_pipeline_failure) ... ok
2026-09-25T15:55:02.9204572Z test_7_independent_metric_coefficient_and_threshold_oracles (test_symbolic_benchmark.BenchmarkBoundaryTests.test_7_independent_metric_coefficient_and_threshold_oracles) ... ok
2026-09-25T15:55:02.9237287Z test_correction_module_has_no_discovery_or_generator_execution_import (test_symbolic_benchmark_receipt.ReceiptCorrectionTests.test_correction_module_has_no_discovery_or_generator_execution_import) ... ok
2026-09-25T15:55:02.9239664Z test_exact_known_cache_attempts_only_and_manifest_binding (test_symbolic_benchmark_receipt.ReceiptCorrectionTests.test_exact_known_cache_attempts_only_and_manifest_binding) ... ok
2026-09-25T15:55:02.9452083Z test_open_event_precedes_failed_read (test_symbolic_benchmark_receipt.ReceiptCorrectionTests.test_open_event_precedes_failed_read) ... ok
2026-09-25T15:55:03.0407257Z test_adverse_performance_complete_partial_failure_and_nonmonotonic (test_symbolic_margin.CustodyAndAggregationTests.test_adverse_performance_complete_partial_failure_and_nonmonotonic) ... ok
2026-09-25T15:55:03.0415906Z test_binding_seed_and_exclusive_writes (test_symbolic_margin.CustodyAndAggregationTests.test_binding_seed_and_exclusive_writes) ... ok
2026-09-25T15:55:03.0639084Z test_explicit_forward_route_includes_historical_final_disposition (test_symbolic_margin.CustodyAndAggregationTests.test_explicit_forward_route_includes_historical_final_disposition) ... ok
2026-09-25T15:55:03.1312949Z test_unique_introduction_and_change_revert_detection (test_symbolic_margin.CustodyAndAggregationTests.test_unique_introduction_and_change_revert_detection) ... ok
2026-09-25T15:55:03.1481044Z test_coefficient_tolerance_fixture_changes_credit (test_symbolic_margin.GeneratorAndEvaluationTests.test_coefficient_tolerance_fixture_changes_credit) ... ok
2026-09-25T15:55:03.9334187Z test_complete_forward_fixture_controls (test_symbolic_margin.GeneratorAndEvaluationTests.test_complete_forward_fixture_controls) ... ok
2026-09-25T15:55:03.9474966Z test_empty_family_is_capability_failure_and_not_recognition (test_symbolic_margin.GeneratorAndEvaluationTests.test_empty_family_is_capability_failure_and_not_recognition) ... ok
2026-09-25T15:55:04.0611091Z test_forward_runner_and_heldout_cannot_rescue_or_change_selection (test_symbolic_margin.GeneratorAndEvaluationTests.test_forward_runner_and_heldout_cannot_rescue_or_change_selection) ... ok
2026-09-25T15:55:04.0635924Z test_independent_formula_matching_strata_streams_and_changed_noise (test_symbolic_margin.GeneratorAndEvaluationTests.test_independent_formula_matching_strata_streams_and_changed_noise) ... ok
2026-09-25T15:55:04.0937667Z test_wrong_predictive_stable_selection_gets_no_structural_credit (test_symbolic_margin.GeneratorAndEvaluationTests.test_wrong_predictive_stable_selection_gets_no_structural_credit) ... ok
2026-09-25T15:55:04.1347497Z test_exact_threshold_equality_and_flip (test_symbolic_margin.MarginMathTests.test_exact_threshold_equality_and_flip) ... ok
2026-09-25T15:55:04.1349372Z test_policy_values_not_stale_literals (test_symbolic_margin.MarginMathTests.test_policy_values_not_stale_literals) ... ok
2026-09-25T15:55:04.1385494Z test_retrospective_family_and_rank1_are_distinct (test_symbolic_margin.MarginMathTests.test_retrospective_family_and_rank1_are_distinct) ... ok
2026-09-25T15:55:04.1387802Z test_zero_noise_nonpositive_boundary_and_invalid_inputs (test_symbolic_margin.MarginMathTests.test_zero_noise_nonpositive_boundary_and_invalid_inputs) ... ok
2026-09-25T15:55:04.1393487Z test_explicit_schemas_and_exact_payload_binding (test_symbolic_margin_verifier.ResultEnvelopeTests.test_explicit_schemas_and_exact_payload_binding) ... ok
2026-09-25T15:55:04.1420991Z test_reconciliation_never_regenerates_discovers_or_fits (test_symbolic_margin_verifier.ResultEnvelopeTests.test_reconciliation_never_regenerates_discovers_or_fits) ... ok
2026-09-25T15:55:04.1423070Z test_aggregation_is_strict_and_retains_partial_counts (test_symbolic_suite.ForwardEvaluationTests.test_aggregation_is_strict_and_retains_partial_counts) ... ok
2026-09-25T15:55:04.1425522Z test_different_frozen_tolerances_and_regime_factor (test_symbolic_suite.ForwardEvaluationTests.test_different_frozen_tolerances_and_regime_factor) ... ok
2026-09-25T15:55:04.1447744Z test_disposition_routing_rejects_raw_fail_as_authoritative (test_symbolic_suite.ForwardEvaluationTests.test_disposition_routing_rejects_raw_fail_as_authoritative) ... ok
2026-09-25T15:55:04.6153047Z test_equivalence_and_descendant_ablations_match_reenumeration (test_symbolic_suite.ForwardEvaluationTests.test_equivalence_and_descendant_ablations_match_reenumeration) ... ok
2026-09-25T15:55:04.6155595Z test_noise_policy_is_derived_not_copied_literal (test_symbolic_suite.ForwardEvaluationTests.test_noise_policy_is_derived_not_copied_literal) ... ok
2026-09-25T15:55:04.7115464Z test_missing_cache_and_completed_reads_live (test_symbolic_suite.ForwardReceiptTests.test_missing_cache_and_completed_reads_live) ... ok
2026-09-25T15:55:04.9055357Z test_present_stale_cache_read_is_not_a_miss (test_symbolic_suite.ForwardReceiptTests.test_present_stale_cache_read_is_not_a_miss) ... ok
2026-09-25T15:55:05.0037083Z test_receipt_tamper_rejected (test_symbolic_suite.ForwardReceiptTests.test_receipt_tamper_rejected) ... ok
2026-09-25T15:55:05.3276173Z test_unexpected_source_cache_oracle_modules_rejected (test_symbolic_suite.ForwardReceiptTests.test_unexpected_source_cache_oracle_modules_rejected) ... ok
2026-09-25T15:55:05.3600992Z test_fractional_power_excluded_and_regimes_abstain (test_symbolic_suite.NegativeFamilyTests.test_fractional_power_excluded_and_regimes_abstain) ... ok
2026-09-25T15:55:05.3605234Z test_api_rejects_hidden_information (test_symbolic_suite.ScientificBoundaryTests.test_api_rejects_hidden_information) ... ok
2026-09-25T15:55:05.3879553Z test_approximation_is_not_adequacy_or_structural_credit (test_symbolic_suite.ScientificBoundaryTests.test_approximation_is_not_adequacy_or_structural_credit) ... ok
2026-09-25T15:55:05.4026741Z test_leakage_poison_reconstructive_and_cancelling_paths (test_symbolic_suite.ScientificBoundaryTests.test_leakage_poison_reconstructive_and_cancelling_paths) ... ok
2026-09-25T15:55:05.4029238Z test_metrics_against_independent_hand_calculation (test_symbolic_suite.ScientificBoundaryTests.test_metrics_against_independent_hand_calculation) ... ok
2026-09-25T15:55:05.4177859Z test_sealed_engine_cannot_access_heldout_and_tamper_fails (test_symbolic_suite.ScientificBoundaryTests.test_sealed_engine_cannot_access_heldout_and_tamper_fails) ... ok
2026-09-25T15:55:05.4183420Z test_actual_accepted_baseline_keys (test_symbolic_suite_routing.RoutingCorrectionTests.test_actual_accepted_baseline_keys) ... ok
2026-09-25T15:55:05.4190123Z test_adapter_cannot_excuse_another_operational_failure (test_symbolic_suite_routing.RoutingCorrectionTests.test_adapter_cannot_excuse_another_operational_failure) ... ok
2026-09-25T15:55:05.4227956Z test_correction_delegates_to_frozen_evaluation_without_discovery (test_symbolic_suite_routing.RoutingCorrectionTests.test_correction_delegates_to_frozen_evaluation_without_discovery) ... ok
2026-09-25T15:55:05.4235033Z test_explicit_route_does_not_guess_between_multiple_keys (test_symbolic_suite_routing.RoutingCorrectionTests.test_explicit_route_does_not_guess_between_multiple_keys) ... ok
2026-09-25T15:55:05.4289252Z test_full_index_rejects_wrong_keys_hashes_and_authority (test_symbolic_suite_routing.RoutingCorrectionTests.test_full_index_rejects_wrong_keys_hashes_and_authority) ... ok
2026-09-25T15:55:05.4291131Z test_commented_guard_text_cannot_satisfy_policy (test_workflow_write_safety.WorkflowWriteSafetyTests.test_commented_guard_text_cannot_satisfy_policy) ... ok
2026-09-25T15:55:05.4293384Z test_folded_job_level_if_is_accepted (test_workflow_write_safety.WorkflowWriteSafetyTests.test_folded_job_level_if_is_accepted) ... ok
2026-09-25T15:55:05.4295120Z test_job_level_write_permission_is_detected (test_workflow_write_safety.WorkflowWriteSafetyTests.test_job_level_write_permission_is_detected) ... ok
2026-09-25T15:55:05.4304672Z test_repository_write_enabled_workflows_are_guarded (test_workflow_write_safety.WorkflowWriteSafetyTests.test_repository_write_enabled_workflows_are_guarded) ... ok
2026-09-25T15:55:05.4306759Z test_step_level_guard_does_not_protect_write_job (test_workflow_write_safety.WorkflowWriteSafetyTests.test_step_level_guard_does_not_protect_write_job) ... ok
2026-09-25T15:55:05.4308580Z test_write_grant_spellings_are_detected (test_workflow_write_safety.WorkflowWriteSafetyTests.test_write_grant_spellings_are_detected) ... ok
2026-09-25T15:55:05.4309538Z 
2026-09-25T15:55:05.4309768Z ======================================================================
2026-09-25T15:55:05.4310911Z ERROR: test_read_only_committed_evidence (test_estimated_noise1.EstimatedNoise1CommittedEvidence.test_read_only_committed_evidence)
2026-09-25T15:55:05.4312080Z ----------------------------------------------------------------------
2026-09-25T15:55:05.4312910Z Traceback (most recent call last):
2026-09-25T15:55:05.4320185Z   File "/home/runner/work/The-Number-Project/The-Number-Project/tests/test_estimated_noise1.py", line 221, in test_read_only_committed_evidence
2026-09-25T15:55:05.4320881Z     value = check()
2026-09-25T15:55:05.4321089Z             ^^^^^^^
2026-09-25T15:55:05.4321642Z   File "/home/runner/work/The-Number-Project/The-Number-Project/Discovery/estimated_noise1_verifier.py", line 347, in check
2026-09-25T15:55:05.4322851Z     close(controls['generation'], reference.generation(p, public, calibration_records, heldout, oracle))
2026-09-25T15:55:05.4323404Z                                   ^^^^^^^^^^^^^^^^^^^^^^^^^^^^^^^^^^^^^^^^^^^^^^^^^^^^^^^^^^^^^^^^^^^^^
2026-09-25T15:55:05.4324106Z   File "/home/runner/work/The-Number-Project/The-Number-Project/Discovery/estimated_noise1_reference.py", line 130, in generation
2026-09-25T15:55:05.4324764Z     require(row['features'][k] == value, 'feature stream binding')
2026-09-25T15:55:05.4325448Z   File "/home/runner/work/The-Number-Project/The-Number-Project/Discovery/estimated_noise1_reference.py", line 16, in require
2026-09-25T15:55:05.4326035Z     raise ValueError(message)
2026-09-25T15:55:05.4326299Z ValueError: feature stream binding
2026-09-25T15:55:05.4326473Z 
2026-09-25T15:55:05.4326627Z ----------------------------------------------------------------------
2026-09-25T15:55:05.4326954Z Ran 912 tests in 128.292s
2026-09-25T15:55:05.4327103Z 
2026-09-25T15:55:05.4327181Z FAILED (errors=1)
2026-09-25T15:55:05.4327433Z HUST AAF combined feasibility: GO; artifact current
2026-09-25T15:55:05.4328350Z NIST covariance precision certificate verified: M0=FLAGGED_FOR_ALL_PRECISION_VALUES, M_method=FLAGGED_FOR_ALL_PRECISION_VALUES, M_material=NOT_FLAGGED_FOR_ALL_PRECISION_VALUES, M_additive=NOT_FLAGGED_FOR_ALL_PRECISION_VALUES
2026-09-25T15:55:05.5693136Z ##[error]Process completed with exit code 1.
2026-09-25T15:55:05.6026827Z Post job cleanup.
2026-09-25T15:55:05.6871971Z [command]/usr/bin/git version
2026-09-25T15:55:05.6915890Z git version 2.55.0
2026-09-25T15:55:05.6955396Z Temporarily overriding HOME='/home/runner/work/_temp/c2d37331-50c9-427b-9525-16d269872eb7' before making global git config changes
2026-09-25T15:55:05.6956799Z Adding repository directory to the temporary git global config as a safe directory
2026-09-25T15:55:05.6961826Z [command]/usr/bin/git config --global --add safe.directory /home/runner/work/The-Number-Project/The-Number-Project
2026-09-25T15:55:05.6994106Z Removing SSH command configuration
2026-09-25T15:55:05.7001080Z [command]/usr/bin/git config --local --name-only --get-regexp core\.sshCommand
2026-09-25T15:55:05.7037519Z [command]/usr/bin/git submodule foreach --recursive sh -c "git config --local --name-only --get-regexp 'core\.sshCommand' && git config --local --unset-all 'core.sshCommand' || :"
2026-09-25T15:55:05.7301895Z Removing HTTP extra header
2026-09-25T15:55:05.7309908Z [command]/usr/bin/git config --local --name-only --get-regexp http\.https\:\/\/github\.com\/\.extraheader
2026-09-25T15:55:05.7354883Z [command]/usr/bin/git submodule foreach --recursive sh -c "git config --local --name-only --get-regexp 'http\.https\:\/\/github\.com\/\.extraheader' && git config --local --unset-all 'http.https://github.com/.extraheader' || :"
2026-09-25T15:55:05.7611912Z Removing includeIf entries pointing to credentials config files
2026-09-25T15:55:05.7620157Z [command]/usr/bin/git config --local --name-only --get-regexp ^includeIf\.gitdir:
2026-09-25T15:55:05.7658205Z includeif.gitdir:/home/runner/work/The-Number-Project/The-Number-Project/.git.path
2026-09-25T15:55:05.7659342Z includeif.gitdir:/home/runner/work/The-Number-Project/The-Number-Project/.git/worktrees/*.path
2026-09-25T15:55:05.7660308Z includeif.gitdir:/github/workspace/.git.path
2026-09-25T15:55:05.7660988Z includeif.gitdir:/github/workspace/.git/worktrees/*.path
2026-09-25T15:55:05.7670795Z [command]/usr/bin/git config --local --get-all includeif.gitdir:/home/runner/work/The-Number-Project/The-Number-Project/.git.path
2026-09-25T15:55:05.7697353Z /home/runner/work/_temp/git-credentials-0a4f36b0-651d-4b3f-b4ca-b611ebfcf666.config
2026-09-25T15:55:05.7715142Z [command]/usr/bin/git config --local --unset includeif.gitdir:/home/runner/work/The-Number-Project/The-Number-Project/.git.path /home/runner/work/_temp/git-credentials-0a4f36b0-651d-4b3f-b4ca-b611ebfcf666.config
2026-09-25T15:55:05.7788971Z [command]/usr/bin/git config --local --get-all includeif.gitdir:/home/runner/work/The-Number-Project/The-Number-Project/.git/worktrees/*.path
2026-09-25T15:55:05.7815136Z /home/runner/work/_temp/git-credentials-0a4f36b0-651d-4b3f-b4ca-b611ebfcf666.config
2026-09-25T15:55:05.7828095Z [command]/usr/bin/git config --local --unset includeif.gitdir:/home/runner/work/The-Number-Project/The-Number-Project/.git/worktrees/*.path /home/runner/work/_temp/git-credentials-0a4f36b0-651d-4b3f-b4ca-b611ebfcf666.config
2026-09-25T15:55:05.7867488Z [command]/usr/bin/git config --local --get-all includeif.gitdir:/github/workspace/.git.path
2026-09-25T15:55:05.7896090Z /github/runner_temp/git-credentials-0a4f36b0-651d-4b3f-b4ca-b611ebfcf666.config
2026-09-25T15:55:05.7905633Z [command]/usr/bin/git config --local --unset includeif.gitdir:/github/workspace/.git.path /github/runner_temp/git-credentials-0a4f36b0-651d-4b3f-b4ca-b611ebfcf666.config
2026-09-25T15:55:05.7945320Z [command]/usr/bin/git config --local --get-all includeif.gitdir:/github/workspace/.git/worktrees/*.path
2026-09-25T15:55:05.7971384Z /github/runner_temp/git-credentials-0a4f36b0-651d-4b3f-b4ca-b611ebfcf666.config
2026-09-25T15:55:05.7986277Z [command]/usr/bin/git config --local --unset includeif.gitdir:/github/workspace/.git/worktrees/*.path /github/runner_temp/git-credentials-0a4f36b0-651d-4b3f-b4ca-b611ebfcf666.config
2026-09-25T15:55:05.8029853Z [command]/usr/bin/git submodule foreach --recursive git config --local --show-origin --name-only --get-regexp remote.origin.url
2026-09-25T15:55:05.8252665Z Removing credentials config '/home/runner/work/_temp/git-credentials-0a4f36b0-651d-4b3f-b4ca-b611ebfcf666.config'
2026-09-25T15:55:05.8429270Z Cleaning up orphan processes

