2026-09-25T15:54:31.7071575Z Current runner version: '2.337.0'
2026-09-25T15:54:31.7098023Z ##[group]Runner Image Provisioner
2026-09-25T15:54:31.7098865Z Hosted Compute Agent
2026-09-25T15:54:31.7099570Z Version: 20260828.587
2026-09-25T15:54:31.7100280Z Commit: abac92662cab4cc7352de4f9f9d2e2419aad9c29
2026-09-25T15:54:31.7101112Z Build Date: 2026-08-28T16:44:25Z
2026-09-25T15:54:31.7102078Z Worker ID: {f3035346-3cb5-42a1-bbc8-4122bb44383d}
2026-09-25T15:54:31.7102829Z Azure Region: eastus
2026-09-25T15:54:31.7103497Z ##[endgroup]
2026-09-25T15:54:31.7105062Z ##[group]Operating System
2026-09-25T15:54:31.7105843Z Ubuntu
2026-09-25T15:54:31.7106426Z 24.04.5
2026-09-25T15:54:31.7106948Z LTS
2026-09-25T15:54:31.7107512Z ##[endgroup]
2026-09-25T15:54:31.7108118Z ##[group]Runner Image
2026-09-25T15:54:31.7108708Z Image: ubuntu-24.04
2026-09-25T15:54:31.7109352Z Version: 20260920.314.1
2026-09-25T15:54:31.7110583Z Included Software: https://github.com/actions/runner-images/blob/ubuntu24/20260920.314/images/ubuntu/Ubuntu2404-Readme.md
2026-09-25T15:54:31.7112668Z Image Release: https://github.com/actions/runner-images/releases/tag/ubuntu24%2F20260920.314
2026-09-25T15:54:31.7113663Z ##[endgroup]
2026-09-25T15:54:31.7114913Z ##[group]GITHUB_TOKEN Permissions
2026-09-25T15:54:31.7117128Z Contents: read
2026-09-25T15:54:31.7117904Z Metadata: read
2026-09-25T15:54:31.7118580Z ##[endgroup]
2026-09-25T15:54:31.7121458Z Secret source: Actions
2026-09-25T15:54:31.7122852Z Cache mode: write
2026-09-25T15:54:31.7123969Z Prepare workflow directory
2026-09-25T15:54:31.7456068Z Prepare all required actions
2026-09-25T15:54:31.7504431Z Getting action download info
2026-09-25T15:54:31.9810720Z Download action repository 'actions/checkout@v6' (SHA:d23441a48e516b6c34aea4fa41551a30e30af803)
2026-09-25T15:54:32.0669734Z Download action repository 'actions/setup-python@v6' (SHA:ece7cb06caefa5fff74198d8649806c4678c61a1)
2026-09-25T15:54:32.2890168Z Complete job name: Python tests and bounded search
2026-09-25T15:54:32.3957286Z ##[group]Run actions/checkout@v6
2026-09-25T15:54:32.3958191Z with:
2026-09-25T15:54:32.3958635Z   fetch-depth: 0
2026-09-25T15:54:32.3959135Z   repository: mdiaz4052/The-Number-Project
2026-09-25T15:54:32.3963869Z   token: ***
2026-09-25T15:54:32.3964415Z   ssh-strict: true
2026-09-25T15:54:32.3964942Z   ssh-user: git
2026-09-25T15:54:32.3965403Z   persist-credentials: true
2026-09-25T15:54:32.3965881Z   clean: true
2026-09-25T15:54:32.3966341Z   sparse-checkout-cone-mode: true
2026-09-25T15:54:32.3966860Z   fetch-tags: false
2026-09-25T15:54:32.3967326Z   show-progress: true
2026-09-25T15:54:32.3967784Z   lfs: false
2026-09-25T15:54:32.3968193Z   submodules: false
2026-09-25T15:54:32.3968630Z   set-safe-directory: true
2026-09-25T15:54:32.3969143Z   allow-unsafe-pr-checkout: false
2026-09-25T15:54:32.3970020Z ##[endgroup]
2026-09-25T15:54:32.4988391Z Syncing repository: mdiaz4052/The-Number-Project
2026-09-25T15:54:32.4991347Z ##[group]Getting Git version info
2026-09-25T15:54:32.4993367Z Working directory is '/home/runner/work/The-Number-Project/The-Number-Project'
2026-09-25T15:54:32.4995474Z [command]/usr/bin/git version
2026-09-25T15:54:32.5066844Z git version 2.55.0
2026-09-25T15:54:32.5094682Z ##[endgroup]
2026-09-25T15:54:32.5112849Z Temporarily overriding HOME='/home/runner/work/_temp/095beda3-f1a8-478f-89df-d00b910f5c78' before making global git config changes
2026-09-25T15:54:32.5115419Z Adding repository directory to the temporary git global config as a safe directory
2026-09-25T15:54:32.5119764Z [command]/usr/bin/git config --global --add safe.directory /home/runner/work/The-Number-Project/The-Number-Project
2026-09-25T15:54:32.5174793Z Deleting the contents of '/home/runner/work/The-Number-Project/The-Number-Project'
2026-09-25T15:54:32.5186821Z ##[group]Determining repository object format
2026-09-25T15:54:32.5189658Z ##[endgroup]
2026-09-25T15:54:32.5190907Z ##[group]Initializing the repository
2026-09-25T15:54:32.5194946Z [command]/usr/bin/git init /home/runner/work/The-Number-Project/The-Number-Project
2026-09-25T15:54:32.5302003Z hint: Using 'master' as the name for the initial branch. This default branch name
2026-09-25T15:54:32.5304179Z hint: will change to "main" in Git 3.0. To configure the initial branch name
2026-09-25T15:54:32.5307234Z hint: to use in all of your new repositories, which will suppress this warning,
2026-09-25T15:54:32.5308484Z hint: call:
2026-09-25T15:54:32.5309127Z hint:
2026-09-25T15:54:32.5309981Z hint: 	git config --global init.defaultBranch <name>
2026-09-25T15:54:32.5311007Z hint:
2026-09-25T15:54:32.5312246Z hint: Names commonly chosen instead of 'master' are 'main', 'trunk' and
2026-09-25T15:54:32.5313750Z hint: 'development'. The just-created branch can be renamed via this command:
2026-09-25T15:54:32.5315023Z hint:
2026-09-25T15:54:32.5315735Z hint: 	git branch -m <name>
2026-09-25T15:54:32.5316502Z hint:
2026-09-25T15:54:32.5317697Z hint: Disable this message with "git config set advice.defaultBranchName false"
2026-09-25T15:54:32.5319657Z Initialized empty Git repository in /home/runner/work/The-Number-Project/The-Number-Project/.git/
2026-09-25T15:54:32.5322803Z [command]/usr/bin/git remote add origin https://github.com/mdiaz4052/The-Number-Project
2026-09-25T15:54:32.5368502Z ##[endgroup]
2026-09-25T15:54:32.5369878Z ##[group]Disabling automatic garbage collection
2026-09-25T15:54:32.5372504Z [command]/usr/bin/git config --local gc.auto 0
2026-09-25T15:54:32.5405586Z ##[endgroup]
2026-09-25T15:54:32.5407014Z ##[group]Setting up auth
2026-09-25T15:54:32.5407989Z Removing SSH command configuration
2026-09-25T15:54:32.5413224Z [command]/usr/bin/git config --local --name-only --get-regexp core\.sshCommand
2026-09-25T15:54:32.5447473Z [command]/usr/bin/git submodule foreach --recursive sh -c "git config --local --name-only --get-regexp 'core\.sshCommand' && git config --local --unset-all 'core.sshCommand' || :"
2026-09-25T15:54:32.5821975Z Removing HTTP extra header
2026-09-25T15:54:32.5831857Z [command]/usr/bin/git config --local --name-only --get-regexp http\.https\:\/\/github\.com\/\.extraheader
2026-09-25T15:54:32.5872337Z [command]/usr/bin/git submodule foreach --recursive sh -c "git config --local --name-only --get-regexp 'http\.https\:\/\/github\.com\/\.extraheader' && git config --local --unset-all 'http.https://github.com/.extraheader' || :"
2026-09-25T15:54:32.6090461Z Removing includeIf entries pointing to credentials config files
2026-09-25T15:54:32.6098275Z [command]/usr/bin/git config --local --name-only --get-regexp ^includeIf\.gitdir:
2026-09-25T15:54:32.6135375Z [command]/usr/bin/git submodule foreach --recursive git config --local --show-origin --name-only --get-regexp remote.origin.url
2026-09-25T15:54:32.6363610Z [command]/usr/bin/git config --file /home/runner/work/_temp/git-credentials-b60ad476-9be9-495a-b2f8-78726588fc2f.config http.https://github.com/.extraheader AUTHORIZATION: basic ***
2026-09-25T15:54:32.6405717Z [command]/usr/bin/git config --local includeIf.gitdir:/home/runner/work/The-Number-Project/The-Number-Project/.git.path /home/runner/work/_temp/git-credentials-b60ad476-9be9-495a-b2f8-78726588fc2f.config
2026-09-25T15:54:32.6443322Z [command]/usr/bin/git config --local includeIf.gitdir:/home/runner/work/The-Number-Project/The-Number-Project/.git/worktrees/*.path /home/runner/work/_temp/git-credentials-b60ad476-9be9-495a-b2f8-78726588fc2f.config
2026-09-25T15:54:32.6484089Z [command]/usr/bin/git config --local includeIf.gitdir:/github/workspace/.git.path /github/runner_temp/git-credentials-b60ad476-9be9-495a-b2f8-78726588fc2f.config
2026-09-25T15:54:32.6547169Z [command]/usr/bin/git config --local includeIf.gitdir:/github/workspace/.git/worktrees/*.path /github/runner_temp/git-credentials-b60ad476-9be9-495a-b2f8-78726588fc2f.config
2026-09-25T15:54:32.6577802Z ##[endgroup]
2026-09-25T15:54:32.6578613Z ##[group]Fetching the repository
2026-09-25T15:54:32.6586511Z [command]/usr/bin/git -c protocol.version=2 fetch --no-tags --prune --no-recurse-submodules origin +refs/heads/*:refs/remotes/origin/* +refs/tags/*:refs/tags/* +4bd80b32b050d0003301e6f8db1c81923ca54f1b:refs/remotes/pull/61/merge
2026-09-25T15:54:33.2688788Z From https://github.com/mdiaz4052/The-Number-Project
2026-09-25T15:54:33.2704637Z  * [new branch]      codex/bipm-2014-correlated-estimator     -> origin/codex/bipm-2014-correlated-estimator
2026-09-25T15:54:33.2708207Z  * [new branch]      codex/bipm-nist-common-constant-diagnostic -> origin/codex/bipm-nist-common-constant-diagnostic
2026-09-25T15:54:33.2711439Z  * [new branch]      codex/display-symbol-validation-closure  -> origin/codex/display-symbol-validation-closure
2026-09-25T15:54:33.2715119Z  * [new branch]      codex/hust-2018-aaf-audit-closure        -> origin/codex/hust-2018-aaf-audit-closure
2026-09-25T15:54:33.2717697Z  * [new branch]      codex/hust-2018-aaf-measurement-models   -> origin/codex/hust-2018-aaf-measurement-models
2026-09-25T15:54:33.2719657Z  * [new branch]      codex/hust-2018-aaf-source-audit         -> origin/codex/hust-2018-aaf-source-audit
2026-09-25T15:54:33.2722218Z  * [new branch]      codex/hust-2018-human-attestation        -> origin/codex/hust-2018-human-attestation
2026-09-25T15:54:33.2724258Z  * [new branch]      codex/hust-aaf-combined-feasibility      -> origin/codex/hust-aaf-combined-feasibility
2026-09-25T15:54:33.2727266Z  * [new branch]      codex/hust-aaf-combined-measurement-model -> origin/codex/hust-aaf-combined-measurement-model
2026-09-25T15:54:33.2730253Z  * [new branch]      codex/hust-depth-2b-feasibility-audit    -> origin/codex/hust-depth-2b-feasibility-audit
2026-09-25T15:54:33.2733111Z  * [new branch]      codex/hust-pre-measurementmodel-micro-cleanup -> origin/codex/hust-pre-measurementmodel-micro-cleanup
2026-09-25T15:54:33.2735124Z  * [new branch]      codex/hust-rounding-consistency          -> origin/codex/hust-rounding-consistency
2026-09-25T15:54:33.2737459Z  * [new branch]      codex/joint-representation-inference     -> origin/codex/joint-representation-inference
2026-09-25T15:54:33.2739558Z  * [new branch]      codex/milestone-1-foundation             -> origin/codex/milestone-1-foundation
2026-09-25T15:54:33.2742103Z  * [new branch]      codex/milestone-2-hardening              -> origin/codex/milestone-2-hardening
2026-09-25T15:54:33.2744071Z  * [new branch]      codex/milestone-3-dependency-analysis    -> origin/codex/milestone-3-dependency-analysis
2026-09-25T15:54:33.2746383Z  * [new branch]      codex/milestone-4-1-audit-closure        -> origin/codex/milestone-4-1-audit-closure
2026-09-25T15:54:33.2748103Z  * [new branch]      codex/milestone-4-1-hardening            -> origin/codex/milestone-4-1-hardening
2026-09-25T15:54:33.2750294Z  * [new branch]      codex/milestone-4-physical-bridge        -> origin/codex/milestone-4-physical-bridge
2026-09-25T15:54:33.2752780Z  * [new branch]      codex/milestone-5-estimator-certification -> origin/codex/milestone-5-estimator-certification
2026-09-25T15:54:33.2755468Z  * [new branch]      codex/milestone-6a-pydimension-differential -> origin/codex/milestone-6a-pydimension-differential
2026-09-25T15:54:33.2758342Z  * [new branch]      codex/milestone-6a-pydimension-differential-2 -> origin/codex/milestone-6a-pydimension-differential-2
2026-09-25T15:54:33.2760932Z  * [new branch]      codex/milestone-6b-pysr-leakage          -> origin/codex/milestone-6b-pysr-leakage
2026-09-25T15:54:33.2763928Z  * [new branch]      codex/milestone-6c-dimensional-definitional-invariant -> origin/codex/milestone-6c-dimensional-definitional-invariant
2026-09-25T15:54:33.2766878Z  * [new branch]      codex/milestone-7-post-audit-closure     -> origin/codex/milestone-7-post-audit-closure
2026-09-25T15:54:33.2770280Z  * [new branch]      codex/milestone-7-post-merge-follow-up   -> origin/codex/milestone-7-post-merge-follow-up
2026-09-25T15:54:33.2774099Z  * [new branch]      codex/milestone-7a-direct-uncertainty-budget -> origin/codex/milestone-7a-direct-uncertainty-budget
2026-09-25T15:54:33.2777536Z  * [new branch]      codex/milestone-7b-hust-aaf-depth-2b     -> origin/codex/milestone-7b-hust-aaf-depth-2b
2026-09-25T15:54:33.2780252Z  * [new branch]      codex/mutation-behavioral-closure        -> origin/codex/mutation-behavioral-closure
2026-09-25T15:54:33.2783549Z  * [new branch]      codex/mutation-diagnostic-clarification  -> origin/codex/mutation-diagnostic-clarification
2026-09-25T15:54:33.2785195Z  * [new branch]      codex/mutation-source-attestation        -> origin/codex/mutation-source-attestation
2026-09-25T15:54:33.2786639Z  * [new branch]      codex/newman-2014-multiresolution        -> origin/codex/newman-2014-multiresolution
2026-09-25T15:54:33.2788065Z  * [new branch]      codex/newman-2014-table11-rounding       -> origin/codex/newman-2014-table11-rounding
2026-09-25T15:54:33.2789580Z  * [new branch]      codex/nist-2026-estimator-feasibility    -> origin/codex/nist-2026-estimator-feasibility
2026-09-25T15:54:33.2791130Z  * [new branch]      codex/nist-2026-estimator-feasibility-v2 -> origin/codex/nist-2026-estimator-feasibility-v2
2026-09-25T15:54:33.2793762Z  * [new branch]      codex/nist-2026-n4-experimental-estimator -> origin/codex/nist-2026-n4-experimental-estimator
2026-09-25T15:54:33.2795476Z  * [new branch]      codex/nist-configuration-models          -> origin/codex/nist-configuration-models
2026-09-25T15:54:33.2798610Z  * [new branch]      codex/p4-metadata-form-validation        -> origin/codex/p4-metadata-form-validation
2026-09-25T15:54:33.2801313Z  * [new branch]      codex/post-6b-final-cleanup              -> origin/codex/post-6b-final-cleanup
2026-09-25T15:54:33.2804222Z  * [new branch]      codex/post-6b-hardening                  -> origin/codex/post-6b-hardening
2026-09-25T15:54:33.2814509Z  * [new branch]      codex/post-audit-closure-rmp             -> origin/codex/post-audit-closure-rmp
2026-09-25T15:54:33.2817483Z  * [new branch]      codex/post-audit-closure-rmp-attestation -> origin/codex/post-audit-closure-rmp-attestation
2026-09-25T15:54:33.2820766Z  * [new branch]      codex/post-p4-source-identifier-hardening -> origin/codex/post-p4-source-identifier-hardening
2026-09-25T15:54:33.2824409Z  * [new branch]      codex/post-pr29-decimal-hygiene          -> origin/codex/post-pr29-decimal-hygiene
2026-09-25T15:54:33.2826737Z  * [new branch]      codex/practical-evidence-preparation     -> origin/codex/practical-evidence-preparation
2026-09-25T15:54:33.2829072Z  * [new branch]      codex/schlamminger-2006-rounding-consistency -> origin/codex/schlamminger-2006-rounding-consistency
2026-09-25T15:54:33.2832067Z  * [new branch]      codex/symbol-collision-audit-closure     -> origin/codex/symbol-collision-audit-closure
2026-09-25T15:54:33.2834696Z  * [new branch]      codex/verification-invariant-closure     -> origin/codex/verification-invariant-closure
2026-09-25T15:54:33.2836482Z  * [new branch]      execute/external-ns-replay-v1            -> origin/execute/external-ns-replay-v1
2026-09-25T15:54:33.2838239Z  * [new branch]      execute/external-ns-replay-v1-operational-retry -> origin/execute/external-ns-replay-v1-operational-retry
2026-09-25T15:54:33.2840244Z  * [new branch]      experiment/external-lean-ns-pinned-closure -> origin/experiment/external-lean-ns-pinned-closure
2026-09-25T15:54:33.2842830Z  * [new branch]      experiment/np-estimated-noise-01         -> origin/experiment/np-estimated-noise-01
2026-09-25T15:54:33.2844674Z  * [new branch]      experiment/np-misspec-margin-01          -> origin/experiment/np-misspec-margin-01
2026-09-25T15:54:33.2847022Z  * [new branch]      experiment/symbolic-benchmark-0          -> origin/experiment/symbolic-benchmark-0
2026-09-25T15:54:33.2849833Z  * [new branch]      experiment/symbolic-benchmark-suite-1    -> origin/experiment/symbolic-benchmark-suite-1
2026-09-25T15:54:33.2852898Z  * [new branch]      feature/np-candidate-exchange-01         -> origin/feature/np-candidate-exchange-01
2026-09-25T15:54:33.2855742Z  * [new branch]      feature/np-pysr-adapter-01               -> origin/feature/np-pysr-adapter-01
2026-09-25T15:54:33.2858340Z  * [new branch]      feature/np-pysr-adapter-02               -> origin/feature/np-pysr-adapter-02
2026-09-25T15:54:33.2861070Z  * [new branch]      governance/apache-2-license              -> origin/governance/apache-2-license
2026-09-25T15:54:33.2863944Z  * [new branch]      main                                     -> origin/main
2026-09-25T15:54:33.2866189Z  * [new branch]      nist-covariance-precision                -> origin/nist-covariance-precision
2026-09-25T15:54:33.2868916Z  * [new branch]      nist-paired-torque-feasibility           -> origin/nist-paired-torque-feasibility
2026-09-25T15:54:33.2871536Z  * [new branch]      nist-torque-response-feasibility         -> origin/nist-torque-response-feasibility
2026-09-25T15:54:33.2873857Z  * [new tag]         milestone-1                              -> milestone-1
2026-09-25T15:54:33.2875165Z  * [new tag]         milestone-2                              -> milestone-2
2026-09-25T15:54:33.2877280Z  * [new tag]         milestone-3                              -> milestone-3
2026-09-25T15:54:33.2879493Z  * [new tag]         milestone-4                              -> milestone-4
2026-09-25T15:54:33.2881973Z  * [new tag]         milestone-4.1                            -> milestone-4.1
2026-09-25T15:54:33.2884256Z  * [new tag]         milestone-5A                             -> milestone-5A
2026-09-25T15:54:33.2886525Z  * [new tag]         milestone-5B                             -> milestone-5B
2026-09-25T15:54:33.2888796Z  * [new tag]         milestone-6A                             -> milestone-6A
2026-09-25T15:54:33.2891003Z  * [new tag]         milestone-6B                             -> milestone-6B
2026-09-25T15:54:33.2892986Z  * [new tag]         milestone-6C                             -> milestone-6C
2026-09-25T15:54:33.2895321Z  * [new tag]         milestone-7                              -> milestone-7
2026-09-25T15:54:33.2897723Z  * [new tag]         milestone-7A                             -> milestone-7A
2026-09-25T15:54:33.2900120Z  * [new tag]         milestone-7B                             -> milestone-7B
2026-09-25T15:54:33.2903100Z  * [new ref]         4bd80b32b050d0003301e6f8db1c81923ca54f1b -> pull/61/merge
2026-09-25T15:54:33.2907971Z ##[endgroup]
2026-09-25T15:54:33.2910196Z ##[group]Determining the checkout info
2026-09-25T15:54:33.2912921Z ##[endgroup]
2026-09-25T15:54:33.2914387Z [command]/usr/bin/git sparse-checkout disable
2026-09-25T15:54:33.2918334Z [command]/usr/bin/git config --local --unset-all extensions.worktreeConfig
2026-09-25T15:54:33.2923357Z ##[group]Checking out the ref
2026-09-25T15:54:33.2925488Z [command]/usr/bin/git checkout --progress --force refs/remotes/pull/61/merge
2026-09-25T15:54:33.4272325Z Note: switching to 'refs/remotes/pull/61/merge'.
2026-09-25T15:54:33.4273702Z 
2026-09-25T15:54:33.4274468Z You are in 'detached HEAD' state. You can look around, make experimental
2026-09-25T15:54:33.4276278Z changes and commit them, and you can discard any commits you make in this
2026-09-25T15:54:33.4278186Z state without impacting any branches by switching back to a branch.
2026-09-25T15:54:33.4279697Z 
2026-09-25T15:54:33.4280877Z If you want to create a new branch to retain commits you create, you may
2026-09-25T15:54:33.4283607Z do so (now or later) by using -c with the switch command. Example:
2026-09-25T15:54:33.4285209Z 
2026-09-25T15:54:33.4285900Z   git switch -c <new-branch-name>
2026-09-25T15:54:33.4287436Z 
2026-09-25T15:54:33.4288292Z Or undo this operation with:
2026-09-25T15:54:33.4289261Z 
2026-09-25T15:54:33.4289727Z   git switch -
2026-09-25T15:54:33.4290233Z 
2026-09-25T15:54:33.4291084Z Turn off this advice by setting config variable advice.detachedHead to false
2026-09-25T15:54:33.4293141Z 
2026-09-25T15:54:33.4294544Z HEAD is now at 4bd80b3 Merge 543ace1d15c033e2d0190401675dd9837278ba3b into 0b3d31269c7fde9a75e9d7045ff483e71b4b9f4f
2026-09-25T15:54:33.4298693Z ##[endgroup]
2026-09-25T15:54:33.4337986Z [command]/usr/bin/git log -1 --format=%H
2026-09-25T15:54:33.4365902Z 4bd80b32b050d0003301e6f8db1c81923ca54f1b
2026-09-25T15:54:33.4740788Z ##[group]Run actions/setup-python@v6
2026-09-25T15:54:33.4742370Z with:
2026-09-25T15:54:33.4743146Z   python-version: 3.12
2026-09-25T15:54:33.4744276Z   check-latest: false
2026-09-25T15:54:33.4754761Z   token: ***
2026-09-25T15:54:33.4755575Z   update-environment: true
2026-09-25T15:54:33.4756554Z   allow-prereleases: false
2026-09-25T15:54:33.4757516Z   freethreaded: false
2026-09-25T15:54:33.4758348Z ##[endgroup]
2026-09-25T15:54:33.6070328Z ##[group]Installed versions
2026-09-25T15:54:33.6170062Z Successfully set up CPython (3.12.14)
2026-09-25T15:54:33.6172874Z ##[endgroup]
2026-09-25T15:54:33.6401510Z ##[group]Run python -m unittest discover -s tests -v
2026-09-25T15:54:33.6404167Z [36;1mpython -m unittest discover -s tests -v[0m
2026-09-25T15:54:33.6777390Z shell: /usr/bin/bash -e {0}
2026-09-25T15:54:33.6778420Z env:
2026-09-25T15:54:33.6779445Z   pythonLocation: /opt/hostedtoolcache/Python/3.12.14/x64
2026-09-25T15:54:33.6781249Z   PKG_CONFIG_PATH: /opt/hostedtoolcache/Python/3.12.14/x64/lib/pkgconfig
2026-09-25T15:54:33.6783282Z   Python_ROOT_DIR: /opt/hostedtoolcache/Python/3.12.14/x64
2026-09-25T15:54:33.6784858Z   Python2_ROOT_DIR: /opt/hostedtoolcache/Python/3.12.14/x64
2026-09-25T15:54:33.6786466Z   Python3_ROOT_DIR: /opt/hostedtoolcache/Python/3.12.14/x64
2026-09-25T15:54:33.6788052Z   LD_LIBRARY_PATH: /opt/hostedtoolcache/Python/3.12.14/x64/lib
2026-09-25T15:54:33.6789378Z ##[endgroup]
2026-09-25T15:54:36.0837009Z test_committed_result_artifact_rebuilds (test_bipm_2014_correlated_estimator.BIPMCorrelatedEstimatorArtifactTests.test_committed_result_artifact_rebuilds) ... ok
2026-09-25T15:54:36.0839298Z test_e001_inventory_is_disjoint (test_bipm_2014_correlated_estimator.BIPMCorrelatedEstimatorArtifactTests.test_e001_inventory_is_disjoint) ... ok
2026-09-25T15:54:36.0843581Z test_comparison_only_fields_not_accepted_by_estimator_api (test_bipm_2014_correlated_estimator.BIPMCorrelatedEstimatorBehaviorTests.test_comparison_only_fields_not_accepted_by_estimator_api) ... ok
2026-09-25T15:54:36.0845917Z test_covariance_changes_weights_and_variance (test_bipm_2014_correlated_estimator.BIPMCorrelatedEstimatorBehaviorTests.test_covariance_changes_weights_and_variance) ... ok
2026-09-25T15:54:36.0847371Z test_decimal_cells_and_sign_aware_linear_enclosure (test_bipm_2014_correlated_estimator.BIPMCorrelatedEstimatorBehaviorTests.test_decimal_cells_and_sign_aware_linear_enclosure) ... ok
2026-09-25T15:54:36.0848773Z test_exact_minimum_variance_weights_and_sum (test_bipm_2014_correlated_estimator.BIPMCorrelatedEstimatorBehaviorTests.test_exact_minimum_variance_weights_and_sum) ... ok
2026-09-25T15:54:36.0853545Z test_positive_definite_and_denominator_guards (test_bipm_2014_correlated_estimator.BIPMCorrelatedEstimatorBehaviorTests.test_positive_definite_and_denominator_guards) ... ok
2026-09-25T15:54:36.0855880Z test_real_source_midpoint_and_enclosure_are_distinct (test_bipm_2014_correlated_estimator.BIPMCorrelatedEstimatorBehaviorTests.test_real_source_midpoint_and_enclosure_are_distinct) ... ok
2026-09-25T15:54:36.0857137Z test_swap_symmetry (test_bipm_2014_correlated_estimator.BIPMCorrelatedEstimatorBehaviorTests.test_swap_symmetry) ... ok
2026-09-25T15:54:36.0858428Z test_synthetic_compatible_and_incompatible_classification (test_bipm_2014_correlated_estimator.BIPMCorrelatedEstimatorBehaviorTests.test_synthetic_compatible_and_incompatible_classification) ... ok
2026-09-25T15:54:36.0859843Z test_target_and_printed_summary_invariance (test_bipm_2014_correlated_estimator.BIPMCorrelatedEstimatorBehaviorTests.test_target_and_printed_summary_invariance) ... ok
2026-09-25T15:54:36.1105712Z test_committed_mutation_artifact (test_bipm_2014_correlated_estimator_mutations.BIPMCorrelatedEstimatorMutationTests.test_committed_mutation_artifact) ... ok
2026-09-25T15:54:36.6361299Z test_frozen_inventory_and_definitions (test_bipm_2014_correlated_estimator_mutations.BIPMCorrelatedEstimatorMutationTests.test_frozen_inventory_and_definitions) ... ok
2026-09-25T15:54:37.1050710Z test_actual_file_and_git_read_closure (test_bipm_nist_common_constant.DiagnosticArtifactTests.test_actual_file_and_git_read_closure) ... ok
2026-09-25T15:54:37.5676881Z test_changed_pin_and_stale_artifact_fail_read_only (test_bipm_nist_common_constant.DiagnosticArtifactTests.test_changed_pin_and_stale_artifact_fail_read_only) ... ok
2026-09-25T15:54:38.3844233Z test_committed_artifact_and_pins (test_bipm_nist_common_constant.DiagnosticArtifactTests.test_committed_artifact_and_pins) ... ok
2026-09-25T15:54:38.3906985Z test_changed_authorized_inputs_and_unauthorized_states_reject (test_bipm_nist_common_constant.DiagnosticContractTests.test_changed_authorized_inputs_and_unauthorized_states_reject) ... ok
2026-09-25T15:54:38.3908929Z test_duplicate_nonfinite_malformed_and_rational_schema (test_bipm_nist_common_constant.DiagnosticContractTests.test_duplicate_nonfinite_malformed_and_rational_schema) ... ok
2026-09-25T15:54:38.4109921Z test_every_result_driving_protocol_policy_rejects_mutation (test_bipm_nist_common_constant.DiagnosticContractTests.test_every_result_driving_protocol_policy_rejects_mutation) ... ok
2026-09-25T15:54:38.4149677Z test_forbidden_fields_behavior_distinct_from_digests (test_bipm_nist_common_constant.DiagnosticContractTests.test_forbidden_fields_behavior_distinct_from_digests) ... ok
2026-09-25T15:54:38.4151468Z test_inherited_provisional_and_nominal_claims (test_bipm_nist_common_constant.DiagnosticContractTests.test_inherited_provisional_and_nominal_claims) ... ok
2026-09-25T15:54:38.4169091Z test_projection_validates_both_existing_models (test_bipm_nist_common_constant.DiagnosticContractTests.test_projection_validates_both_existing_models) ... ok
2026-09-25T15:54:38.4182636Z test_analytic_rho_extrema_monotonicity_and_singular (test_bipm_nist_common_constant.DiagnosticMathTests.test_analytic_rho_extrema_monotonicity_and_singular) ... ok
2026-09-25T15:54:38.4194605Z test_difference_zero_crossing_and_rho_dispositions (test_bipm_nist_common_constant.DiagnosticMathTests.test_difference_zero_crossing_and_rho_dispositions) ... ok
2026-09-25T15:54:38.7058536Z test_display_all_corners_interior_unresolved (test_bipm_nist_common_constant.DiagnosticMathTests.test_display_all_corners_interior_unresolved) ... ok
2026-09-25T15:54:38.7092697Z test_invalid_covariance_and_weights (test_bipm_nist_common_constant.DiagnosticMathTests.test_invalid_covariance_and_weights) ... ok
2026-09-25T15:54:38.7132410Z test_q_two_forms_rank_and_independent_oracle (test_bipm_nist_common_constant.DiagnosticMathTests.test_q_two_forms_rank_and_independent_oracle) ... ok
2026-09-25T15:54:38.7135526Z test_radical_comparison_signs_and_exact_equality (test_bipm_nist_common_constant.DiagnosticMathTests.test_radical_comparison_signs_and_exact_equality) ... ok
2026-09-25T15:54:38.7138250Z test_scaling_conventions_and_signed_weights (test_bipm_nist_common_constant.DiagnosticMathTests.test_scaling_conventions_and_signed_weights) ... ok
2026-09-25T15:54:38.7242468Z test_shift_units_permutation_and_covariance (test_bipm_nist_common_constant.DiagnosticMathTests.test_shift_units_permutation_and_covariance) ... ok
2026-09-25T15:54:39.1837821Z test_committed_mutations_current_and_calibrated (test_bipm_nist_common_constant_mutations.DiagnosticMutationArtifactTests.test_committed_mutations_current_and_calibrated) ... ok
2026-09-25T15:54:39.6419917Z test_tampered_evidence_rejected_read_only (test_bipm_nist_common_constant_mutations.DiagnosticMutationArtifactTests.test_tampered_evidence_rejected_read_only) ... ok
2026-09-25T15:54:39.6422004Z test_bipm_scaling (test_bipm_nist_common_constant_mutations.DiagnosticMutationBehaviorTests.test_bipm_scaling) ... ok
2026-09-25T15:54:39.6423530Z test_claim_boundary (test_bipm_nist_common_constant_mutations.DiagnosticMutationBehaviorTests.test_claim_boundary) ... ok
2026-09-25T15:54:39.6425007Z test_covariance (test_bipm_nist_common_constant_mutations.DiagnosticMutationBehaviorTests.test_covariance) ... ok
2026-09-25T15:54:39.6426453Z test_cutoff_mapping (test_bipm_nist_common_constant_mutations.DiagnosticMutationBehaviorTests.test_cutoff_mapping) ... ok
2026-09-25T15:54:39.6428055Z test_difference_calibration (test_bipm_nist_common_constant_mutations.DiagnosticMutationBehaviorTests.test_difference_calibration) ... ok
2026-09-25T15:54:39.6439831Z test_display_bound (test_bipm_nist_common_constant_mutations.DiagnosticMutationBehaviorTests.test_display_bound) ... ok
2026-09-25T15:54:39.6441488Z test_equivalent_calibration (test_bipm_nist_common_constant_mutations.DiagnosticMutationBehaviorTests.test_equivalent_calibration) ... ok
2026-09-25T15:54:39.6443558Z test_mean_fitting (test_bipm_nist_common_constant_mutations.DiagnosticMutationBehaviorTests.test_mean_fitting) ... ok
2026-09-25T15:54:39.6445061Z test_rho_sign (test_bipm_nist_common_constant_mutations.DiagnosticMutationBehaviorTests.test_rho_sign) ... ok
2026-09-25T15:54:39.6446563Z test_terminal_invariance (test_bipm_nist_common_constant_mutations.DiagnosticMutationBehaviorTests.test_terminal_invariance) ... ok
2026-09-25T15:54:39.8778146Z test_actual_import_and_syntax_failures_receive_no_credit (test_bipm_nist_common_constant_mutations.DiagnosticMutationHarnessTests.test_actual_import_and_syntax_failures_receive_no_credit) ... ok
2026-09-25T15:54:39.8800322Z test_definitions_match_frozen_mapping (test_bipm_nist_common_constant_mutations.DiagnosticMutationHarnessTests.test_definitions_match_frozen_mapping) ... ok
2026-09-25T15:54:39.8805263Z test_only_designated_behavior_failure_scores (test_bipm_nist_common_constant_mutations.DiagnosticMutationHarnessTests.test_only_designated_behavior_failure_scores) ... ok
2026-09-25T15:54:40.0764394Z test_read_only_evidence_guard (test_candidate_exchange.CommittedEvidenceTests.test_read_only_evidence_guard) ... ok
2026-09-25T15:54:40.0930676Z test_alias_meaning_and_domains (test_candidate_exchange.ExchangeTests.test_alias_meaning_and_domains) ... ok
2026-09-25T15:54:40.1255415Z test_all_original_domain_restrictions (test_candidate_exchange.ExchangeTests.test_all_original_domain_restrictions) ... ok
2026-09-25T15:54:40.1274793Z test_candidate_inventory (test_candidate_exchange.ExchangeTests.test_candidate_inventory) ... ok
2026-09-25T15:54:40.1443887Z test_conservative_equivalence (test_candidate_exchange.ExchangeTests.test_conservative_equivalence) ... ok
2026-09-25T15:54:40.1825650Z test_context_identity_and_dense_dag (test_candidate_exchange.ExchangeTests.test_context_identity_and_dense_dag) ... ok
2026-09-25T15:54:40.2009189Z test_dimension_and_unit_rules (test_candidate_exchange.ExchangeTests.test_dimension_and_unit_rules) ... ok
2026-09-25T15:54:40.2044480Z test_dimension_bypass (test_candidate_exchange.ExchangeTests.test_dimension_bypass) ... ok
2026-09-25T15:54:40.2086238Z test_domain_erasure (test_candidate_exchange.ExchangeTests.test_domain_erasure) ... ok
2026-09-25T15:54:40.2145320Z test_empty_failure_and_rejection_inventory (test_candidate_exchange.ExchangeTests.test_empty_failure_and_rejection_inventory) ... ok
2026-09-25T15:54:40.2184549Z test_evidence_promotion (test_candidate_exchange.ExchangeTests.test_evidence_promotion) ... ok
2026-09-25T15:54:40.2235792Z test_exp_and_fitted_scalar (test_candidate_exchange.ExchangeTests.test_exp_and_fitted_scalar) ... ok
2026-09-25T15:54:40.2251591Z test_expression_resource_limits (test_candidate_exchange.ExchangeTests.test_expression_resource_limits) ... ok
2026-09-25T15:54:40.2971108Z test_historical_rankings (test_candidate_exchange.ExchangeTests.test_historical_rankings) ... ok
2026-09-25T15:54:40.3100542Z test_hostile_and_unsupported_payloads (test_candidate_exchange.ExchangeTests.test_hostile_and_unsupported_payloads) ... ok
2026-09-25T15:54:40.4674671Z test_json_resource_limits (test_candidate_exchange.ExchangeTests.test_json_resource_limits) ... ok
2026-09-25T15:54:40.4950161Z test_lawful_paired_adapters (test_candidate_exchange.ExchangeTests.test_lawful_paired_adapters) ... ok
2026-09-25T15:54:40.5001148Z test_manifest_laundering (test_candidate_exchange.ExchangeTests.test_manifest_laundering) ... ok
2026-09-25T15:54:40.5102343Z test_parameter_identity_and_context (test_candidate_exchange.ExchangeTests.test_parameter_identity_and_context) ... ok
2026-09-25T15:54:40.5198853Z test_postfix_bounds_and_malformed_records (test_candidate_exchange.ExchangeTests.test_postfix_bounds_and_malformed_records) ... ok
2026-09-25T15:54:40.5226884Z test_raw_binding_tampering (test_candidate_exchange.ExchangeTests.test_raw_binding_tampering) ... ok
2026-09-25T15:54:40.5452219Z test_record_tampering_and_routing (test_candidate_exchange.ExchangeTests.test_record_tampering_and_routing) ... ok
2026-09-25T15:54:40.5959954Z test_registry_and_inventory_limits (test_candidate_exchange.ExchangeTests.test_registry_and_inventory_limits) ... ok
2026-09-25T15:54:40.6128809Z test_target_leakage (test_candidate_exchange.ExchangeTests.test_target_leakage) ... ok
2026-09-25T15:54:40.6210090Z test_unknown_uncertainty_preserved (test_candidate_exchange.ExchangeTests.test_unknown_uncertainty_preserved) ... ok
2026-09-25T15:54:46.9992579Z test_artifact_is_byte_deterministic_and_current (test_dependency_analysis.DependencyAnalysisTests.test_artifact_is_byte_deterministic_and_current) ... ok
2026-09-25T15:54:47.0000078Z test_candidate_signature_round_trip_uses_exact_fractions (test_dependency_analysis.DependencyAnalysisTests.test_candidate_signature_round_trip_uses_exact_fractions) ... ok
2026-09-25T15:54:53.4706804Z test_check_cli_accepts_current_and_rejects_stale_artifact (test_dependency_analysis.DependencyAnalysisTests.test_check_cli_accepts_current_and_rejects_stale_artifact) ... ok
2026-09-25T15:54:53.4728484Z test_default_dimensional_system_has_rank_four_and_nullity_six (test_dependency_analysis.DependencyAnalysisTests.test_default_dimensional_system_has_rank_four_and_nullity_six) ... ok
2026-09-25T15:54:53.4729874Z test_dependency_and_certification_statuses_are_separate (test_dependency_analysis.DependencyAnalysisTests.test_dependency_and_certification_statuses_are_separate) ... ok
2026-09-25T15:54:53.4746454Z test_equivalence_group_identifiers_are_deterministic (test_dependency_analysis.DependencyAnalysisTests.test_equivalence_group_identifiers_are_deterministic) ... ok
2026-09-25T15:54:55.5945800Z test_existing_search_fields_and_classifications_are_preserved (test_dependency_analysis.DependencyAnalysisTests.test_existing_search_fields_and_classifications_are_preserved) ... ok
2026-09-25T15:54:55.5948115Z test_four_lean_controls_reduce_exactly_to_g (test_dependency_analysis.DependencyAnalysisTests.test_four_lean_controls_reduce_exactly_to_g) ... ok
2026-09-25T15:54:55.5950184Z test_proton_electron_and_atomic_mass_triples_are_equivalent (test_dependency_analysis.DependencyAnalysisTests.test_proton_electron_and_atomic_mass_triples_are_equivalent) ... ok
2026-09-25T15:54:55.5953157Z test_twenty_one_candidates_collapse_into_ten_exact_groups (test_dependency_analysis.DependencyAnalysisTests.test_twenty_one_candidates_collapse_into_ten_exact_groups) ... ok
2026-09-25T15:54:55.5955108Z test_two_additional_reconstructions_remain_python_only (test_dependency_analysis.DependencyAnalysisTests.test_two_additional_reconstructions_remain_python_only) ... ok
2026-09-25T15:54:55.5956747Z test_unresolved_surface_factor_gets_no_equivalence_claim (test_dependency_analysis.DependencyAnalysisTests.test_unresolved_surface_factor_gets_no_equivalence_claim) ... ok
2026-09-25T15:54:55.5958395Z test_catalog_is_read_only (test_dependency_definitions.DependencyDefinitionTests.test_catalog_is_read_only) ... ok
2026-09-25T15:54:55.5959793Z test_default_atomic_basis_has_the_declared_model_relative_endpoints (test_dependency_definitions.DependencyDefinitionTests.test_default_atomic_basis_has_the_declared_model_relative_endpoints) ... ok
2026-09-25T15:54:55.5961786Z test_dimensionally_inconsistent_definition_is_rejected (test_dependency_definitions.DependencyDefinitionTests.test_dimensionally_inconsistent_definition_is_rejected) ... ok
2026-09-25T15:54:55.5963487Z test_duplicate_catalog_keys_are_rejected (test_dependency_definitions.DependencyDefinitionTests.test_duplicate_catalog_keys_are_rejected) ... ok
2026-09-25T15:54:55.5964725Z test_four_planck_definitions_use_exact_fraction_exponents (test_dependency_definitions.DependencyDefinitionTests.test_four_planck_definitions_use_exact_fraction_exponents) ... ok
2026-09-25T15:54:55.5965894Z test_malformed_definition_terms_are_rejected (test_dependency_definitions.DependencyDefinitionTests.test_malformed_definition_terms_are_rejected) ... ok
2026-09-25T15:54:55.5967341Z test_missing_required_coverage_is_rejected (test_dependency_definitions.DependencyDefinitionTests.test_missing_required_coverage_is_rejected) ... ok
2026-09-25T15:54:55.5968650Z test_recursive_expansion_is_exact_and_normalizes_cancellation (test_dependency_definitions.DependencyDefinitionTests.test_recursive_expansion_is_exact_and_normalizes_cancellation) ... ok
2026-09-25T15:54:55.5969901Z test_unknown_references_and_cycles_are_rejected (test_dependency_definitions.DependencyDefinitionTests.test_unknown_references_and_cycles_are_rejected) ... ok
2026-09-25T15:54:57.7224427Z test_dependency_classification_ignores_dimension_metadata_after_validation (test_dependency_dimension_invariant.DependencyDimensionInvariantTests.test_dependency_classification_ignores_dimension_metadata_after_validation) ... ok
2026-09-25T15:55:01.9779018Z test_check_accepts_a_current_artifact (test_dimensional_search.DimensionalSearchTests.test_check_accepts_a_current_artifact) ... ok
2026-09-25T15:55:04.0743528Z test_check_rejects_a_missing_artifact_without_creating_it (test_dimensional_search.DimensionalSearchTests.test_check_rejects_a_missing_artifact_without_creating_it) ... ok
2026-09-25T15:55:06.1880928Z test_check_rejects_a_stale_artifact_without_overwriting_it (test_dimensional_search.DimensionalSearchTests.test_check_rejects_a_stale_artifact_without_overwriting_it) ... ok
2026-09-25T15:55:08.3126569Z test_default_bounded_search_still_returns_twenty_one_candidates (test_dimensional_search.DimensionalSearchTests.test_default_bounded_search_still_returns_twenty_one_candidates) ... ok
2026-09-25T15:55:08.9535237Z test_every_result_matches_target_dimension_and_is_ranked (test_dimensional_search.DimensionalSearchTests.test_every_result_matches_target_dimension_and_is_ranked) ... ok
2026-09-25T15:55:08.9617886Z test_known_planck_mass_rearrangement_is_found (test_dimensional_search.DimensionalSearchTests.test_known_planck_mass_rearrangement_is_found) ... ok
2026-09-25T15:55:08.9619847Z test_power_bound_can_include_half_integers (test_dimensional_search.DimensionalSearchTests.test_power_bound_can_include_half_integers) ... ok
2026-09-25T15:55:13.2062351Z test_repeated_csv_rendering_is_byte_deterministic (test_dimensional_search.DimensionalSearchTests.test_repeated_csv_rendering_is_byte_deterministic) ... ok
2026-09-25T15:55:13.2064310Z test_target_cannot_be_its_own_generator (test_dimensional_search.DimensionalSearchTests.test_target_cannot_be_its_own_generator) ... ok
2026-09-25T15:55:13.2065444Z test_action_dimension (test_dimensions.DimensionTests.test_action_dimension) ... ok
2026-09-25T15:55:13.2066633Z test_energy_dimension_is_literal_contract_vector (test_dimensions.DimensionTests.test_energy_dimension_is_literal_contract_vector) ... ok
2026-09-25T15:55:13.2068114Z test_force_and_area_dimensions (test_dimensions.DimensionTests.test_force_and_area_dimensions) ... ok
2026-09-25T15:55:13.2069176Z test_g_dimension_is_exact (test_dimensions.DimensionTests.test_g_dimension_is_exact) ... ok
2026-09-25T15:55:13.2070253Z test_rational_powers_remain_exact (test_dimensions.DimensionTests.test_rational_powers_remain_exact) ... ok
2026-09-25T15:55:13.2071447Z test_unknown_base_dimension_is_rejected (test_dimensions.DimensionTests.test_unknown_base_dimension_is_rejected) ... ok
2026-09-25T15:55:29.0302789Z test_read_only_committed_evidence (test_estimated_noise1.EstimatedNoise1CommittedEvidence.test_read_only_committed_evidence) ... ERROR
2026-09-25T15:55:29.0307139Z test_all_dispositions_and_failure_precedence (test_estimated_noise1.EstimatedNoise1Fixtures.test_all_dispositions_and_failure_precedence) ... ok
2026-09-25T15:55:29.0321401Z test_calibration_only_schema (test_estimated_noise1.EstimatedNoise1Fixtures.test_calibration_only_schema) ... ok
2026-09-25T15:55:29.0344329Z test_closed_artifact_binding_hash_and_type_tamper (test_estimated_noise1.EstimatedNoise1Fixtures.test_closed_artifact_binding_hash_and_type_tamper) ... ok
2026-09-25T15:55:29.3967427Z test_discovery_heldout_denial_and_poison_sources (test_estimated_noise1.EstimatedNoise1Fixtures.test_discovery_heldout_denial_and_poison_sources) ... ok
2026-09-25T15:55:29.6826286Z test_discovery_threshold_invariance_inventory_and_numeric_reference (test_estimated_noise1.EstimatedNoise1Fixtures.test_discovery_threshold_invariance_inventory_and_numeric_reference) ... ok
2026-09-25T15:55:29.6829849Z test_duplicate_json_and_nonfinite_rejection (test_estimated_noise1.EstimatedNoise1Fixtures.test_duplicate_json_and_nonfinite_rejection) ... ok
2026-09-25T15:55:29.6832333Z test_family_rank1_equality_and_signed_margins (test_estimated_noise1.EstimatedNoise1Fixtures.test_family_rank1_equality_and_signed_margins) ... ok
2026-09-25T15:55:30.0016457Z test_fixed_design_matching_streams_and_anonymization (test_estimated_noise1.EstimatedNoise1Fixtures.test_fixed_design_matching_streams_and_anonymization) ... ok
2026-09-25T15:55:30.0098022Z test_invalid_pair_values_and_inventories (test_estimated_noise1.EstimatedNoise1Fixtures.test_invalid_pair_values_and_inventories) ... ok
2026-09-25T15:55:30.0104372Z test_inventory_is_derived_from_dimensions (test_estimated_noise1.EstimatedNoise1Fixtures.test_inventory_is_derived_from_dimensions) ... ok
2026-09-25T15:55:30.0106160Z test_no_curved_structural_credit_or_stale_policy (test_estimated_noise1.EstimatedNoise1Fixtures.test_no_curved_structural_credit_or_stale_policy) ... ok
2026-09-25T15:55:30.0447771Z test_numeric_moment_and_alternate_quantiles (test_estimated_noise1.EstimatedNoise1Fixtures.test_numeric_moment_and_alternate_quantiles) ... ok
2026-09-25T15:55:30.1648630Z test_primary_six_rules_and_end_to_end_fixture_report (test_estimated_noise1.EstimatedNoise1Fixtures.test_primary_six_rules_and_end_to_end_fixture_report) ... ok
2026-09-25T15:55:30.1977726Z test_real_git_chronology_rejects_reversed_ancestry (test_estimated_noise1.EstimatedNoise1Fixtures.test_real_git_chronology_rejects_reversed_ancestry) ... ok
2026-09-25T15:55:30.5595939Z test_staged_calibration_completed_reads_and_fresh_cache (test_estimated_noise1.EstimatedNoise1Fixtures.test_staged_calibration_completed_reads_and_fresh_cache) ... ok
2026-09-25T15:55:30.5663540Z test_stopped_evidence_dispositions_are_derived (test_estimated_noise1.EstimatedNoise1Fixtures.test_stopped_evidence_dispositions_are_derived) ... ok
2026-09-25T15:55:30.6894371Z test_ten_designated_semantic_mutations (test_estimated_noise1.EstimatedNoise1Fixtures.test_ten_designated_semantic_mutations) ... ok
2026-09-25T15:55:30.6926795Z test_zero_tiny_and_equal_differences (test_estimated_noise1.EstimatedNoise1Fixtures.test_zero_tiny_and_equal_differences) ... ok
2026-09-25T15:55:30.6939045Z test_check_rejects_mismatch_without_overwrite (test_falsification_preregistration.FalsificationPreregistrationTests.test_check_rejects_mismatch_without_overwrite) ... stale or missing preregistration artifact: /tmp/tmpbu_ffkad/preregistration.json
2026-09-25T15:55:30.6941184Z ok
2026-09-25T15:55:30.6950522Z test_committed_preregistration_is_deterministic_and_current (test_falsification_preregistration.FalsificationPreregistrationTests.test_committed_preregistration_is_deterministic_and_current) ... ok
2026-09-25T15:55:30.6953245Z test_hash_matches_exact_committed_bytes (test_falsification_preregistration.FalsificationPreregistrationTests.test_hash_matches_exact_committed_bytes) ... ok
2026-09-25T15:55:30.6962423Z test_regeneration_refuses_to_overwrite_history (test_falsification_preregistration.FalsificationPreregistrationTests.test_regeneration_refuses_to_overwrite_history) ... refusing to overwrite an existing preregistration; create a new experiment version
2026-09-25T15:55:30.6964383Z ok
2026-09-25T15:55:30.6968573Z test_seeds_are_frozen_and_survive_round_trip (test_falsification_preregistration.FalsificationPreregistrationTests.test_seeds_are_frozen_and_survive_round_trip) ... ok
2026-09-25T15:55:30.6970851Z test_source_sha_is_frozen_and_validated (test_falsification_preregistration.FalsificationPreregistrationTests.test_source_sha_is_frozen_and_validated) ... ok
2026-09-25T15:55:30.6973487Z test_stale_version_is_rejected (test_falsification_preregistration.FalsificationPreregistrationTests.test_stale_version_is_rejected) ... ok
2026-09-25T15:55:30.7010187Z test_current_characterization_derived_from_existing_witnesses (test_g_measurement_joint_inference.JointArtifactTests.test_current_characterization_derived_from_existing_witnesses) ... ok
2026-09-25T15:55:30.7128970Z test_dependency_graph_excludes_historical_calculators_and_e001 (test_g_measurement_joint_inference.JointArtifactTests.test_dependency_graph_excludes_historical_calculators_and_e001) ... ok
2026-09-25T15:55:31.4272284Z test_input_pins_ancestry_freeze_and_preservation (test_g_measurement_joint_inference.JointArtifactTests.test_input_pins_ancestry_freeze_and_preservation) ... ok
2026-09-25T15:55:31.4323444Z test_only_allowed_files_opened_and_no_numerical_projection (test_g_measurement_joint_inference.JointArtifactTests.test_only_allowed_files_opened_and_no_numerical_projection) ... ok
2026-09-25T15:55:32.1769558Z test_result_freshness_schema_and_trace (test_g_measurement_joint_inference.JointArtifactTests.test_result_freshness_schema_and_trace) ... ok
2026-09-25T15:55:32.1823140Z test_wrong_missing_and_substituted_inputs (test_g_measurement_joint_inference.JointArtifactTests.test_wrong_missing_and_substituted_inputs) ... ok
2026-09-25T15:55:32.1843112Z test_all_27_verdict_combinations (test_g_measurement_joint_inference.JointBehaviorTests.test_all_27_verdict_combinations) ... ok
2026-09-25T15:55:32.1848747Z test_both_publications_are_required_and_used (test_g_measurement_joint_inference.JointBehaviorTests.test_both_publications_are_required_and_used) ... ok
2026-09-25T15:55:32.1859752Z test_central_values_cannot_affect_truth_or_projection (test_g_measurement_joint_inference.JointBehaviorTests.test_central_values_cannot_affect_truth_or_projection) ... ok
2026-09-25T15:55:32.1867012Z test_e001_path_allowlist (test_g_measurement_joint_inference.JointBehaviorTests.test_e001_path_allowlist) ... ok
2026-09-25T15:55:32.1868068Z test_exact_parameter_decoding (test_g_measurement_joint_inference.JointBehaviorTests.test_exact_parameter_decoding) ... ok
2026-09-25T15:55:32.1872942Z test_malformed_witness_identity_fails (test_g_measurement_joint_inference.JointBehaviorTests.test_malformed_witness_identity_fails) ... ok
2026-09-25T15:55:32.1890600Z test_midpoint_characterization_and_truth_invariance (test_g_measurement_joint_inference.JointBehaviorTests.test_midpoint_characterization_and_truth_invariance) ... ok
2026-09-25T15:55:32.1893150Z test_projection_keys_exclude_numerical_and_statistical_fields (test_g_measurement_joint_inference.JointBehaviorTests.test_projection_keys_exclude_numerical_and_statistical_fields) ... ok
2026-09-25T15:55:32.1897926Z test_pure_composition_never_retrieves_sources (test_g_measurement_joint_inference.JointBehaviorTests.test_pure_composition_never_retrieves_sources) ... ok
2026-09-25T15:55:32.1901701Z test_required_scope_projection_and_missing_scope (test_g_measurement_joint_inference.JointBehaviorTests.test_required_scope_projection_and_missing_scope) ... ok
2026-09-25T15:55:32.1903679Z test_scope_mapping_and_invalid_verdicts (test_g_measurement_joint_inference.JointBehaviorTests.test_scope_mapping_and_invalid_verdicts) ... ok
2026-09-25T15:55:32.1905038Z test_assertion_failure_and_survival (test_g_measurement_joint_inference_mutations.JointMutationTests.test_assertion_failure_and_survival) ... ok
2026-09-25T15:55:33.6193716Z test_committed_evidence_and_tampering (test_g_measurement_joint_inference_mutations.JointMutationTests.test_committed_evidence_and_tampering) ... ok
2026-09-25T15:55:33.6336709Z test_controls_are_distinct_and_equivalent_change_is_executable (test_g_measurement_joint_inference_mutations.JointMutationTests.test_controls_are_distinct_and_equivalent_change_is_executable) ... ok
2026-09-25T15:55:33.6339031Z test_invalid_infrastructure_never_counts_as_kill (test_g_measurement_joint_inference_mutations.JointMutationTests.test_invalid_infrastructure_never_counts_as_kill) ... ok
2026-09-25T15:55:34.4084379Z test_all_seven_exact_principal_minors_are_positive (test_hust_2018_aaf_combined_feasibility.CombinedFeasibilityTests.test_all_seven_exact_principal_minors_are_positive) ... ok
2026-09-25T15:55:34.4112714Z test_ambiguous_rule_or_normalization_produces_no_go (test_hust_2018_aaf_combined_feasibility.CombinedFeasibilityTests.test_ambiguous_rule_or_normalization_produces_no_go) ... ok
2026-09-25T15:55:34.4183339Z test_arithmetic_is_independent_of_ambient_decimal_context (test_hust_2018_aaf_combined_feasibility.CombinedFeasibilityTests.test_arithmetic_is_independent_of_ambient_decimal_context) ... ok
2026-09-25T15:55:34.4185448Z test_asymmetric_matrix_fails (test_hust_2018_aaf_combined_feasibility.CombinedFeasibilityTests.test_asymmetric_matrix_fails) ... ok
2026-09-25T15:55:35.9631168Z test_authoritative_builder_is_independent_of_terminal_function (test_hust_2018_aaf_combined_feasibility.CombinedFeasibilityTests.test_authoritative_builder_is_independent_of_terminal_function) ... ok
2026-09-25T15:55:35.9654305Z test_covariance_component_trace_or_target_injection_fails (test_hust_2018_aaf_combined_feasibility.CombinedFeasibilityTests.test_covariance_component_trace_or_target_injection_fails) ... ok
2026-09-25T15:55:35.9656867Z test_diagonals_reproduce_independent_rss_and_preserved_models (test_hust_2018_aaf_combined_feasibility.CombinedFeasibilityTests.test_diagonals_reproduce_independent_rss_and_preserved_models) ... ok
2026-09-25T15:55:35.9660537Z test_duplicated_or_extra_run_fails (test_hust_2018_aaf_combined_feasibility.CombinedFeasibilityTests.test_duplicated_or_extra_run_fails) ... ok
2026-09-25T15:55:35.9721941Z test_each_missing_indispensable_claim_blocks_go (test_hust_2018_aaf_combined_feasibility.CombinedFeasibilityTests.test_each_missing_indispensable_claim_blocks_go) ... ok
2026-09-25T15:55:35.9724096Z test_every_scope_has_distinct_complete_inventory (test_hust_2018_aaf_combined_feasibility.CombinedFeasibilityTests.test_every_scope_has_distinct_complete_inventory) ... ok
2026-09-25T15:55:35.9725709Z test_exact_singular_psd_diagnostic_without_pseudoinverse (test_hust_2018_aaf_combined_feasibility.CombinedFeasibilityTests.test_exact_singular_psd_diagnostic_without_pseudoinverse) ... ok
2026-09-25T15:55:35.9781213Z test_forbidden_upstream_targets_and_weights_fail (test_hust_2018_aaf_combined_feasibility.CombinedFeasibilityTests.test_forbidden_upstream_targets_and_weights_fail) ... ok
2026-09-25T15:55:38.3205410Z test_generated_bytes_and_cli_freshness_guard (test_hust_2018_aaf_combined_feasibility.CombinedFeasibilityTests.test_generated_bytes_and_cli_freshness_guard) ... HUST combined feasibility failed: combined feasibility artifact is missing or stale
2026-09-25T15:55:38.3207302Z ok
2026-09-25T15:55:38.3218130Z test_incorrect_diagonal_variance_fails (test_hust_2018_aaf_combined_feasibility.CombinedFeasibilityTests.test_incorrect_diagonal_variance_fails) ... ok
2026-09-25T15:55:38.3271229Z test_independent_exact_rational_calculation_matches_decimal (test_hust_2018_aaf_combined_feasibility.CombinedFeasibilityTests.test_independent_exact_rational_calculation_matches_decimal) ... ok
2026-09-25T15:55:38.3294169Z test_invalid_correlation_coefficient_fails (test_hust_2018_aaf_combined_feasibility.CombinedFeasibilityTests.test_invalid_correlation_coefficient_fails) ... ok
2026-09-25T15:55:38.3309112Z test_missing_combination_rule_produces_no_go_with_covariance_retained (test_hust_2018_aaf_combined_feasibility.CombinedFeasibilityTests.test_missing_combination_rule_produces_no_go_with_covariance_retained) ... ok
2026-09-25T15:55:38.3327898Z test_missing_duplicate_and_undeclared_covariance_terms_fail (test_hust_2018_aaf_combined_feasibility.CombinedFeasibilityTests.test_missing_duplicate_and_undeclared_covariance_terms_fail) ... ok
2026-09-25T15:55:38.3338492Z test_missing_duplicated_renamed_or_misscoped_component_fails (test_hust_2018_aaf_combined_feasibility.CombinedFeasibilityTests.test_missing_duplicated_renamed_or_misscoped_component_fails) ... ok
2026-09-25T15:55:38.3342438Z test_negative_nonpsd_and_malformed_matrices_fail (test_hust_2018_aaf_combined_feasibility.CombinedFeasibilityTests.test_negative_nonpsd_and_malformed_matrices_fail) ... ok
2026-09-25T15:55:39.1281379Z test_no_model_replication_or_lean_promotion (test_hust_2018_aaf_combined_feasibility.CombinedFeasibilityTests.test_no_model_replication_or_lean_promotion) ... ok
2026-09-25T15:55:39.1328589Z test_perturbed_source_transcription_fails_even_if_graph_and_model_agree (test_hust_2018_aaf_combined_feasibility.CombinedFeasibilityTests.test_perturbed_source_transcription_fails_even_if_graph_and_model_agree) ... ok
2026-09-25T15:55:39.1335196Z test_shared_nonstatistical_term_made_independent_fails (test_hust_2018_aaf_combined_feasibility.CombinedFeasibilityTests.test_shared_nonstatistical_term_made_independent_fails) ... ok
2026-09-25T15:55:39.1369097Z test_source_prescription_supports_go_and_complete_evidence (test_hust_2018_aaf_combined_feasibility.CombinedFeasibilityTests.test_source_prescription_supports_go_and_complete_evidence) ... ok
2026-09-25T15:55:39.1375656Z test_statistical_term_made_correlated_fails (test_hust_2018_aaf_combined_feasibility.CombinedFeasibilityTests.test_statistical_term_made_correlated_fails) ... ok
2026-09-25T15:55:39.1392709Z test_substituted_central_value_and_nonstring_or_nonfinite_numbers_fail (test_hust_2018_aaf_combined_feasibility.CombinedFeasibilityTests.test_substituted_central_value_and_nonstring_or_nonfinite_numbers_fail) ... ok
2026-09-25T15:55:39.1404684Z test_symmetric_psd_but_unauthorized_covariance_fails (test_hust_2018_aaf_combined_feasibility.CombinedFeasibilityTests.test_symmetric_psd_but_unauthorized_covariance_fails) ... ok
2026-09-25T15:55:39.1531224Z test_terminal_change_or_deletion_cannot_change_computation (test_hust_2018_aaf_combined_feasibility.CombinedFeasibilityTests.test_terminal_change_or_deletion_cannot_change_computation) ... ok
2026-09-25T15:55:39.1576012Z test_terminal_objects_inside_historical_artifacts_are_not_projected (test_hust_2018_aaf_combined_feasibility.CombinedFeasibilityTests.test_terminal_objects_inside_historical_artifacts_are_not_projected) ... ok
2026-09-25T15:55:39.9276675Z test_undeclared_file_and_duplicate_json_key_fail (test_hust_2018_aaf_combined_feasibility.CombinedFeasibilityTests.test_undeclared_file_and_duplicate_json_key_fail) ... ok
2026-09-25T15:55:39.9284749Z test_unverified_source_blocks_covariance_and_combination (test_hust_2018_aaf_combined_feasibility.CombinedFeasibilityTests.test_unverified_source_blocks_covariance_and_combination) ... ok
2026-09-25T15:55:39.9292435Z test_weight_tuning_or_guessed_formula_cannot_be_accepted_as_source_evidence (test_hust_2018_aaf_combined_feasibility.CombinedFeasibilityTests.test_weight_tuning_or_guessed_formula_cannot_be_accepted_as_source_evidence) ... ok
2026-09-25T15:55:39.9394314Z test_changed_or_missing_pinned_input_fails (test_hust_2018_aaf_combined_feasibility.PreregistrationHistoryTests.test_changed_or_missing_pinned_input_fails) ... Note: switching to '4bd80b32b050d0003301e6f8db1c81923ca54f1b'.
2026-09-25T15:55:39.9395879Z 
2026-09-25T15:55:39.9396264Z You are in 'detached HEAD' state. You can look around, make experimental
2026-09-25T15:55:39.9397107Z changes and commit them, and you can discard any commits you make in this
2026-09-25T15:55:39.9397938Z state without impacting any branches by switching back to a branch.
2026-09-25T15:55:39.9398436Z 
2026-09-25T15:55:39.9398768Z If you want to create a new branch to retain commits you create, you may
2026-09-25T15:55:39.9399558Z do so (now or later) by using -c with the switch command. Example:
2026-09-25T15:55:39.9400014Z 
2026-09-25T15:55:39.9400204Z   git switch -c <new-branch-name>
2026-09-25T15:55:39.9400498Z 
2026-09-25T15:55:39.9400672Z Or undo this operation with:
2026-09-25T15:55:39.9400941Z 
2026-09-25T15:55:39.9401084Z   git switch -
2026-09-25T15:55:39.9401292Z 
2026-09-25T15:55:39.9401958Z Turn off this advice by setting config variable advice.detachedHead to false
2026-09-25T15:55:39.9402521Z 
2026-09-25T15:55:40.2353567Z ok
2026-09-25T15:55:40.2440131Z test_current_preregistration_bytes_changed_fails (test_hust_2018_aaf_combined_feasibility.PreregistrationHistoryTests.test_current_preregistration_bytes_changed_fails) ... Note: switching to '4bd80b32b050d0003301e6f8db1c81923ca54f1b'.
2026-09-25T15:55:40.2442109Z 
2026-09-25T15:55:40.2442472Z You are in 'detached HEAD' state. You can look around, make experimental
2026-09-25T15:55:40.2443562Z changes and commit them, and you can discard any commits you make in this
2026-09-25T15:55:40.2444409Z state without impacting any branches by switching back to a branch.
2026-09-25T15:55:40.2444915Z 
2026-09-25T15:55:40.2445242Z If you want to create a new branch to retain commits you create, you may
2026-09-25T15:55:40.2446022Z do so (now or later) by using -c with the switch command. Example:
2026-09-25T15:55:40.2446460Z 
2026-09-25T15:55:40.2446642Z   git switch -c <new-branch-name>
2026-09-25T15:55:40.2446938Z 
2026-09-25T15:55:40.2447178Z Or undo this operation with:
2026-09-25T15:55:40.2447465Z 
2026-09-25T15:55:40.2447611Z   git switch -
2026-09-25T15:55:40.2447820Z 
2026-09-25T15:55:40.2448208Z Turn off this advice by setting config variable advice.detachedHead to false
2026-09-25T15:55:40.2448741Z 
2026-09-25T15:55:40.5491561Z ok
2026-09-25T15:55:40.5579431Z test_first_commit_freeze_and_descendant_verified (test_hust_2018_aaf_combined_feasibility.PreregistrationHistoryTests.test_first_commit_freeze_and_descendant_verified) ... Note: switching to '4bd80b32b050d0003301e6f8db1c81923ca54f1b'.
2026-09-25T15:55:40.5581132Z 
2026-09-25T15:55:40.5581483Z You are in 'detached HEAD' state. You can look around, make experimental
2026-09-25T15:55:40.5582645Z changes and commit them, and you can discard any commits you make in this
2026-09-25T15:55:40.5583494Z state without impacting any branches by switching back to a branch.
2026-09-25T15:55:40.5583983Z 
2026-09-25T15:55:40.5584312Z If you want to create a new branch to retain commits you create, you may
2026-09-25T15:55:40.5585113Z do so (now or later) by using -c with the switch command. Example:
2026-09-25T15:55:40.5585560Z 
2026-09-25T15:55:40.5585734Z   git switch -c <new-branch-name>
2026-09-25T15:55:40.5586037Z 
2026-09-25T15:55:40.5586198Z Or undo this operation with:
2026-09-25T15:55:40.5586470Z 
2026-09-25T15:55:40.5586614Z   git switch -
2026-09-25T15:55:40.5586822Z 
2026-09-25T15:55:40.5587200Z Turn off this advice by setting config variable advice.detachedHead to false
2026-09-25T15:55:40.5587785Z 
2026-09-25T15:55:40.9168115Z ok
2026-09-25T15:55:40.9257244Z test_frozen_lean_and_mutation_history_are_preserved (test_hust_2018_aaf_combined_feasibility.PreregistrationHistoryTests.test_frozen_lean_and_mutation_history_are_preserved) ... Note: switching to '4bd80b32b050d0003301e6f8db1c81923ca54f1b'.
2026-09-25T15:55:40.9258234Z 
2026-09-25T15:55:40.9258450Z You are in 'detached HEAD' state. You can look around, make experimental
2026-09-25T15:55:40.9258950Z changes and commit them, and you can discard any commits you make in this
2026-09-25T15:55:40.9259446Z state without impacting any branches by switching back to a branch.
2026-09-25T15:55:40.9259728Z 
2026-09-25T15:55:40.9259909Z If you want to create a new branch to retain commits you create, you may
2026-09-25T15:55:40.9260362Z do so (now or later) by using -c with the switch command. Example:
2026-09-25T15:55:40.9260621Z 
2026-09-25T15:55:40.9260734Z   git switch -c <new-branch-name>
2026-09-25T15:55:40.9260916Z 
2026-09-25T15:55:40.9261019Z Or undo this operation with:
2026-09-25T15:55:40.9261174Z 
2026-09-25T15:55:40.9261261Z   git switch -
2026-09-25T15:55:40.9261382Z 
2026-09-25T15:55:40.9261753Z Turn off this advice by setting config variable advice.detachedHead to false
2026-09-25T15:55:40.9262073Z 
2026-09-25T15:55:41.2085289Z ok
2026-09-25T15:55:41.2174238Z test_head_without_preregistration_ancestry_fails (test_hust_2018_aaf_combined_feasibility.PreregistrationHistoryTests.test_head_without_preregistration_ancestry_fails) ... Note: switching to '4bd80b32b050d0003301e6f8db1c81923ca54f1b'.
2026-09-25T15:55:41.2176199Z 
2026-09-25T15:55:41.2176557Z You are in 'detached HEAD' state. You can look around, make experimental
2026-09-25T15:55:41.2177404Z changes and commit them, and you can discard any commits you make in this
2026-09-25T15:55:41.2178243Z state without impacting any branches by switching back to a branch.
2026-09-25T15:55:41.2178745Z 
2026-09-25T15:55:41.2179277Z If you want to create a new branch to retain commits you create, you may
2026-09-25T15:55:41.2180068Z do so (now or later) by using -c with the switch command. Example:
2026-09-25T15:55:41.2180518Z 
2026-09-25T15:55:41.2180704Z   git switch -c <new-branch-name>
2026-09-25T15:55:41.2180997Z 
2026-09-25T15:55:41.2181165Z Or undo this operation with:
2026-09-25T15:55:41.2181427Z 
2026-09-25T15:55:41.2181568Z   git switch -
2026-09-25T15:55:41.2182037Z 
2026-09-25T15:55:41.2182406Z Turn off this advice by setting config variable advice.detachedHead to false
2026-09-25T15:55:41.2182945Z 
2026-09-25T15:55:41.5656175Z ok
2026-09-25T15:55:41.5747583Z test_modify_then_restore_preregistration_history_fails (test_hust_2018_aaf_combined_feasibility.PreregistrationHistoryTests.test_modify_then_restore_preregistration_history_fails) ... Note: switching to '4bd80b32b050d0003301e6f8db1c81923ca54f1b'.
2026-09-25T15:55:41.5749355Z 
2026-09-25T15:55:41.5749701Z You are in 'detached HEAD' state. You can look around, make experimental
2026-09-25T15:55:41.5750539Z changes and commit them, and you can discard any commits you make in this
2026-09-25T15:55:41.5751341Z state without impacting any branches by switching back to a branch.
2026-09-25T15:55:41.5752153Z 
2026-09-25T15:55:41.5752474Z If you want to create a new branch to retain commits you create, you may
2026-09-25T15:55:41.5752957Z do so (now or later) by using -c with the switch command. Example:
2026-09-25T15:55:41.5753214Z 
2026-09-25T15:55:41.5753325Z   git switch -c <new-branch-name>
2026-09-25T15:55:41.5753503Z 
2026-09-25T15:55:41.5753599Z Or undo this operation with:
2026-09-25T15:55:41.5753776Z 
2026-09-25T15:55:41.5753856Z   git switch -
2026-09-25T15:55:41.5753977Z 
2026-09-25T15:55:41.5754184Z Turn off this advice by setting config variable advice.detachedHead to false
2026-09-25T15:55:41.5754505Z 
2026-09-25T15:55:41.9764232Z ok
2026-09-25T15:55:41.9855019Z test_original_local_freeze_object_matches_its_git_identity (test_hust_2018_aaf_combined_feasibility.PreregistrationHistoryTests.test_original_local_freeze_object_matches_its_git_identity) ... Note: switching to '4bd80b32b050d0003301e6f8db1c81923ca54f1b'.
2026-09-25T15:55:41.9856776Z 
2026-09-25T15:55:41.9857140Z You are in 'detached HEAD' state. You can look around, make experimental
2026-09-25T15:55:41.9858005Z changes and commit them, and you can discard any commits you make in this
2026-09-25T15:55:41.9858840Z state without impacting any branches by switching back to a branch.
2026-09-25T15:55:41.9859340Z 
2026-09-25T15:55:41.9859655Z If you want to create a new branch to retain commits you create, you may
2026-09-25T15:55:41.9860444Z do so (now or later) by using -c with the switch command. Example:
2026-09-25T15:55:41.9860898Z 
2026-09-25T15:55:41.9861073Z   git switch -c <new-branch-name>
2026-09-25T15:55:41.9861377Z 
2026-09-25T15:55:41.9861544Z Or undo this operation with:
2026-09-25T15:55:41.9862090Z 
2026-09-25T15:55:41.9862239Z   git switch -
2026-09-25T15:55:41.9862436Z 
2026-09-25T15:55:41.9862814Z Turn off this advice by setting config variable advice.detachedHead to false
2026-09-25T15:55:41.9863365Z 
2026-09-25T15:55:42.2929859Z ok
2026-09-25T15:55:42.3900636Z test_authoritative_decimal_float_and_ambient_context_boundary (test_hust_2018_aaf_combined_measurement_model.CombinedHUSTModelTests.test_authoritative_decimal_float_and_ambient_context_boundary) ... ok
2026-09-25T15:55:42.3906237Z test_canonical_variances_weights_and_covariance_match_independent_oracle (test_hust_2018_aaf_combined_measurement_model.CombinedHUSTModelTests.test_canonical_variances_weights_and_covariance_match_independent_oracle) ... ok
2026-09-25T15:55:42.3909637Z test_central_estimate_and_standard_uncertainty_match_independent_oracle (test_hust_2018_aaf_combined_measurement_model.CombinedHUSTModelTests.test_central_estimate_and_standard_uncertainty_match_independent_oracle) ... ok
2026-09-25T15:55:42.3933904Z test_component_order_changes_are_rejected (test_hust_2018_aaf_combined_measurement_model.CombinedHUSTModelTests.test_component_order_changes_are_rejected) ... ok
2026-09-25T15:55:42.4475770Z test_covariance_matrix_cannot_be_replaced_or_incompletely_serialized (test_hust_2018_aaf_combined_measurement_model.CombinedHUSTModelTests.test_covariance_matrix_cannot_be_replaced_or_incompletely_serialized) ... ok
2026-09-25T15:55:42.4480910Z test_covariance_with_undeclared_model_inputs_is_rejected (test_hust_2018_aaf_combined_measurement_model.CombinedHUSTModelTests.test_covariance_with_undeclared_model_inputs_is_rejected) ... ok
2026-09-25T15:55:42.4586480Z test_cross_item_covariance_is_forbidden (test_hust_2018_aaf_combined_measurement_model.CombinedHUSTModelTests.test_cross_item_covariance_is_forbidden) ... ok
2026-09-25T15:55:42.4708514Z test_feasibility_output_cannot_replace_an_individual_estimate (test_hust_2018_aaf_combined_measurement_model.CombinedHUSTModelTests.test_feasibility_output_cannot_replace_an_individual_estimate) ... ok
2026-09-25T15:55:44.8993809Z test_feasibility_results_and_comparisons_can_be_changed_or_deleted_without_effect (test_hust_2018_aaf_combined_measurement_model.CombinedHUSTModelTests.test_feasibility_results_and_comparisons_can_be_changed_or_deleted_without_effect) ... ok
2026-09-25T15:55:44.9134076Z test_final_published_uncertainty_cannot_replace_individual_total (test_hust_2018_aaf_combined_measurement_model.CombinedHUSTModelTests.test_final_published_uncertainty_cannot_replace_individual_total) ... ok
2026-09-25T15:55:44.9413825Z test_hust_model_revalidates_covariance_and_output_values (test_hust_2018_aaf_combined_measurement_model.CombinedHUSTModelTests.test_hust_model_revalidates_covariance_and_output_values) ... ok
2026-09-25T15:55:44.9418854Z test_known_feasibility_numbers_are_only_regression_expectations (test_hust_2018_aaf_combined_measurement_model.CombinedHUSTModelTests.test_known_feasibility_numbers_are_only_regression_expectations) ... ok
2026-09-25T15:55:44.9487607Z test_missing_duplicate_or_mismatched_component_ids_fail (test_hust_2018_aaf_combined_measurement_model.CombinedHUSTModelTests.test_missing_duplicate_or_mismatched_component_ids_fail) ... ok
2026-09-25T15:55:44.9520113Z test_model_keeps_complete_individual_central_ancestry (test_hust_2018_aaf_combined_measurement_model.CombinedHUSTModelTests.test_model_keeps_complete_individual_central_ancestry) ... ok
2026-09-25T15:55:44.9661266Z test_only_authorized_individual_fields_are_projected (test_hust_2018_aaf_combined_measurement_model.CombinedHUSTModelTests.test_only_authorized_individual_fields_are_projected) ... ok
2026-09-25T15:55:45.7175949Z test_preregistration_ancestry_and_frozen_historical_hashes (test_hust_2018_aaf_combined_measurement_model.CombinedHUSTModelTests.test_preregistration_ancestry_and_frozen_historical_hashes) ... ok
2026-09-25T15:55:45.7178274Z test_quadratic_variance_matches_independent_source_component_expression (test_hust_2018_aaf_combined_measurement_model.CombinedHUSTModelTests.test_quadratic_variance_matches_independent_source_component_expression) ... ok
2026-09-25T15:55:48.1393305Z test_terminal_publication_substitution_leaves_all_production_fields_identical (test_hust_2018_aaf_combined_measurement_model.CombinedHUSTModelTests.test_terminal_publication_substitution_leaves_all_production_fields_identical) ... ok
2026-09-25T15:55:48.1747223Z test_unrelated_or_terminal_operands_cannot_be_added_to_projection (test_hust_2018_aaf_combined_measurement_model.CombinedHUSTModelTests.test_unrelated_or_terminal_operands_cannot_be_added_to_projection) ... ok
2026-09-25T15:55:48.1749917Z test_weight_computation_uses_only_individual_total_uncertainties (test_hust_2018_aaf_combined_measurement_model.CombinedHUSTModelTests.test_weight_computation_uses_only_individual_total_uncertainties) ... ok
2026-09-25T15:55:48.1952040Z test_wrong_statistical_and_nonstatistical_correlations_fail (test_hust_2018_aaf_combined_measurement_model.CombinedHUSTModelTests.test_wrong_statistical_and_nonstatistical_correlations_fail) ... ok
2026-09-25T15:55:48.1958903Z test_anchor_metadata_is_strictly_validated (test_hust_2018_aaf_depth_2b_authorization.HUST2018AAFDepth2BAuthorizationTests.test_anchor_metadata_is_strictly_validated) ... ok
2026-09-25T15:55:48.2176467Z test_authorization_artifact_is_fresh_and_preserves_historical_bytes (test_hust_2018_aaf_depth_2b_authorization.HUST2018AAFDepth2BAuthorizationTests.test_authorization_artifact_is_fresh_and_preserves_historical_bytes) ... ok
2026-09-25T15:55:48.2186383Z test_authorization_cli_preserves_history_exit_taxonomy (test_hust_2018_aaf_depth_2b_authorization.HUST2018AAFDepth2BAuthorizationTests.test_authorization_cli_preserves_history_exit_taxonomy) ... ok
2026-09-25T15:55:48.2297001Z test_byte_identity_detector_rejects_bounded_evasions (test_hust_2018_aaf_depth_2b_authorization.HUST2018AAFDepth2BAuthorizationTests.test_byte_identity_detector_rejects_bounded_evasions) ... ok
2026-09-25T15:55:48.2427776Z test_changed_preregistration_fails_specifically_for_source_state (test_hust_2018_aaf_depth_2b_authorization.HUST2018AAFDepth2BAuthorizationTests.test_changed_preregistration_fails_specifically_for_source_state) ... Note: switching to '4bd80b32b050d0003301e6f8db1c81923ca54f1b'.
2026-09-25T15:55:48.2428929Z 
2026-09-25T15:55:48.2429132Z You are in 'detached HEAD' state. You can look around, make experimental
2026-09-25T15:55:48.2429620Z changes and commit them, and you can discard any commits you make in this
2026-09-25T15:55:48.2430085Z state without impacting any branches by switching back to a branch.
2026-09-25T15:55:48.2430364Z 
2026-09-25T15:55:48.2430551Z If you want to create a new branch to retain commits you create, you may
2026-09-25T15:55:48.2430983Z do so (now or later) by using -c with the switch command. Example:
2026-09-25T15:55:48.2431243Z 
2026-09-25T15:55:48.2431344Z   git switch -c <new-branch-name>
2026-09-25T15:55:48.2431517Z 
2026-09-25T15:55:48.2431904Z Or undo this operation with:
2026-09-25T15:55:48.2432189Z 
2026-09-25T15:55:48.2432321Z   git switch -
2026-09-25T15:55:48.2432444Z 
2026-09-25T15:55:48.2432657Z Turn off this advice by setting config variable advice.detachedHead to false
2026-09-25T15:55:48.2432967Z 
2026-09-25T15:55:48.4208082Z ok
2026-09-25T15:55:48.4213967Z test_clarification_nested_byte_identity_traversal_rejects_overclaim (test_hust_2018_aaf_depth_2b_authorization.HUST2018AAFDepth2BAuthorizationTests.test_clarification_nested_byte_identity_traversal_rejects_overclaim) ... ok
2026-09-25T15:55:48.4218528Z test_clarification_separates_direct_source_claims_and_derivations (test_hust_2018_aaf_depth_2b_authorization.HUST2018AAFDepth2BAuthorizationTests.test_clarification_separates_direct_source_claims_and_derivations) ... ok
2026-09-25T15:55:48.4224142Z test_combined_authorization_must_remain_false (test_hust_2018_aaf_depth_2b_authorization.HUST2018AAFDepth2BAuthorizationTests.test_combined_authorization_must_remain_false) ... ok
2026-09-25T15:55:48.4249588Z test_component_inventory_and_source_mutations_fail_closed (test_hust_2018_aaf_depth_2b_authorization.HUST2018AAFDepth2BAuthorizationTests.test_component_inventory_and_source_mutations_fail_closed) ... ok
2026-09-25T15:55:48.4253753Z test_component_table_is_an_exact_ordered_second_key (test_hust_2018_aaf_depth_2b_authorization.HUST2018AAFDepth2BAuthorizationTests.test_component_table_is_an_exact_ordered_second_key) ... ok
2026-09-25T15:55:48.4259345Z test_derivable_authorizations_depend_on_table_and_clarification (test_hust_2018_aaf_depth_2b_authorization.HUST2018AAFDepth2BAuthorizationTests.test_derivable_authorizations_depend_on_table_and_clarification) ... ok
2026-09-25T15:55:48.4264422Z test_official_nature_source_precondition_is_exactly_pinned (test_hust_2018_aaf_depth_2b_authorization.HUST2018AAFDepth2BAuthorizationTests.test_official_nature_source_precondition_is_exactly_pinned) ... ok
2026-09-25T15:55:48.4268935Z test_official_source_nonclaims_are_an_exact_ordered_second_key (test_hust_2018_aaf_depth_2b_authorization.HUST2018AAFDepth2BAuthorizationTests.test_official_source_nonclaims_are_an_exact_ordered_second_key) ... ok
2026-09-25T15:55:48.4277096Z test_printed_labels_are_exact_and_v1_field_name_fails (test_hust_2018_aaf_depth_2b_authorization.HUST2018AAFDepth2BAuthorizationTests.test_printed_labels_are_exact_and_v1_field_name_fails) ... ok
2026-09-25T15:55:48.4280767Z test_readme_reports_current_artifacts_and_exact_assessment_boundary (test_hust_2018_aaf_depth_2b_authorization.HUST2018AAFDepth2BAuthorizationTests.test_readme_reports_current_artifacts_and_exact_assessment_boundary) ... ok
2026-09-25T15:55:48.4461173Z test_real_preregistration_and_anchor_history_are_verified (test_hust_2018_aaf_depth_2b_authorization.HUST2018AAFDepth2BAuthorizationTests.test_real_preregistration_and_anchor_history_are_verified) ... ok
2026-09-25T15:55:48.4469368Z test_rss_and_rho_diagnostics_are_recomputed_at_precision_50 (test_hust_2018_aaf_depth_2b_authorization.HUST2018AAFDepth2BAuthorizationTests.test_rss_and_rho_diagnostics_are_recomputed_at_precision_50) ... ok
2026-09-25T15:55:48.6617925Z test_shallow_history_remains_unavailable (test_hust_2018_aaf_depth_2b_authorization.HUST2018AAFDepth2BAuthorizationTests.test_shallow_history_remains_unavailable) ... Note: switching to '4bd80b32b050d0003301e6f8db1c81923ca54f1b'.
2026-09-25T15:55:48.6619579Z 
2026-09-25T15:55:48.6619932Z You are in 'detached HEAD' state. You can look around, make experimental
2026-09-25T15:55:48.6620774Z changes and commit them, and you can discard any commits you make in this
2026-09-25T15:55:48.6621602Z state without impacting any branches by switching back to a branch.
2026-09-25T15:55:48.6622331Z 
2026-09-25T15:55:48.6622645Z If you want to create a new branch to retain commits you create, you may
2026-09-25T15:55:48.6623409Z do so (now or later) by using -c with the switch command. Example:
2026-09-25T15:55:48.6623871Z 
2026-09-25T15:55:48.6624054Z   git switch -c <new-branch-name>
2026-09-25T15:55:48.6624342Z 
2026-09-25T15:55:48.6624510Z Or undo this operation with:
2026-09-25T15:55:48.6624775Z 
2026-09-25T15:55:48.6624914Z   git switch -
2026-09-25T15:55:48.6625117Z 
2026-09-25T15:55:48.6625475Z Turn off this advice by setting config variable advice.detachedHead to false
2026-09-25T15:55:48.6626022Z 
2026-09-25T15:55:48.8335491Z ok
2026-09-25T15:55:48.8342008Z test_source_and_clarification_reject_unknown_keys (test_hust_2018_aaf_depth_2b_authorization.HUST2018AAFDepth2BAuthorizationTests.test_source_and_clarification_reject_unknown_keys) ... ok
2026-09-25T15:55:48.8346840Z test_source_bypass_and_falsified_locator_fail_closed (test_hust_2018_aaf_depth_2b_authorization.HUST2018AAFDepth2BAuthorizationTests.test_source_bypass_and_falsified_locator_fail_closed) ... ok
2026-09-25T15:55:48.8483908Z test_synthetic_squash_fails_specifically_for_ancestry (test_hust_2018_aaf_depth_2b_authorization.HUST2018AAFDepth2BAuthorizationTests.test_synthetic_squash_fails_specifically_for_ancestry) ... Note: switching to '4bd80b32b050d0003301e6f8db1c81923ca54f1b'.
2026-09-25T15:55:48.8485180Z 
2026-09-25T15:55:48.8485419Z You are in 'detached HEAD' state. You can look around, make experimental
2026-09-25T15:55:48.8486015Z changes and commit them, and you can discard any commits you make in this
2026-09-25T15:55:48.8486591Z state without impacting any branches by switching back to a branch.
2026-09-25T15:55:48.8486926Z 
2026-09-25T15:55:48.8487145Z If you want to create a new branch to retain commits you create, you may
2026-09-25T15:55:48.8487664Z do so (now or later) by using -c with the switch command. Example:
2026-09-25T15:55:48.8487962Z 
2026-09-25T15:55:48.8488084Z   git switch -c <new-branch-name>
2026-09-25T15:55:48.8488289Z 
2026-09-25T15:55:48.8488401Z Or undo this operation with:
2026-09-25T15:55:48.8488588Z 
2026-09-25T15:55:48.8488684Z   git switch -
2026-09-25T15:55:48.8489085Z 
2026-09-25T15:55:48.8489334Z Turn off this advice by setting config variable advice.detachedHead to false
2026-09-25T15:55:48.8489708Z 
2026-09-25T15:55:49.4434785Z ok
2026-09-25T15:55:49.4450699Z test_terminal_comparison_values_do_not_drive_derivations (test_hust_2018_aaf_depth_2b_authorization.HUST2018AAFDepth2BAuthorizationTests.test_terminal_comparison_values_do_not_drive_derivations) ... ok
2026-09-25T15:55:49.4455701Z test_v1_to_v2_numerical_projection_is_identical (test_hust_2018_aaf_depth_2b_authorization.HUST2018AAFDepth2BAuthorizationTests.test_v1_to_v2_numerical_projection_is_identical) ... ok
2026-09-25T15:55:49.4539513Z test_component_ancestry_contributes_to_metrological_evidence_axis (test_hust_2018_aaf_depth_2b_bridge_closure.HUST2018AAFDepth2BBridgeClosureTests.test_component_ancestry_contributes_to_metrological_evidence_axis) ... ok
2026-09-25T15:55:49.4542660Z test_all_preregistered_individual_feasibility_requirements_are_satisfied (test_hust_2018_aaf_depth_2b_feasibility.HUST2018AAFDepth2BFeasibilityTests.test_all_preregistered_individual_feasibility_requirements_are_satisfied) ... ok
2026-09-25T15:55:49.4545205Z test_decision_and_scope_match_frozen_feasibility_question (test_hust_2018_aaf_depth_2b_feasibility.HUST2018AAFDepth2BFeasibilityTests.test_decision_and_scope_match_frozen_feasibility_question) ... ok
2026-09-25T15:55:49.4547367Z test_go_does_not_promote_combined_or_deeper_claims (test_hust_2018_aaf_depth_2b_feasibility.HUST2018AAFDepth2BFeasibilityTests.test_go_does_not_promote_combined_or_deeper_claims) ... ok
2026-09-25T15:55:49.4549636Z test_individual_totals_are_reconstructed_without_using_reported_totals (test_hust_2018_aaf_depth_2b_feasibility.HUST2018AAFDepth2BFeasibilityTests.test_individual_totals_are_reconstructed_without_using_reported_totals) ... ok
2026-09-25T15:55:49.4552067Z test_main_article_provenance_is_candid (test_hust_2018_aaf_depth_2b_feasibility.HUST2018AAFDepth2BFeasibilityTests.test_main_article_provenance_is_candid) ... ok
2026-09-25T15:55:49.4554586Z test_supplement_source_and_covariance_rule_are_bound_to_existing_capture (test_hust_2018_aaf_depth_2b_feasibility.HUST2018AAFDepth2BFeasibilityTests.test_supplement_source_and_covariance_rule_are_bound_to_existing_capture) ... ok
2026-09-25T15:55:49.4556580Z test_table1_component_table_is_exactly_second_keyed (test_hust_2018_aaf_depth_2b_feasibility.HUST2018AAFDepth2BFeasibilityTests.test_table1_component_table_is_exactly_second_keyed) ... ok
2026-09-25T15:55:49.4906214Z test_all_three_scopes_are_uncertainty_qualified_depth_2b_models (test_hust_2018_aaf_depth_2b_measurement_models.HUST2018AAFDepth2BMeasurementModelTests.test_all_three_scopes_are_uncertainty_qualified_depth_2b_models) ... ok
2026-09-25T15:55:49.5170914Z test_arithmetic_mutations_fail_closed_for_the_intended_reason (test_hust_2018_aaf_depth_2b_measurement_models.HUST2018AAFDepth2BMeasurementModelTests.test_arithmetic_mutations_fail_closed_for_the_intended_reason) ... ok
2026-09-25T15:55:49.5932980Z test_artifact_is_deterministic_and_contains_no_combined_output (test_hust_2018_aaf_depth_2b_measurement_models.HUST2018AAFDepth2BMeasurementModelTests.test_artifact_is_deterministic_and_contains_no_combined_output) ... ok
2026-09-25T15:55:49.6160549Z test_combined_scope_is_not_constructible (test_hust_2018_aaf_depth_2b_measurement_models.HUST2018AAFDepth2BMeasurementModelTests.test_combined_scope_is_not_constructible) ... ok
2026-09-25T15:55:49.6322481Z test_component_inventory_mutations_fail_closed (test_hust_2018_aaf_depth_2b_measurement_models.HUST2018AAFDepth2BMeasurementModelTests.test_component_inventory_mutations_fail_closed) ... ok
2026-09-25T15:55:49.6572475Z test_component_records_are_exactly_source_bound_in_frozen_order (test_hust_2018_aaf_depth_2b_measurement_models.HUST2018AAFDepth2BMeasurementModelTests.test_component_records_are_exactly_source_bound_in_frozen_order) ... ok
2026-09-25T15:55:49.6770750Z test_component_semantic_mutations_fail_closed (test_hust_2018_aaf_depth_2b_measurement_models.HUST2018AAFDepth2BMeasurementModelTests.test_component_semantic_mutations_fail_closed) ... ok
2026-09-25T15:55:49.6902811Z test_displayed_total_is_not_an_uncertainty_input (test_hust_2018_aaf_depth_2b_measurement_models.HUST2018AAFDepth2BMeasurementModelTests.test_displayed_total_is_not_an_uncertainty_input) ... ok
2026-09-25T15:55:49.6989337Z test_external_comparisons_cannot_become_uncertainty_components (test_hust_2018_aaf_depth_2b_measurement_models.HUST2018AAFDepth2BMeasurementModelTests.test_external_comparisons_cannot_become_uncertainty_components) ... ok
2026-09-25T15:55:49.6998407Z test_model_cli_preserves_history_exit_taxonomy (test_hust_2018_aaf_depth_2b_measurement_models.HUST2018AAFDepth2BMeasurementModelTests.test_model_cli_preserves_history_exit_taxonomy) ... ok
2026-09-25T15:55:49.7122550Z test_official_source_bypass_and_independence_overclaim_fail_closed (test_hust_2018_aaf_depth_2b_measurement_models.HUST2018AAFDepth2BMeasurementModelTests.test_official_source_bypass_and_independence_overclaim_fail_closed) ... ok
2026-09-25T15:55:49.7368159Z test_precision_50_rss_and_absolute_uncertainty_are_exact (test_hust_2018_aaf_depth_2b_measurement_models.HUST2018AAFDepth2BMeasurementModelTests.test_precision_50_rss_and_absolute_uncertainty_are_exact) ... ok
2026-09-25T15:55:49.7501892Z test_published_final_uncertainty_is_not_an_uncertainty_input (test_hust_2018_aaf_depth_2b_measurement_models.HUST2018AAFDepth2BMeasurementModelTests.test_published_final_uncertainty_is_not_an_uncertainty_input) ... ok
2026-09-25T15:55:49.7631559Z test_published_final_value_is_not_a_reconstruction_input (test_hust_2018_aaf_depth_2b_measurement_models.HUST2018AAFDepth2BMeasurementModelTests.test_published_final_value_is_not_a_reconstruction_input) ... ok
2026-09-25T15:55:49.8335932Z test_v1_and_v2_numerical_model_projections_are_identical (test_hust_2018_aaf_depth_2b_measurement_models.HUST2018AAFDepth2BMeasurementModelTests.test_v1_and_v2_numerical_model_projections_are_identical) ... ok
2026-09-25T15:55:51.5795962Z test_all_four_post_audit_v2_hashes_are_live_and_exact (test_hust_2018_aaf_depth_2b_mutations.HUST2018AAFDepth2BMutationTests.test_all_four_post_audit_v2_hashes_are_live_and_exact) ... ok
2026-09-25T15:55:51.5799601Z test_committed_mutation_artifact_is_fresh (test_hust_2018_aaf_depth_2b_mutations.HUST2018AAFDepth2BMutationTests.test_committed_mutation_artifact_is_fresh) ... ok
2026-09-25T15:55:52.1863440Z test_cosmetic_source_mutant_receives_no_kill_credit (test_hust_2018_aaf_depth_2b_mutations.HUST2018AAFDepth2BMutationTests.test_cosmetic_source_mutant_receives_no_kill_credit) ... ok
2026-09-25T15:55:52.1864784Z test_every_scored_behavioral_mutation_is_killed (test_hust_2018_aaf_depth_2b_mutations.HUST2018AAFDepth2BMutationTests.test_every_scored_behavioral_mutation_is_killed) ... ok
2026-09-25T15:55:52.2023701Z test_invalid_source_mutant_cannot_enter_scored_artifact (test_hust_2018_aaf_depth_2b_mutations.HUST2018AAFDepth2BMutationTests.test_invalid_source_mutant_cannot_enter_scored_artifact) ... ok
2026-09-25T15:55:52.2025544Z test_nonbehavioral_sentinels_are_explicitly_excluded_from_scoring (test_hust_2018_aaf_depth_2b_mutations.HUST2018AAFDepth2BMutationTests.test_nonbehavioral_sentinels_are_explicitly_excluded_from_scoring) ... ok
2026-09-25T15:55:52.6103779Z test_syntax_and_discovery_failures_receive_no_kill_credit (test_hust_2018_aaf_depth_2b_mutations.HUST2018AAFDepth2BMutationTests.test_syntax_and_discovery_failures_receive_no_kill_credit) ... ok
2026-09-25T15:55:52.6106384Z test_terminal_cases_are_valid_isolated_source_path_mutants (test_hust_2018_aaf_depth_2b_mutations.HUST2018AAFDepth2BMutationTests.test_terminal_cases_are_valid_isolated_source_path_mutants) ... ok
2026-09-25T15:55:52.6108994Z test_unapplied_or_ambiguous_source_mutants_are_invalid_not_killed (test_hust_2018_aaf_depth_2b_mutations.HUST2018AAFDepth2BMutationTests.test_unapplied_or_ambiguous_source_mutants_are_invalid_not_killed) ... ok
2026-09-25T15:55:52.6126933Z test_v2_hash_mismatch_fails_before_behavioral_scoring (test_hust_2018_aaf_depth_2b_mutations.HUST2018AAFDepth2BMutationTests.test_v2_hash_mismatch_fails_before_behavioral_scoring) ... ok
2026-09-25T15:55:52.6128524Z test_v3_revision_names_frozen_v2_predecessor (test_hust_2018_aaf_depth_2b_mutations.HUST2018AAFDepth2BMutationTests.test_v3_revision_names_frozen_v2_predecessor) ... ok
2026-09-25T15:55:52.6136409Z test_wrong_import_path_is_rejected (test_hust_2018_aaf_depth_2b_mutations.HUST2018AAFDepth2BMutationTests.test_wrong_import_path_is_rejected) ... ok
2026-09-25T15:55:52.6141471Z test_attestation_bytes_are_pinned (test_hust_2018_aaf_human_attestation.HUST2018AAFHumanAttestationTests.test_attestation_bytes_are_pinned) ... ok
2026-09-25T15:55:52.6145516Z test_attestation_does_not_promote_uncertainty_or_combined_estimator (test_hust_2018_aaf_human_attestation.HUST2018AAFHumanAttestationTests.test_attestation_does_not_promote_uncertainty_or_combined_estimator) ... ok
2026-09-25T15:55:52.6148749Z test_attestation_is_bound_to_captured_pdf_without_claiming_portable_hash_identity (test_hust_2018_aaf_human_attestation.HUST2018AAFHumanAttestationTests.test_attestation_is_bound_to_captured_pdf_without_claiming_portable_hash_identity) ... ok
2026-09-25T15:55:52.6151378Z test_attestation_is_explicitly_nonpromotional (test_hust_2018_aaf_human_attestation.HUST2018AAFHumanAttestationTests.test_attestation_is_explicitly_nonpromotional) ... ok
2026-09-25T15:55:52.6155271Z test_attestation_records_prior_disclosure_and_no_blind_claim (test_hust_2018_aaf_human_attestation.HUST2018AAFHumanAttestationTests.test_attestation_records_prior_disclosure_and_no_blind_claim) ... ok
2026-09-25T15:55:52.6158319Z test_overlapping_semantic_review_claims_remain_consistent (test_hust_2018_aaf_human_attestation.HUST2018AAFHumanAttestationTests.test_overlapping_semantic_review_claims_remain_consistent) ... ok
2026-09-25T15:55:52.6161893Z test_semantic_boundary_and_damper_operator_match_frozen_source_graph (test_hust_2018_aaf_human_attestation.HUST2018AAFHumanAttestationTests.test_semantic_boundary_and_damper_operator_match_frozen_source_graph) ... ok
2026-09-25T15:55:52.6165334Z test_table3_values_and_prompted_units_match_frozen_source_graph (test_hust_2018_aaf_human_attestation.HUST2018AAFHumanAttestationTests.test_table3_values_and_prompted_units_match_frozen_source_graph) ... ok
2026-09-25T15:55:52.6168846Z test_all_direct_input_locators_match_reviewed_transcription (test_hust_2018_aaf_locator_policy.Hust2018AafLocatorPolicyTests.test_all_direct_input_locators_match_reviewed_transcription) ... ok
2026-09-25T15:55:52.6172304Z test_wrong_aaf_column_locator_fails_closed (test_hust_2018_aaf_locator_policy.Hust2018AafLocatorPolicyTests.test_wrong_aaf_column_locator_fails_closed) ... ok
2026-09-25T15:55:52.6339924Z test_all_three_scopes_build_as_empirical_depth_2a_models (test_hust_2018_aaf_measurement_models.HUST2018AAFMeasurementModelTests.test_all_three_scopes_build_as_empirical_depth_2a_models) ... ok
2026-09-25T15:55:52.6533198Z test_artifact_is_three_individual_empirical_records_without_combined_output (test_hust_2018_aaf_measurement_models.HUST2018AAFMeasurementModelTests.test_artifact_is_three_individual_empirical_records_without_combined_output) ... ok
2026-09-25T15:55:52.6955095Z test_artifact_serialization_is_deterministic (test_hust_2018_aaf_measurement_models.HUST2018AAFMeasurementModelTests.test_artifact_serialization_is_deterministic) ... ok
2026-09-25T15:55:52.6958694Z test_combined_authorization_boundary_must_remain_false (test_hust_2018_aaf_measurement_models.HUST2018AAFMeasurementModelTests.test_combined_authorization_boundary_must_remain_false) ... ok
2026-09-25T15:55:52.6973954Z test_combined_scope_is_not_constructible (test_hust_2018_aaf_measurement_models.HUST2018AAFMeasurementModelTests.test_combined_scope_is_not_constructible) ... ok
2026-09-25T15:55:52.7026671Z test_cross_scope_estimator_ancestry_is_rejected (test_hust_2018_aaf_measurement_models.HUST2018AAFMeasurementModelTests.test_cross_scope_estimator_ancestry_is_rejected) ... ok
2026-09-25T15:55:52.7062803Z test_external_published_G_cannot_become_an_estimator_input (test_hust_2018_aaf_measurement_models.HUST2018AAFMeasurementModelTests.test_external_published_G_cannot_become_an_estimator_input) ... ok
2026-09-25T15:55:52.7071255Z test_magnetic_damper_operator_and_direction_are_load_bearing (test_hust_2018_aaf_measurement_models.HUST2018AAFMeasurementModelTests.test_magnetic_damper_operator_and_direction_are_load_bearing) ... ok
2026-09-25T15:55:52.7126134Z test_preregistered_arithmetic_is_load_bearing (test_hust_2018_aaf_measurement_models.HUST2018AAFMeasurementModelTests.test_preregistered_arithmetic_is_load_bearing) ... ok
2026-09-25T15:55:52.7128703Z test_preregistration_is_byte_pinned (test_hust_2018_aaf_measurement_models.HUST2018AAFMeasurementModelTests.test_preregistration_is_byte_pinned) ... ok
2026-09-25T15:55:52.7171014Z test_published_G_changes_do_not_change_reconstructed_G (test_hust_2018_aaf_measurement_models.HUST2018AAFMeasurementModelTests.test_published_G_changes_do_not_change_reconstructed_G) ... ok
2026-09-25T15:55:52.7194518Z test_scope_authorization_is_individual_and_fail_closed (test_hust_2018_aaf_measurement_models.HUST2018AAFMeasurementModelTests.test_scope_authorization_is_individual_and_fail_closed) ... ok
2026-09-25T15:55:52.7266476Z test_target_uncertainty_and_exactness_are_forbidden_at_depth_2a (test_hust_2018_aaf_measurement_models.HUST2018AAFMeasurementModelTests.test_target_uncertainty_and_exactness_are_forbidden_at_depth_2a) ... ok
2026-09-25T15:55:52.7549124Z test_all_three_preregistered_controls_pass (test_hust_2018_aaf_rounding_consistency.HUSTRoundingTests.test_all_three_preregistered_controls_pass) ... ok
2026-09-25T15:55:57.2526204Z test_check_is_read_only_and_rejects_a_stale_artifact (test_hust_2018_aaf_rounding_consistency.HUSTRoundingTests.test_check_is_read_only_and_rejects_a_stale_artifact) ... ok
2026-09-25T15:55:57.2774239Z test_combined_and_feasibility_artifacts_are_not_calculator_inputs (test_hust_2018_aaf_rounding_consistency.HUSTRoundingTests.test_combined_and_feasibility_artifacts_are_not_calculator_inputs) ... ok
2026-09-25T15:55:57.2781579Z test_correlation_and_inventory_are_source_bound (test_hust_2018_aaf_rounding_consistency.HUSTRoundingTests.test_correlation_and_inventory_are_source_bound) ... ok
2026-09-25T15:56:00.2551447Z test_default_artifact_is_conditional_and_target_changes_only_comparison (test_hust_2018_aaf_rounding_consistency.HUSTRoundingTests.test_default_artifact_is_conditional_and_target_changes_only_comparison) ... ok
2026-09-25T15:56:00.2553150Z test_duplicate_json_and_float_scalars_are_rejected (test_hust_2018_aaf_rounding_consistency.HUSTRoundingTests.test_duplicate_json_and_float_scalars_are_rejected) ... ok
2026-09-25T15:56:00.2554600Z test_fifteen_candidate_parameters_are_taken_from_frozen_schedule (test_hust_2018_aaf_rounding_consistency.HUSTRoundingTests.test_fifteen_candidate_parameters_are_taken_from_frozen_schedule) ... ok
2026-09-25T15:56:00.2578621Z test_historical_files_and_specification_remain_frozen (test_hust_2018_aaf_rounding_consistency.HUSTRoundingTests.test_historical_files_and_specification_remain_frozen) ... ok
2026-09-25T15:56:00.2827215Z test_hust_points_match_independent_covariance_oracle (test_hust_2018_aaf_rounding_consistency.HUSTRoundingTests.test_hust_points_match_independent_covariance_oracle) ... ok
2026-09-25T15:56:00.2839176Z test_midpoint_display_contains_the_frozen_measurement_reference (test_hust_2018_aaf_rounding_consistency.HUSTRoundingTests.test_midpoint_display_contains_the_frozen_measurement_reference) ... ok
2026-09-25T15:56:00.2870543Z test_mutating_source_bytes_fails_closed (test_hust_2018_aaf_rounding_consistency.HUSTRoundingTests.test_mutating_source_bytes_fails_closed) ... ok
2026-09-25T15:56:00.2879392Z test_preregistered_policy_cannot_be_amended_in_place (test_hust_2018_aaf_rounding_consistency.HUSTRoundingTests.test_preregistered_policy_cannot_be_amended_in_place) ... ok
2026-09-25T15:56:00.3030025Z test_print_precision_unit_role_and_missing_cells_fail (test_hust_2018_aaf_rounding_consistency.HUSTRoundingTests.test_print_precision_unit_role_and_missing_cells_fail) ... ok
2026-09-25T15:56:01.7498953Z test_real_preregistration_chronology_and_public_anchor (test_hust_2018_aaf_rounding_consistency.HUSTRoundingTests.test_real_preregistration_chronology_and_public_anchor) ... ok
2026-09-25T15:56:01.7506111Z test_sixty_three_bins_use_the_preregistered_half_width (test_hust_2018_aaf_rounding_consistency.HUSTRoundingTests.test_sixty_three_bins_use_the_preregistered_half_width) ... ok
2026-09-25T15:56:01.7558395Z test_source_snapshot_rejects_uncommitted_source_bytes (test_hust_2018_aaf_rounding_consistency.HUSTRoundingTests.test_source_snapshot_rejects_uncommitted_source_bytes) ... ok
2026-09-25T15:56:01.8214676Z test_target_cannot_change_bins_or_candidate_calculations (test_hust_2018_aaf_rounding_consistency.HUSTRoundingTests.test_target_cannot_change_bins_or_candidate_calculations) ... ok
2026-09-25T15:56:01.8245425Z test_terminal_fields_can_be_removed_from_upstream_projection (test_hust_2018_aaf_rounding_consistency.HUSTRoundingTests.test_terminal_fields_can_be_removed_from_upstream_projection) ... ok
2026-09-25T15:56:01.8272532Z test_verdict_is_supported_without_requiring_hust_agreement (test_hust_2018_aaf_rounding_consistency.HUSTRoundingTests.test_verdict_is_supported_without_requiring_hust_agreement) ... ok
2026-09-25T15:56:01.8282485Z test_all_contaminated_experiments_downgrade_to_partial (test_hust_2018_aaf_source_audit.Hust2018AafSourceAuditTests.test_all_contaminated_experiments_downgrade_to_partial) ... ok
2026-09-25T15:56:01.8285951Z test_cross_experiment_parent_is_rejected (test_hust_2018_aaf_source_audit.Hust2018AafSourceAuditTests.test_cross_experiment_parent_is_rejected) ... ok
2026-09-25T15:56:01.8291420Z test_depth_2b_is_blocked_by_incomplete_uncertainty_models (test_hust_2018_aaf_source_audit.Hust2018AafSourceAuditTests.test_depth_2b_is_blocked_by_incomplete_uncertainty_models) ... ok
2026-09-25T15:56:01.8294962Z test_exact_decimal_reconstructions_use_only_upstream_inputs (test_hust_2018_aaf_source_audit.Hust2018AafSourceAuditTests.test_exact_decimal_reconstructions_use_only_upstream_inputs) ... ok
2026-09-25T15:56:01.8296974Z test_html_fallback_cannot_be_promoted_to_retrieved_source (test_hust_2018_aaf_source_audit.Hust2018AafSourceAuditTests.test_html_fallback_cannot_be_promoted_to_retrieved_source) ... ok
2026-09-25T15:56:01.8298868Z test_machine_readable_uncertainties_match_printed_notation (test_hust_2018_aaf_source_audit.Hust2018AafSourceAuditTests.test_machine_readable_uncertainties_match_printed_notation) ... ok
2026-09-25T15:56:01.8301130Z test_magnetic_damper_sign_and_operator_are_pinned (test_hust_2018_aaf_source_audit.Hust2018AafSourceAuditTests.test_magnetic_damper_sign_and_operator_are_pinned) ... ok
2026-09-25T15:56:01.8314088Z test_manifest_builder_matches_prose_decision (test_hust_2018_aaf_source_audit.Hust2018AafSourceAuditTests.test_manifest_builder_matches_prose_decision) ... ok
2026-09-25T15:56:01.8317464Z test_missing_required_estimator_node_is_rejected (test_hust_2018_aaf_source_audit.Hust2018AafSourceAuditTests.test_missing_required_estimator_node_is_rejected) ... ok
2026-09-25T15:56:01.8319197Z test_missing_required_source_is_rejected (test_hust_2018_aaf_source_audit.Hust2018AafSourceAuditTests.test_missing_required_source_is_rejected) ... ok
2026-09-25T15:56:01.8321309Z test_missing_result_driving_locator_is_rejected (test_hust_2018_aaf_source_audit.Hust2018AafSourceAuditTests.test_missing_result_driving_locator_is_rejected) ... ok
2026-09-25T15:56:01.8324004Z test_numeric_scope_mix_is_rejected_by_transcription_guard (test_hust_2018_aaf_source_audit.Hust2018AafSourceAuditTests.test_numeric_scope_mix_is_rejected_by_transcription_guard) ... ok
2026-09-25T15:56:01.8331181Z test_one_contaminated_experiment_does_not_overstate_global_downgrade (test_hust_2018_aaf_source_audit.Hust2018AafSourceAuditTests.test_one_contaminated_experiment_does_not_overstate_global_downgrade) ... ok
2026-09-25T15:56:01.8333498Z test_post_audit_clarification_is_byte_pinned (test_hust_2018_aaf_source_audit.Hust2018AafSourceAuditTests.test_post_audit_clarification_is_byte_pinned) ... ok
2026-09-25T15:56:01.8335019Z test_preregistration_is_byte_pinned (test_hust_2018_aaf_source_audit.Hust2018AafSourceAuditTests.test_preregistration_is_byte_pinned) ... ok
2026-09-25T15:56:01.8339289Z test_public_summary_inputs_authorize_go_depth_2a (test_hust_2018_aaf_source_audit.Hust2018AafSourceAuditTests.test_public_summary_inputs_authorize_go_depth_2a) ... ok
2026-09-25T15:56:01.8341278Z test_published_g_is_terminal_comparison_not_graph_input (test_hust_2018_aaf_source_audit.Hust2018AafSourceAuditTests.test_published_g_is_terminal_comparison_not_graph_input) ... ok
2026-09-25T15:56:01.8348110Z test_request_only_result_driving_inputs_refuse_go (test_hust_2018_aaf_source_audit.Hust2018AafSourceAuditTests.test_request_only_result_driving_inputs_refuse_go) ... ok
2026-09-25T15:56:01.8349710Z test_required_input_graph_is_valid (test_hust_2018_aaf_source_audit.Hust2018AafSourceAuditTests.test_required_input_graph_is_valid) ... ok
2026-09-25T15:56:01.8351090Z test_reviewed_source_capture_is_fail_closed (test_hust_2018_aaf_source_audit.Hust2018AafSourceAuditTests.test_reviewed_source_capture_is_fail_closed) ... ok
2026-09-25T15:56:01.8352910Z test_semantic_source_review_is_byte_pinned_and_complete (test_hust_2018_aaf_source_audit.Hust2018AafSourceAuditTests.test_semantic_source_review_is_byte_pinned_and_complete) ... ok
2026-09-25T15:56:01.8378545Z test_serialization_is_deterministic (test_hust_2018_aaf_source_audit.Hust2018AafSourceAuditTests.test_serialization_is_deterministic) ... ok
2026-09-25T15:56:01.8380210Z test_source_hash_mutation_is_rejected (test_hust_2018_aaf_source_audit.Hust2018AafSourceAuditTests.test_source_hash_mutation_is_rejected) ... ok
2026-09-25T15:56:01.8382705Z test_source_scope_token_mix_is_rejected (test_hust_2018_aaf_source_audit.Hust2018AafSourceAuditTests.test_source_scope_token_mix_is_rejected) ... ok
2026-09-25T15:56:01.8390599Z test_transitive_target_derived_parent_of_parent_refuses_go (test_hust_2018_aaf_source_audit.Hust2018AafSourceAuditTests.test_transitive_target_derived_parent_of_parent_refuses_go) ... ok
2026-09-25T15:56:01.8429586Z test_default_precision_28_is_not_the_comparison_contract (test_hust_decimal_hygiene.HUSTDecimalHygieneTests.test_default_precision_28_is_not_the_comparison_contract) ... ok
2026-09-25T15:56:01.8537474Z test_terminal_comparison_delta_uses_declared_precision_50 (test_hust_decimal_hygiene.HUSTDecimalHygieneTests.test_terminal_comparison_delta_uses_declared_precision_50) ... ok
2026-09-25T15:56:01.8542966Z test_every_member_has_beta_plus_gamma_two (test_inverse_square_search.InverseSquareSearchTests.test_every_member_has_beta_plus_gamma_two) ... ok
2026-09-25T15:56:01.8559488Z test_serialization_is_byte_deterministic_and_exact (test_inverse_square_search.InverseSquareSearchTests.test_serialization_is_byte_deterministic_and_exact) ... ok
2026-09-25T15:56:01.8564710Z test_source_mass_linearity_selects_same_tuple (test_inverse_square_search.InverseSquareSearchTests.test_source_mass_linearity_selects_same_tuple) ... ok
2026-09-25T15:56:01.8569828Z test_test_mass_linearity_selects_unique_newtonian_tuple (test_inverse_square_search.InverseSquareSearchTests.test_test_mass_linearity_selects_unique_newtonian_tuple) ... ok
2026-09-25T15:56:01.8575059Z test_unconstrained_family_has_one_mass_ratio_direction (test_inverse_square_search.InverseSquareSearchTests.test_unconstrained_family_has_one_mass_ratio_direction) ... ok
2026-09-25T15:56:01.8577061Z test_contradictory_constraints_are_reported (test_monomial_constraints.MonomialConstraintTests.test_contradictory_constraints_are_reported) ... ok
2026-09-25T15:56:01.8578900Z test_duplicate_factor_keys_are_rejected (test_monomial_constraints.MonomialConstraintTests.test_duplicate_factor_keys_are_rejected) ... ok
2026-09-25T15:56:01.8580650Z test_exact_reduced_row_echelon_form (test_monomial_constraints.MonomialConstraintTests.test_exact_reduced_row_echelon_form) ... ok
2026-09-25T15:56:01.8582141Z test_floating_point_coefficients_are_rejected (test_monomial_constraints.MonomialConstraintTests.test_floating_point_coefficients_are_rejected) ... ok
2026-09-25T15:56:01.8583697Z test_inconsistent_vector_lengths_are_rejected (test_monomial_constraints.MonomialConstraintTests.test_inconsistent_vector_lengths_are_rejected) ... ok
2026-09-25T15:56:02.5827885Z test_calibration_mutants_use_real_isolated_path_and_classify_correctly (test_mutation_harness.MutationHarnessIntegrationTests.test_calibration_mutants_use_real_isolated_path_and_classify_correctly) ... ok
2026-09-25T15:56:02.7900946Z test_invalid_mutant_cleans_up_and_preserves_canonical_state (test_mutation_harness.MutationHarnessIntegrationTests.test_invalid_mutant_cleans_up_and_preserves_canonical_state) ... ok
2026-09-25T15:56:02.7919092Z test_apply_mutation_refuses_canonical_checkout (test_mutation_harness.MutationHarnessUnitTests.test_apply_mutation_refuses_canonical_checkout) ... ok
2026-09-25T15:56:02.7942828Z test_calibration_status_is_rederived_from_records (test_mutation_harness.MutationHarnessUnitTests.test_calibration_status_is_rederived_from_records) ... ok
2026-09-25T15:56:02.8042762Z test_canonical_safety_invariants_are_rederived_from_records (test_mutation_harness.MutationHarnessUnitTests.test_canonical_safety_invariants_are_rederived_from_records) ... ok
2026-09-25T15:56:02.8044716Z test_classification_distinguishes_killed_survived_invalid (test_mutation_harness.MutationHarnessUnitTests.test_classification_distinguishes_killed_survived_invalid) ... ok
2026-09-25T15:56:02.8059387Z test_clean_committed_methodological_claims_are_canonical (test_mutation_harness.MutationHarnessUnitTests.test_clean_committed_methodological_claims_are_canonical) ... ok
2026-09-25T15:56:02.8142676Z test_committed_record_tampering_is_rejected (test_mutation_harness.MutationHarnessUnitTests.test_committed_record_tampering_is_rejected) ... ok
2026-09-25T15:56:02.8144519Z test_direct_budget_behavioral_mutants_are_registered (test_mutation_harness.MutationHarnessUnitTests.test_direct_budget_behavioral_mutants_are_registered) ... ok
2026-09-25T15:56:02.8146810Z test_ephemeral_paths_are_removed_from_diagnostics (test_mutation_harness.MutationHarnessUnitTests.test_ephemeral_paths_are_removed_from_diagnostics) ... ok
2026-09-25T15:56:02.8149295Z test_import_path_validation_rejects_external_project_copy (test_mutation_harness.MutationHarnessUnitTests.test_import_path_validation_rejects_external_project_copy) ... ok
2026-09-25T15:56:02.8151055Z test_physical_bridge_schema_is_source_attested (test_mutation_harness.MutationHarnessUnitTests.test_physical_bridge_schema_is_source_attested) ... ok
2026-09-25T15:56:02.8202435Z test_pinned_methodological_claims_reject_rehashed_edits (test_mutation_harness.MutationHarnessUnitTests.test_pinned_methodological_claims_reject_rehashed_edits) ... ok
2026-09-25T15:56:02.8761828Z test_rehashed_source_bump_cannot_reuse_old_record_anchors (test_mutation_harness.MutationHarnessUnitTests.test_rehashed_source_bump_cannot_reuse_old_record_anchors) ... ok
2026-09-25T15:56:02.8766261Z test_result_integrity_rejects_hash_and_seed_mismatch (test_mutation_harness.MutationHarnessUnitTests.test_result_integrity_rejects_hash_and_seed_mismatch) ... ok
2026-09-25T15:56:02.8775029Z test_retired_artifact_hash_check_rejects_changed_bytes (test_mutation_harness.MutationHarnessUnitTests.test_retired_artifact_hash_check_rejects_changed_bytes) ... ok
2026-09-25T15:56:02.8799877Z test_retired_mutation_artifacts_are_hash_pinned (test_mutation_harness.MutationHarnessUnitTests.test_retired_mutation_artifacts_are_hash_pinned) ... ok
2026-09-25T15:56:02.8820868Z test_serialized_expected_calibration_is_checked_against_catalog (test_mutation_harness.MutationHarnessUnitTests.test_serialized_expected_calibration_is_checked_against_catalog) ... ok
2026-09-25T15:56:02.9371367Z test_source_blob_snapshot_is_bound_and_verified (test_mutation_harness.MutationHarnessUnitTests.test_source_blob_snapshot_is_bound_and_verified) ... ok
2026-09-25T15:56:02.9385231Z test_source_commit_is_bound_into_records_hash (test_mutation_harness.MutationHarnessUnitTests.test_source_commit_is_bound_into_records_hash) ... ok
2026-09-25T15:56:02.9386989Z test_assertion_failure_and_survival (test_newman_2014_multiresolution_mutations.NewmanMultiResolutionMutationTests.test_assertion_failure_and_survival) ... ok
2026-09-25T15:56:02.9419483Z test_controls_are_distinct_and_equivalent_change_is_executable (test_newman_2014_multiresolution_mutations.NewmanMultiResolutionMutationTests.test_controls_are_distinct_and_equivalent_change_is_executable) ... ok
2026-09-25T15:56:02.9421983Z test_duplicate_calibration_definition_is_rejected (test_newman_2014_multiresolution_mutations.NewmanMultiResolutionMutationTests.test_duplicate_calibration_definition_is_rejected) ... ok
2026-09-25T15:56:02.9425944Z test_envelope_derives_counts_and_validity (test_newman_2014_multiresolution_mutations.NewmanMultiResolutionMutationTests.test_envelope_derives_counts_and_validity) ... ok
2026-09-25T15:56:02.9428243Z test_invalid_infrastructure_never_counts_as_kill (test_newman_2014_multiresolution_mutations.NewmanMultiResolutionMutationTests.test_invalid_infrastructure_never_counts_as_kill) ... ok
2026-09-25T15:56:04.3326965Z test_committed_artifact_matches_rebuild (test_newman_2014_multiresolution_rounding_consistency.NewmanMultiResolutionArtifactTests.test_committed_artifact_matches_rebuild) ... ok
2026-09-25T15:56:04.3329406Z test_e001_inventory_isolation (test_newman_2014_multiresolution_rounding_consistency.NewmanMultiResolutionArtifactTests.test_e001_inventory_isolation) ... ok
2026-09-25T15:56:04.3338744Z test_frozen_terminal_projection (test_newman_2014_multiresolution_rounding_consistency.NewmanMultiResolutionArtifactTests.test_frozen_terminal_projection) ... ok
2026-09-25T15:56:05.8517529Z test_candidate_api_excludes_terminal_inputs (test_newman_2014_multiresolution_rounding_consistency.NewmanMultiResolutionBehaviorTests.test_candidate_api_excludes_terminal_inputs) ... ok
2026-09-25T15:56:06.6492646Z test_central_value_cannot_affect_truth (test_newman_2014_multiresolution_rounding_consistency.NewmanMultiResolutionBehaviorTests.test_central_value_cannot_affect_truth) ... ok
2026-09-25T15:56:06.6495283Z test_component_box_disjoint_from_joint_terminal (test_newman_2014_multiresolution_rounding_consistency.NewmanMultiResolutionBehaviorTests.test_component_box_disjoint_from_joint_terminal) ... ok
2026-09-25T15:56:07.4667294Z test_component_half_width_parameter_controls_domain (test_newman_2014_multiresolution_rounding_consistency.NewmanMultiResolutionBehaviorTests.test_component_half_width_parameter_controls_domain) ... ok
2026-09-25T15:56:07.4669995Z test_degenerate_joint_interval_is_unresolved (test_newman_2014_multiresolution_rounding_consistency.NewmanMultiResolutionBehaviorTests.test_degenerate_joint_interval_is_unresolved) ... ok
2026-09-25T15:56:07.4673011Z test_disjoint_terminal_constraints_are_incompatible (test_newman_2014_multiresolution_rounding_consistency.NewmanMultiResolutionBehaviorTests.test_disjoint_terminal_constraints_are_incompatible) ... ok
2026-09-25T15:56:07.4676147Z test_exact_joint_intervals_and_resolution_widths (test_newman_2014_multiresolution_rounding_consistency.NewmanMultiResolutionBehaviorTests.test_exact_joint_intervals_and_resolution_widths) ... ok
2026-09-25T15:56:07.4679020Z test_intersection_preserves_closed_boundary_contact (test_newman_2014_multiresolution_rounding_consistency.NewmanMultiResolutionBehaviorTests.test_intersection_preserves_closed_boundary_contact) ... ok
2026-09-25T15:56:07.4682384Z test_model_relative_labels_and_known_prior_status (test_newman_2014_multiresolution_rounding_consistency.NewmanMultiResolutionBehaviorTests.test_model_relative_labels_and_known_prior_status) ... ok
2026-09-25T15:56:07.4685116Z test_real_expected_verdicts_are_compatible_midpoints (test_newman_2014_multiresolution_rounding_consistency.NewmanMultiResolutionBehaviorTests.test_real_expected_verdicts_are_compatible_midpoints) ... ok
2026-09-25T15:56:07.4687548Z test_schedule_order_and_inventory (test_newman_2014_multiresolution_rounding_consistency.NewmanMultiResolutionBehaviorTests.test_schedule_order_and_inventory) ... ok
2026-09-25T15:56:07.4689554Z test_strict_boundary_is_not_a_compatible_witness (test_newman_2014_multiresolution_rounding_consistency.NewmanMultiResolutionBehaviorTests.test_strict_boundary_is_not_a_compatible_witness) ... ok
2026-09-25T15:56:07.4692341Z test_terminal_schema_and_parent_crosscheck (test_newman_2014_multiresolution_rounding_consistency.NewmanMultiResolutionBehaviorTests.test_terminal_schema_and_parent_crosscheck) ... ok
2026-09-25T15:56:08.9913820Z test_committed_artifact_matches_rebuild (test_newman_2014_table11_rounding_consistency.NewmanArtifactTests.test_committed_artifact_matches_rebuild) ... ok
2026-09-25T15:56:08.9916054Z test_e001_inventory_isolation (test_newman_2014_table11_rounding_consistency.NewmanArtifactTests.test_e001_inventory_isolation) ... ok
2026-09-25T15:56:08.9922414Z test_frozen_source_projection (test_newman_2014_table11_rounding_consistency.NewmanArtifactTests.test_frozen_source_projection) ... ok
2026-09-25T15:56:09.8236000Z test_all_three_published_scopes_are_required (test_newman_2014_table11_rounding_consistency.NewmanBehaviorTests.test_all_three_published_scopes_are_required) ... ok
2026-09-25T15:56:10.6087800Z test_central_value_cannot_affect_variance_or_truth (test_newman_2014_table11_rounding_consistency.NewmanBehaviorTests.test_central_value_cannot_affect_variance_or_truth) ... ok
2026-09-25T15:56:10.6108413Z test_component_rounding_bin_is_exact (test_newman_2014_table11_rounding_consistency.NewmanBehaviorTests.test_component_rounding_bin_is_exact) ... ok
2026-09-25T15:56:10.6110299Z test_model_relative_negative_label (test_newman_2014_table11_rounding_consistency.NewmanBehaviorTests.test_model_relative_negative_label) ... ok
2026-09-25T15:56:10.6112655Z test_projection_schema_and_one_decimal_cells (test_newman_2014_table11_rounding_consistency.NewmanBehaviorTests.test_projection_schema_and_one_decimal_cells) ... ok
2026-09-25T15:56:10.6114746Z test_real_table11_midpoints_are_representable (test_newman_2014_table11_rounding_consistency.NewmanBehaviorTests.test_real_table11_midpoints_are_representable) ... ok
2026-09-25T15:56:10.6116609Z test_schedule_order_freeze (test_newman_2014_table11_rounding_consistency.NewmanBehaviorTests.test_schedule_order_freeze) ... ok
2026-09-25T15:56:10.6118530Z test_synthetic_incompatible_and_unresolved_statuses (test_newman_2014_table11_rounding_consistency.NewmanBehaviorTests.test_synthetic_incompatible_and_unresolved_statuses) ... ok
2026-09-25T15:56:10.6239990Z test_tensor_schedule_and_independent_coordinates (test_newman_2014_table11_rounding_consistency.NewmanBehaviorTests.test_tensor_schedule_and_independent_coordinates) ... ok
2026-09-25T15:56:11.5131973Z test_terminal_resolution_cannot_drive_candidate_generation (test_newman_2014_table11_rounding_consistency.NewmanBehaviorTests.test_terminal_resolution_cannot_drive_candidate_generation) ... ok
2026-09-25T15:56:11.5134175Z test_assertion_failure_and_survival (test_newman_2014_table11_rounding_consistency_mutations.NewmanMutationTests.test_assertion_failure_and_survival) ... ok
2026-09-25T15:56:11.5297954Z test_controls_are_distinct_and_equivalent_change_is_executable (test_newman_2014_table11_rounding_consistency_mutations.NewmanMutationTests.test_controls_are_distinct_and_equivalent_change_is_executable) ... ok
2026-09-25T15:56:11.5300597Z test_duplicate_calibration_definition_is_rejected (test_newman_2014_table11_rounding_consistency_mutations.NewmanMutationTests.test_duplicate_calibration_definition_is_rejected) ... ok
2026-09-25T15:56:11.5306305Z test_envelope_derives_counts_and_validity (test_newman_2014_table11_rounding_consistency_mutations.NewmanMutationTests.test_envelope_derives_counts_and_validity) ... ok
2026-09-25T15:56:11.5309043Z test_invalid_infrastructure_never_counts_as_kill (test_newman_2014_table11_rounding_consistency_mutations.NewmanMutationTests.test_invalid_infrastructure_never_counts_as_kill) ... ok
2026-09-25T15:56:11.5461042Z test_M0_retains_PR48_baseline_verification_only (test_nist_2026_configuration_models.ConfigurationArtifactTests.test_M0_retains_PR48_baseline_verification_only) ... ok
2026-09-25T15:56:12.0174893Z test_actual_production_file_and_git_read_closure (test_nist_2026_configuration_models.ConfigurationArtifactTests.test_actual_production_file_and_git_read_closure) ... ok
2026-09-25T15:56:12.4614274Z test_artifact_is_current (test_nist_2026_configuration_models.ConfigurationArtifactTests.test_artifact_is_current) ... ok
2026-09-25T15:56:13.2939267Z test_corrupt_output_or_source_is_rejected_read_only (test_nist_2026_configuration_models.ConfigurationArtifactTests.test_corrupt_output_or_source_is_rejected_read_only) ... ok
2026-09-25T15:56:13.3952273Z test_all_label_preserving_permutations (test_nist_2026_configuration_models.ConfigurationBehaviorTests.test_all_label_preserving_permutations) ... ok
2026-09-25T15:56:13.4372038Z test_common_shift_and_common_covariance_algebra (test_nist_2026_configuration_models.ConfigurationBehaviorTests.test_common_shift_and_common_covariance_algebra) ... ok
2026-09-25T15:56:13.4378454Z test_display_classes_equality_and_unresolved_are_conservative (test_nist_2026_configuration_models.ConfigurationBehaviorTests.test_display_classes_equality_and_unresolved_are_conservative) ... ok
2026-09-25T15:56:13.4931385Z test_excluded_terminal_dark_fields_are_numerically_inert (test_nist_2026_configuration_models.ConfigurationBehaviorTests.test_excluded_terminal_dark_fields_are_numerically_inert) ... ok
2026-09-25T15:56:13.4999682Z test_frozen_verdict_fields_are_consumed_or_rejected (test_nist_2026_configuration_models.ConfigurationBehaviorTests.test_frozen_verdict_fields_are_consumed_or_rejected) ... ok
2026-09-25T15:56:13.5154716Z test_full_propagated_covariance_not_marginal_square_sum (test_nist_2026_configuration_models.ConfigurationBehaviorTests.test_full_propagated_covariance_not_marginal_square_sum) ... ok
2026-09-25T15:56:13.5762367Z test_global_display_bound_has_exact_PSD_proof (test_nist_2026_configuration_models.ConfigurationBehaviorTests.test_global_display_bound_has_exact_PSD_proof) ... ok
2026-09-25T15:56:13.6227598Z test_independent_GLS_cofactor_oracle_synthetic_and_real (test_nist_2026_configuration_models.ConfigurationBehaviorTests.test_independent_GLS_cofactor_oracle_synthetic_and_real) ... ok
2026-09-25T15:56:13.6416034Z test_input_fields_and_authorization_fail_closed (test_nist_2026_configuration_models.ConfigurationBehaviorTests.test_input_fields_and_authorization_fail_closed) ... ok
2026-09-25T15:56:13.7750913Z test_nested_models_nonincreasing_Q (test_nist_2026_configuration_models.ConfigurationBehaviorTests.test_nested_models_nonincreasing_Q) ... ok
2026-09-25T15:56:13.7753297Z test_noncanonical_rationals_and_JSON_are_errors (test_nist_2026_configuration_models.ConfigurationBehaviorTests.test_noncanonical_rationals_and_JSON_are_errors) ... ok
2026-09-25T15:56:13.7758872Z test_positive_definiteness_and_invalid_rank_are_errors (test_nist_2026_configuration_models.ConfigurationBehaviorTests.test_positive_definiteness_and_invalid_rank_are_errors) ... ok
2026-09-25T15:56:13.7850368Z test_profiled_nuisance_is_not_conditioned (test_nist_2026_configuration_models.ConfigurationBehaviorTests.test_profiled_nuisance_is_not_conditioned) ... ok
2026-09-25T15:56:13.7862870Z test_rank_nullspaces_and_contrast_sign_scale (test_nist_2026_configuration_models.ConfigurationBehaviorTests.test_rank_nullspaces_and_contrast_sign_scale) ... ok
2026-09-25T15:56:13.7894651Z test_saturated_fit_is_not_a_scientific_acceptance (test_nist_2026_configuration_models.ConfigurationBehaviorTests.test_saturated_fit_is_not_a_scientific_acceptance) ... ok
2026-09-25T15:56:13.7904767Z test_signed_linear_enclosures (test_nist_2026_configuration_models.ConfigurationBehaviorTests.test_signed_linear_enclosures) ... ok
2026-09-25T15:56:13.8163344Z test_synthetic_common_method_material_interaction (test_nist_2026_configuration_models.ConfigurationBehaviorTests.test_synthetic_common_method_material_interaction) ... ok
2026-09-25T15:56:13.8345553Z test_unit_scaling (test_nist_2026_configuration_models.ConfigurationBehaviorTests.test_unit_scaling) ... ok
2026-09-25T15:56:14.2747671Z test_committed_mutations_current_and_calibrated (test_nist_2026_configuration_models_mutations.ConfigurationMutationArtifactTests.test_committed_mutations_current_and_calibrated) ... ok
2026-09-25T15:56:14.7162655Z test_tampered_evidence_rejected_read_only (test_nist_2026_configuration_models_mutations.ConfigurationMutationArtifactTests.test_tampered_evidence_rejected_read_only) ... ok
2026-09-25T15:56:14.7170178Z test_contrast_order (test_nist_2026_configuration_models_mutations.ConfigurationMutationBehaviorTests.test_contrast_order) ... ok
2026-09-25T15:56:14.7175208Z test_display_classification (test_nist_2026_configuration_models_mutations.ConfigurationMutationBehaviorTests.test_display_classification) ... ok
2026-09-25T15:56:14.7177225Z test_equivalent_calibration (test_nist_2026_configuration_models_mutations.ConfigurationMutationBehaviorTests.test_equivalent_calibration) ... ok
2026-09-25T15:56:14.7179137Z test_faulty_calibration (test_nist_2026_configuration_models_mutations.ConfigurationMutationBehaviorTests.test_faulty_calibration) ... ok
2026-09-25T15:56:14.7184255Z test_forbidden_input_invariance (test_nist_2026_configuration_models_mutations.ConfigurationMutationBehaviorTests.test_forbidden_input_invariance) ... ok
2026-09-25T15:56:14.7189417Z test_frozen_cutoff_policy (test_nist_2026_configuration_models_mutations.ConfigurationMutationBehaviorTests.test_frozen_cutoff_policy) ... ok
2026-09-25T15:56:14.7195625Z test_full_covariance (test_nist_2026_configuration_models_mutations.ConfigurationMutationBehaviorTests.test_full_covariance) ... ok
2026-09-25T15:56:14.7209323Z test_marginal_covariance (test_nist_2026_configuration_models_mutations.ConfigurationMutationBehaviorTests.test_marginal_covariance) ... ok
2026-09-25T15:56:14.7216228Z test_rank_df_policy (test_nist_2026_configuration_models_mutations.ConfigurationMutationBehaviorTests.test_rank_df_policy) ... ok
2026-09-25T15:56:14.7229647Z test_saturated_non_test (test_nist_2026_configuration_models_mutations.ConfigurationMutationBehaviorTests.test_saturated_non_test) ... ok
2026-09-25T15:56:14.9587532Z test_actual_import_and_syntax_failures_receive_no_credit (test_nist_2026_configuration_models_mutations.ConfigurationMutationHarnessTests.test_actual_import_and_syntax_failures_receive_no_credit) ... ok
2026-09-25T15:56:14.9606814Z test_definitions_match_frozen_mapping (test_nist_2026_configuration_models_mutations.ConfigurationMutationHarnessTests.test_definitions_match_frozen_mapping) ... ok
2026-09-25T15:56:14.9613155Z test_only_designated_behavior_failure_scores (test_nist_2026_configuration_models_mutations.ConfigurationMutationHarnessTests.test_only_designated_behavior_failure_scores) ... ok
2026-09-25T15:56:15.6948874Z test_builder_and_main_check_read_closure (test_nist_2026_covariance_precision.ArtifactIsolationTests.test_builder_and_main_check_read_closure) ... ok
2026-09-25T15:56:16.1884889Z test_mutation_saved_checker_read_closure (test_nist_2026_covariance_precision.ArtifactIsolationTests.test_mutation_saved_checker_read_closure) ... ok
2026-09-25T15:56:16.2849936Z test_saved_certificate_bounds_witness_and_coverage_tamper (test_nist_2026_covariance_precision.ArtifactIsolationTests.test_saved_certificate_bounds_witness_and_coverage_tamper) ... ok
2026-09-25T15:56:16.3989623Z test_merge_inheritance_and_changed_resolution (test_nist_2026_covariance_precision.ChronologyTests.test_merge_inheritance_and_changed_resolution) ... ok
2026-09-25T15:56:16.9116254Z test_real_anchor_and_source_before_outputs (test_nist_2026_covariance_precision.ChronologyTests.test_real_anchor_and_source_before_outputs) ... ok
2026-09-25T15:56:17.0304084Z test_strict_freeze_full_history_and_anchor (test_nist_2026_covariance_precision.ChronologyTests.test_strict_freeze_full_history_and_anchor) ... ok
2026-09-25T15:56:17.0307271Z test_cover_and_normalized_ties_inheritance (test_nist_2026_covariance_precision.DecisionCoverageTests.test_cover_and_normalized_ties_inheritance) ... ok
2026-09-25T15:56:17.0688949Z test_equality_variation_and_outer_bound_semantics (test_nist_2026_covariance_precision.DecisionCoverageTests.test_equality_variation_and_outer_bound_semantics) ... ok
2026-09-25T15:56:17.1650678Z test_shared_budget_unresolved_determinism_and_unsplit_siblings (test_nist_2026_covariance_precision.DecisionCoverageTests.test_shared_budget_unresolved_determinism_and_unsplit_siblings) ... ok
2026-09-25T15:56:17.1763793Z test_behavior_consumption_and_excluded_fields (test_nist_2026_covariance_precision.InputTests.test_behavior_consumption_and_excluded_fields) ... ok
2026-09-25T15:56:17.1810825Z test_projection_and_precisions (test_nist_2026_covariance_precision.InputTests.test_projection_and_precisions) ... ok
2026-09-25T15:56:17.1897405Z test_strict_missing_duplicate_nonfinite_schema (test_nist_2026_covariance_precision.InputTests.test_strict_missing_duplicate_nonfinite_schema) ... ok
2026-09-25T15:56:17.2493423Z test_corner_convexity_inventory_and_nonpd (test_nist_2026_covariance_precision.MatrixTests.test_corner_convexity_inventory_and_nonpd) ... ok
2026-09-25T15:56:17.2533337Z test_ldl_sandwich_cross_terms_and_inverse_order (test_nist_2026_covariance_precision.MatrixTests.test_ldl_sandwich_cross_terms_and_inverse_order) ... ok
2026-09-25T15:56:17.2553174Z test_signed_intervals_positive_squares_midpoint_distinction (test_nist_2026_covariance_precision.MatrixTests.test_signed_intervals_positive_squares_midpoint_distinction) ... ok
2026-09-25T15:56:17.2712876Z test_valid_family_unavailable_upper (test_nist_2026_covariance_precision.MatrixTests.test_valid_family_unavailable_upper) ... ok
2026-09-25T15:56:17.2717252Z test_display_entire_box_and_lower_truncation (test_nist_2026_covariance_precision.ModelTests.test_display_entire_box_and_lower_truncation) ... ok
2026-09-25T15:56:17.2820684Z test_independent_mean_space_and_marginal (test_nist_2026_covariance_precision.ModelTests.test_independent_mean_space_and_marginal) ... ok
2026-09-25T15:56:17.3039541Z test_midpoint_and_zero_radius_parity (test_nist_2026_covariance_precision.ModelTests.test_midpoint_and_zero_radius_parity) ... ok
2026-09-25T15:56:17.3186089Z test_units_permutation_and_fixed_common_shift (test_nist_2026_covariance_precision.ModelTests.test_units_permutation_and_fixed_common_shift) ... ok
2026-09-25T15:56:17.3201766Z test_receipt_provenance_and_field_rejection (test_nist_2026_covariance_precision.SourceEvidenceTests.test_receipt_provenance_and_field_rejection) ... ok
2026-09-25T15:56:17.3208326Z test_anchor_scaling (test_nist_2026_covariance_precision_mutations.PrecisionMutationBehaviorTests.test_anchor_scaling) ... ok
2026-09-25T15:56:17.3221566Z test_covariance_radius (test_nist_2026_covariance_precision_mutations.PrecisionMutationBehaviorTests.test_covariance_radius) ... ok
2026-09-25T15:56:17.3223583Z test_display_remainder (test_nist_2026_covariance_precision_mutations.PrecisionMutationBehaviorTests.test_display_remainder) ... ok
2026-09-25T15:56:17.3225278Z test_equivalent_control (test_nist_2026_covariance_precision_mutations.PrecisionMutationBehaviorTests.test_equivalent_control) ... ok
2026-09-25T15:56:17.3226443Z test_false_variation (test_nist_2026_covariance_precision_mutations.PrecisionMutationBehaviorTests.test_false_variation) ... ok
2026-09-25T15:56:17.3227609Z test_faulty_calibration (test_nist_2026_covariance_precision_mutations.PrecisionMutationBehaviorTests.test_faulty_calibration) ... ok
2026-09-25T15:56:17.3238774Z test_inverse_order (test_nist_2026_covariance_precision_mutations.PrecisionMutationBehaviorTests.test_inverse_order) ... ok
2026-09-25T15:56:17.3240159Z test_partition_coverage (test_nist_2026_covariance_precision_mutations.PrecisionMutationBehaviorTests.test_partition_coverage) ... ok
2026-09-25T15:56:17.3241908Z test_precision_width (test_nist_2026_covariance_precision_mutations.PrecisionMutationBehaviorTests.test_precision_width) ... ok
2026-09-25T15:56:17.3242838Z test_signed_interval (test_nist_2026_covariance_precision_mutations.PrecisionMutationBehaviorTests.test_signed_interval) ... ok
2026-09-25T15:56:17.3244690Z test_invalid_kills_rejected (test_nist_2026_covariance_precision_mutations.PrecisionMutationEvidenceTests.test_invalid_kills_rejected) ... ok
2026-09-25T15:56:17.3270958Z test_patch_binding_and_tampered_evidence (test_nist_2026_covariance_precision_mutations.PrecisionMutationEvidenceTests.test_patch_binding_and_tampered_evidence) ... ok
2026-09-25T15:56:17.8137410Z test_saved_evidence_only (test_nist_2026_covariance_precision_mutations.PrecisionMutationEvidenceTests.test_saved_evidence_only) ... ok
2026-09-25T15:56:18.2983631Z test_build_artifact_read_closure_is_exact (test_nist_2026_estimator_feasibility.NIST2026EstimatorFeasibilityArtifactTests.test_build_artifact_read_closure_is_exact) ... ok
2026-09-25T15:56:18.7763365Z test_committed_artifact_matches_rebuild (test_nist_2026_estimator_feasibility.NIST2026EstimatorFeasibilityArtifactTests.test_committed_artifact_matches_rebuild) ... ok
2026-09-25T15:56:18.7765139Z test_e001_inventory_is_disjoint (test_nist_2026_estimator_feasibility.NIST2026EstimatorFeasibilityArtifactTests.test_e001_inventory_is_disjoint) ... ok
2026-09-25T15:56:19.2389342Z test_preregistration_and_implementation_chronology (test_nist_2026_estimator_feasibility.NIST2026EstimatorFeasibilityArtifactTests.test_preregistration_and_implementation_chronology) ... ok
2026-09-25T15:56:19.6972258Z test_bayesian_consensus_is_fail_closed_no_go (test_nist_2026_estimator_feasibility.NIST2026EstimatorFeasibilityBehaviorTests.test_bayesian_consensus_is_fail_closed_no_go) ... ok
2026-09-25T15:56:19.6982281Z test_bayesian_missing_inventory_cannot_be_silently_erased (test_nist_2026_estimator_feasibility.NIST2026EstimatorFeasibilityBehaviorTests.test_bayesian_missing_inventory_cannot_be_silently_erased) ... ok
2026-09-25T15:56:19.6989971Z test_exact_positive_principal_minors_and_go (test_nist_2026_estimator_feasibility.NIST2026EstimatorFeasibilityBehaviorTests.test_exact_positive_principal_minors_and_go) ... ok
2026-09-25T15:56:19.6994685Z test_exact_symmetric_correlation_and_covariance (test_nist_2026_estimator_feasibility.NIST2026EstimatorFeasibilityBehaviorTests.test_exact_symmetric_correlation_and_covariance) ... ok
2026-09-25T15:56:19.7004470Z test_experimental_go_is_independent_of_consensus_and_terminal_values (test_nist_2026_estimator_feasibility.NIST2026EstimatorFeasibilityBehaviorTests.test_experimental_go_is_independent_of_consensus_and_terminal_values) ... ok
2026-09-25T15:56:19.7007145Z test_invalid_covariance_geometry_fails (test_nist_2026_estimator_feasibility.NIST2026EstimatorFeasibilityBehaviorTests.test_invalid_covariance_geometry_fails) ... ok
2026-09-25T15:56:19.7009573Z test_source_authority_resolves_landing_pdf_conflict (test_nist_2026_estimator_feasibility.NIST2026EstimatorFeasibilityBehaviorTests.test_source_authority_resolves_landing_pdf_conflict) ... ok
2026-09-25T15:56:19.7011386Z test_source_projection_and_precision_roles (test_nist_2026_estimator_feasibility.NIST2026EstimatorFeasibilityBehaviorTests.test_source_projection_and_precision_roles) ... ok
2026-09-25T15:56:20.1546664Z test_committed_artifact_matches_rebuild (test_nist_2026_n4_experimental_estimator.NIST2026N4EstimatorArtifactTests.test_committed_artifact_matches_rebuild) ... ok
2026-09-25T15:56:20.5897265Z test_preregistration_anchor_and_read_closure_prerequisite_chronology (test_nist_2026_n4_experimental_estimator.NIST2026N4EstimatorArtifactTests.test_preregistration_anchor_and_read_closure_prerequisite_chronology) ... ok
2026-09-25T15:56:20.5899802Z test_source_inventory_is_bounded_and_nist_scoped (test_nist_2026_n4_experimental_estimator.NIST2026N4EstimatorArtifactTests.test_source_inventory_is_bounded_and_nist_scoped) ... ok
2026-09-25T15:56:21.0114530Z test_absolute_covariance_scaling_is_load_bearing (test_nist_2026_n4_experimental_estimator.NIST2026N4EstimatorBehaviorTests.test_absolute_covariance_scaling_is_load_bearing) ... ok
2026-09-25T15:56:21.0148568Z test_all_four_values_are_load_bearing (test_nist_2026_n4_experimental_estimator.NIST2026N4EstimatorBehaviorTests.test_all_four_values_are_load_bearing) ... ok
2026-09-25T15:56:21.0160719Z test_estimator_api_excludes_bayesian_and_bipm_fields (test_nist_2026_n4_experimental_estimator.NIST2026N4EstimatorBehaviorTests.test_estimator_api_excludes_bayesian_and_bipm_fields) ... ok
2026-09-25T15:56:21.0163938Z test_exact_absolute_uncertainties_and_covariance_definition (test_nist_2026_n4_experimental_estimator.NIST2026N4EstimatorBehaviorTests.test_exact_absolute_uncertainties_and_covariance_definition) ... ok
2026-09-25T15:56:21.0168976Z test_exact_four_weights_and_unbiased_normalization (test_nist_2026_n4_experimental_estimator.NIST2026N4EstimatorBehaviorTests.test_exact_four_weights_and_unbiased_normalization) ... ok
2026-09-25T15:56:21.0171435Z test_exact_point_estimate_and_variance_identities (test_nist_2026_n4_experimental_estimator.NIST2026N4EstimatorBehaviorTests.test_exact_point_estimate_and_variance_identities) ... ok
2026-09-25T15:56:21.0174106Z test_freeze_pins_dm073_inputs_and_bayesian_boundary (test_nist_2026_n4_experimental_estimator.NIST2026N4EstimatorBehaviorTests.test_freeze_pins_dm073_inputs_and_bayesian_boundary) ... ok
2026-09-25T15:56:21.0180141Z test_invalid_projection_and_covariance_fail_closed (test_nist_2026_n4_experimental_estimator.NIST2026N4EstimatorBehaviorTests.test_invalid_projection_and_covariance_fail_closed) ... ok
2026-09-25T15:56:21.0187788Z test_off_diagonal_correlations_are_load_bearing (test_nist_2026_n4_experimental_estimator.NIST2026N4EstimatorBehaviorTests.test_off_diagonal_correlations_are_load_bearing) ... ok
2026-09-25T15:56:21.0190177Z test_real_finite_resolution_enclosure_is_exact (test_nist_2026_n4_experimental_estimator.NIST2026N4EstimatorBehaviorTests.test_real_finite_resolution_enclosure_is_exact) ... ok
2026-09-25T15:56:21.0192871Z test_signed_weight_enclosure_helper_uses_correct_extrema (test_nist_2026_n4_experimental_estimator.NIST2026N4EstimatorBehaviorTests.test_signed_weight_enclosure_helper_uses_correct_extrema) ... ok
2026-09-25T15:56:21.0200778Z test_table18_precision_is_load_bearing (test_nist_2026_n4_experimental_estimator.NIST2026N4EstimatorBehaviorTests.test_table18_precision_is_load_bearing) ... ok
2026-09-25T15:56:21.0211385Z test_upstream_authorization_mutations_fail_closed (test_nist_2026_n4_experimental_estimator.NIST2026N4EstimatorBehaviorTests.test_upstream_authorization_mutations_fail_closed) ... ok
2026-09-25T15:56:21.9138330Z test_committed_evidence_is_current_and_derived (test_nist_2026_n4_experimental_estimator_mutations.N4MutationArtifactTests.test_committed_evidence_is_current_and_derived) ... ok
2026-09-25T15:56:23.7976043Z test_top_level_tampering_is_rejected_read_only (test_nist_2026_n4_experimental_estimator_mutations.N4MutationArtifactTests.test_top_level_tampering_is_rejected_read_only) ... ok
2026-09-25T15:56:23.8000750Z test_absolute_scaling (test_nist_2026_n4_experimental_estimator_mutations.N4MutationBehaviorTests.test_absolute_scaling) ... ok
2026-09-25T15:56:23.8017729Z test_cell_calibration (test_nist_2026_n4_experimental_estimator_mutations.N4MutationBehaviorTests.test_cell_calibration) ... ok
2026-09-25T15:56:23.8043058Z test_correlated_weights (test_nist_2026_n4_experimental_estimator_mutations.N4MutationBehaviorTests.test_correlated_weights) ... ok
2026-09-25T15:56:23.8059572Z test_equivalent_decimal_calibration (test_nist_2026_n4_experimental_estimator_mutations.N4MutationBehaviorTests.test_equivalent_decimal_calibration) ... ok
2026-09-25T15:56:23.8175756Z test_four_input_aggregate (test_nist_2026_n4_experimental_estimator_mutations.N4MutationBehaviorTests.test_four_input_aggregate) ... ok
2026-09-25T15:56:23.8199922Z test_precise_uncertainties (test_nist_2026_n4_experimental_estimator_mutations.N4MutationBehaviorTests.test_precise_uncertainties) ... ok
2026-09-25T15:56:23.8227172Z test_resolution_box (test_nist_2026_n4_experimental_estimator_mutations.N4MutationBehaviorTests.test_resolution_box) ... ok
2026-09-25T15:56:23.8245333Z test_signed_extrema (test_nist_2026_n4_experimental_estimator_mutations.N4MutationBehaviorTests.test_signed_extrema) ... ok
2026-09-25T15:56:23.8272089Z test_terminal_free_execution (test_nist_2026_n4_experimental_estimator_mutations.N4MutationBehaviorTests.test_terminal_free_execution) ... ok
2026-09-25T15:56:23.8296958Z test_unbiased_normalization (test_nist_2026_n4_experimental_estimator_mutations.N4MutationBehaviorTests.test_unbiased_normalization) ... ok
2026-09-25T15:56:24.2850547Z test_new_estimator_read_closure_is_bounded (test_nist_2026_n4_experimental_estimator_mutations.N4MutationMetaTests.test_new_estimator_read_closure_is_bounded) ... ok
2026-09-25T15:56:24.2858271Z test_only_named_assertions_score (test_nist_2026_n4_experimental_estimator_mutations.N4MutationMetaTests.test_only_named_assertions_score) ... ok
2026-09-25T15:56:24.4957360Z test_real_syntax_and_import_failures_get_no_credit (test_nist_2026_n4_experimental_estimator_mutations.N4MutationMetaTests.test_real_syntax_and_import_failures_get_no_credit) ... ok
2026-09-25T15:56:24.4965093Z test_requirement_mapping_and_distinct_controls (test_nist_2026_n4_experimental_estimator_mutations.N4MutationMetaTests.test_requirement_mapping_and_distinct_controls) ... ok
2026-09-25T15:56:25.4123676Z test_artifact_freshness_and_no_writes (test_nist_2026_paired_torque_feasibility.PairedArtifactTests.test_artifact_freshness_and_no_writes) ... ok
2026-09-25T15:56:25.4257873Z test_early_anchor_rejected (test_nist_2026_paired_torque_feasibility.PairedArtifactTests.test_early_anchor_rejected) ... ok
2026-09-25T15:56:25.7796265Z test_freeze_sole_file_anchor_and_introductions (test_nist_2026_paired_torque_feasibility.PairedArtifactTests.test_freeze_sole_file_anchor_and_introductions) ... ok
2026-09-25T15:56:25.8760638Z test_full_history_rejects_changed_then_reverted_freeze (test_nist_2026_paired_torque_feasibility.PairedArtifactTests.test_full_history_rejects_changed_then_reverted_freeze) ... ok
2026-09-25T15:56:26.3523081Z test_observed_read_git_and_import_closure (test_nist_2026_paired_torque_feasibility.PairedArtifactTests.test_observed_read_git_and_import_closure) ... ok
2026-09-25T15:56:26.4512605Z test_source_snapshot_inherited_and_changed_merge (test_nist_2026_paired_torque_feasibility.PairedArtifactTests.test_source_snapshot_inherited_and_changed_merge) ... ok
2026-09-25T15:56:26.5056458Z test_actual_source_boundaries_and_attestation (test_nist_2026_paired_torque_feasibility.PairedBehaviorTests.test_actual_source_boundaries_and_attestation) ... ok
2026-09-25T15:56:26.5145426Z test_all_admissible_unknowns_cancel_in_minimum_C (test_nist_2026_paired_torque_feasibility.PairedBehaviorTests.test_all_admissible_unknowns_cancel_in_minimum_C) ... ok
2026-09-25T15:56:26.5651224Z test_all_projection_routes_hand_expanded (test_nist_2026_paired_torque_feasibility.PairedBehaviorTests.test_all_projection_routes_hand_expanded) ... ok
2026-09-25T15:56:26.5890830Z test_common_correlation_does_not_cancel_unequal_loadings (test_nist_2026_paired_torque_feasibility.PairedBehaviorTests.test_common_correlation_does_not_cancel_unequal_loadings) ... ok
2026-09-25T15:56:26.6161976Z test_dispositions_precedence_and_singular (test_nist_2026_paired_torque_feasibility.PairedBehaviorTests.test_dispositions_precedence_and_singular) ... ok
2026-09-25T15:56:26.6193928Z test_exact_PSD_and_source_conflict_vs_code_error (test_nist_2026_paired_torque_feasibility.PairedBehaviorTests.test_exact_PSD_and_source_conflict_vs_code_error) ... ok
2026-09-25T15:56:26.6230789Z test_invertible_contrast_coordinates (test_nist_2026_paired_torque_feasibility.PairedBehaviorTests.test_invertible_contrast_coordinates) ... ok
2026-09-25T15:56:26.6286023Z test_labeled_hand_expansion_and_mean_kernel (test_nist_2026_paired_torque_feasibility.PairedBehaviorTests.test_labeled_hand_expansion_and_mean_kernel) ... ok
2026-09-25T15:56:26.7622774Z test_mean_and_uncertainty_meaning (test_nist_2026_paired_torque_feasibility.PairedBehaviorTests.test_mean_and_uncertainty_meaning) ... ok
2026-09-25T15:56:26.7661133Z test_no_off_diagonal_is_defaulted_and_positive_coefficient (test_nist_2026_paired_torque_feasibility.PairedBehaviorTests.test_no_off_diagonal_is_defaulted_and_positive_coefficient) ... ok
2026-09-25T15:56:26.7664863Z test_order_units_and_covariance_conversion (test_nist_2026_paired_torque_feasibility.PairedBehaviorTests.test_order_units_and_covariance_conversion) ... ok
2026-09-25T15:56:26.7894446Z test_protocol_fields_rejected_or_consumed (test_nist_2026_paired_torque_feasibility.PairedBehaviorTests.test_protocol_fields_rejected_or_consumed) ... ok
2026-09-25T15:56:26.8115534Z test_same_marginals_different_C (test_nist_2026_paired_torque_feasibility.PairedBehaviorTests.test_same_marginals_different_C) ... ok
2026-09-25T15:56:26.9286914Z test_source_projection_consumption_and_context_invariance (test_nist_2026_paired_torque_feasibility.PairedBehaviorTests.test_source_projection_consumption_and_context_invariance) ... ok
2026-09-25T15:56:26.9315867Z test_strict_json_numbers_dimensions_and_evidence_errors (test_nist_2026_paired_torque_feasibility.PairedBehaviorTests.test_strict_json_numbers_dimensions_and_evidence_errors) ... ok
2026-09-25T15:56:27.0212267Z test_type_a_and_later_stage_never_promoted (test_nist_2026_paired_torque_feasibility.PairedBehaviorTests.test_type_a_and_later_stage_never_promoted) ... ok
2026-09-25T15:56:27.0443739Z test_unknown_dependence_is_not_zero (test_nist_2026_paired_torque_feasibility.PairedBehaviorTests.test_unknown_dependence_is_not_zero) ... ok
2026-09-25T15:56:27.0455954Z test_evidence_tamper_and_source_binding (test_nist_2026_paired_torque_feasibility_mutations.PairedMutationArtifactTests.test_evidence_tamper_and_source_binding) ... ok
2026-09-25T15:56:27.0465749Z test_frozen_mapping_and_invalid_kill_rejection (test_nist_2026_paired_torque_feasibility_mutations.PairedMutationArtifactTests.test_frozen_mapping_and_invalid_kill_rejection) ... ok
2026-09-25T15:56:27.5707957Z test_observed_verifier_read_closure (test_nist_2026_paired_torque_feasibility_mutations.PairedMutationArtifactTests.test_observed_verifier_read_closure) ... ok
2026-09-25T15:56:28.0862606Z test_saved_evidence_without_execution (test_nist_2026_paired_torque_feasibility_mutations.PairedMutationArtifactTests.test_saved_evidence_without_execution) ... ok
2026-09-25T15:56:28.0882098Z test_covariance_cross_terms (test_nist_2026_paired_torque_feasibility_mutations.PairedMutationBehaviorTests.test_covariance_cross_terms) ... ok
2026-09-25T15:56:28.0883630Z test_covariance_units (test_nist_2026_paired_torque_feasibility_mutations.PairedMutationBehaviorTests.test_covariance_units) ... ok
2026-09-25T15:56:28.0885214Z test_equivalent_control (test_nist_2026_paired_torque_feasibility_mutations.PairedMutationBehaviorTests.test_equivalent_control) ... ok
2026-09-25T15:56:28.0886305Z test_faulty_calibration (test_nist_2026_paired_torque_feasibility_mutations.PairedMutationBehaviorTests.test_faulty_calibration) ... ok
2026-09-25T15:56:28.0895445Z test_method_sign (test_nist_2026_paired_torque_feasibility_mutations.PairedMutationBehaviorTests.test_method_sign) ... ok
2026-09-25T15:56:28.0931968Z test_minimum_C (test_nist_2026_paired_torque_feasibility_mutations.PairedMutationBehaviorTests.test_minimum_C) ... ok
2026-09-25T15:56:28.0941359Z test_shared_loading (test_nist_2026_paired_torque_feasibility_mutations.PairedMutationBehaviorTests.test_shared_loading) ... ok
2026-09-25T15:56:28.1167627Z test_type_a_scope (test_nist_2026_paired_torque_feasibility_mutations.PairedMutationBehaviorTests.test_type_a_scope) ... ok
2026-09-25T15:56:28.1393360Z test_unknown_correction (test_nist_2026_paired_torque_feasibility_mutations.PairedMutationBehaviorTests.test_unknown_correction) ... ok
2026-09-25T15:56:28.1621880Z test_unknown_dependence (test_nist_2026_paired_torque_feasibility_mutations.PairedMutationBehaviorTests.test_unknown_dependence) ... ok
2026-09-25T15:56:28.5768699Z test_actual_read_and_import_closure (test_nist_2026_torque_response_feasibility.TorqueArtifactTests.test_actual_read_and_import_closure) ... ok
2026-09-25T15:56:28.5778585Z test_changed_attestation_rejected (test_nist_2026_torque_response_feasibility.TorqueArtifactTests.test_changed_attestation_rejected) ... ok
2026-09-25T15:56:28.9314408Z test_freeze_sole_file_and_anchor (test_nist_2026_torque_response_feasibility.TorqueArtifactTests.test_freeze_sole_file_and_anchor) ... ok
2026-09-25T15:56:29.3341133Z test_freshness (test_nist_2026_torque_response_feasibility.TorqueArtifactTests.test_freshness) ... ok
2026-09-25T15:56:29.4117505Z test_history_fixtures (test_nist_2026_torque_response_feasibility.TorqueArtifactTests.test_history_fixtures) ... ok
2026-09-25T15:56:29.8129886Z test_source_snapshot_binding (test_nist_2026_torque_response_feasibility.TorqueArtifactTests.test_source_snapshot_binding) ... ok
2026-09-25T15:56:29.8963495Z test_source_snapshot_survives_true_and_synthetic_merges (test_nist_2026_torque_response_feasibility.TorqueArtifactTests.test_source_snapshot_survives_true_and_synthetic_merges) ... ok
2026-09-25T15:56:30.3112323Z test_stale_artifact_and_future_anchor_rejected (test_nist_2026_torque_response_feasibility.TorqueArtifactTests.test_stale_artifact_and_future_anchor_rejected) ... ok
2026-09-25T15:56:30.3156931Z test_actual_source_verdict_and_absence_limits (test_nist_2026_torque_response_feasibility.TorqueBehaviorTests.test_actual_source_verdict_and_absence_limits) ... ok
2026-09-25T15:56:30.3160821Z test_affine_global_response_with_constant (test_nist_2026_torque_response_feasibility.TorqueBehaviorTests.test_affine_global_response_with_constant) ... ok
2026-09-25T15:56:30.3225468Z test_all_dispositions (test_nist_2026_torque_response_feasibility.TorqueBehaviorTests.test_all_dispositions) ... ok
2026-09-25T15:56:30.3227064Z test_canonical_json (test_nist_2026_torque_response_feasibility.TorqueBehaviorTests.test_canonical_json) ... ok
2026-09-25T15:56:30.3320043Z test_coefficient_consumption_without_digest_gate (test_nist_2026_torque_response_feasibility.TorqueBehaviorTests.test_coefficient_consumption_without_digest_gate) ... ok
2026-09-25T15:56:30.3344191Z test_coupled_posterior_normal_equations (test_nist_2026_torque_response_feasibility.TorqueBehaviorTests.test_coupled_posterior_normal_equations) ... ok
2026-09-25T15:56:30.3383801Z test_evidence_errors_are_not_no_go (test_nist_2026_torque_response_feasibility.TorqueBehaviorTests.test_evidence_errors_are_not_no_go) ... ok
2026-09-25T15:56:30.3485426Z test_excluded_invariance_without_digest_gate (test_nist_2026_torque_response_feasibility.TorqueBehaviorTests.test_excluded_invariance_without_digest_gate) ... ok
2026-09-25T15:56:30.3686448Z test_frozen_sections_consumed_or_rejected (test_nist_2026_torque_response_feasibility.TorqueBehaviorTests.test_frozen_sections_consumed_or_rejected) ... ok
2026-09-25T15:56:30.3708775Z test_genuine_equivariance_without_sampler (test_nist_2026_torque_response_feasibility.TorqueBehaviorTests.test_genuine_equivariance_without_sampler) ... ok
2026-09-25T15:56:30.3777805Z test_independent_forward_difference_identity (test_nist_2026_torque_response_feasibility.TorqueBehaviorTests.test_independent_forward_difference_identity) ... ok
2026-09-25T15:56:30.3785813Z test_local_jacobian_not_global (test_nist_2026_torque_response_feasibility.TorqueBehaviorTests.test_local_jacobian_not_global) ... ok
2026-09-25T15:56:30.3839826Z test_nonfinite_and_invalid_coefficients (test_nist_2026_torque_response_feasibility.TorqueBehaviorTests.test_nonfinite_and_invalid_coefficients) ... ok
2026-09-25T15:56:30.3850445Z test_orders (test_nist_2026_torque_response_feasibility.TorqueBehaviorTests.test_orders) ... ok
2026-09-25T15:56:30.3861668Z test_prefix_and_unit_dimensions (test_nist_2026_torque_response_feasibility.TorqueBehaviorTests.test_prefix_and_unit_dimensions) ... ok
2026-09-25T15:56:30.3881928Z test_subspace_rank_equivalence_and_obstruction (test_nist_2026_torque_response_feasibility.TorqueBehaviorTests.test_subspace_rank_equivalence_and_obstruction) ... ok
2026-09-25T15:56:30.3891856Z test_evidence_tamper_and_source_binding (test_nist_2026_torque_response_feasibility_mutations.TorqueMutationArtifactTests.test_evidence_tamper_and_source_binding) ... ok
2026-09-25T15:56:30.3900813Z test_mapping_and_false_kill_rejection (test_nist_2026_torque_response_feasibility_mutations.TorqueMutationArtifactTests.test_mapping_and_false_kill_rejection) ... ok
2026-09-25T15:56:30.7969360Z test_saved_evidence_without_execution (test_nist_2026_torque_response_feasibility_mutations.TorqueMutationArtifactTests.test_saved_evidence_without_execution) ... ok
2026-09-25T15:56:30.7980939Z test_campaign_geometry (test_nist_2026_torque_response_feasibility_mutations.TorqueMutationBehaviorTests.test_campaign_geometry) ... ok
2026-09-25T15:56:30.7993511Z test_coupled_response (test_nist_2026_torque_response_feasibility_mutations.TorqueMutationBehaviorTests.test_coupled_response) ... ok
2026-09-25T15:56:30.7994976Z test_equivalent_control (test_nist_2026_torque_response_feasibility_mutations.TorqueMutationBehaviorTests.test_equivalent_control) ... ok
2026-09-25T15:56:30.8017410Z test_excluded_invariance (test_nist_2026_torque_response_feasibility_mutations.TorqueMutationBehaviorTests.test_excluded_invariance) ... ok
2026-09-25T15:56:30.8019291Z test_faulty_calibration (test_nist_2026_torque_response_feasibility_mutations.TorqueMutationBehaviorTests.test_faulty_calibration) ... ok
2026-09-25T15:56:30.8030374Z test_metric_prefix (test_nist_2026_torque_response_feasibility_mutations.TorqueMutationBehaviorTests.test_metric_prefix) ... ok
2026-09-25T15:56:30.8042458Z test_peak_difference (test_nist_2026_torque_response_feasibility_mutations.TorqueMutationBehaviorTests.test_peak_difference) ... ok
2026-09-25T15:56:30.8051312Z test_stage_promotion (test_nist_2026_torque_response_feasibility_mutations.TorqueMutationBehaviorTests.test_stage_promotion) ... ok
2026-09-25T15:56:30.8053995Z test_subspace_equivalence (test_nist_2026_torque_response_feasibility_mutations.TorqueMutationBehaviorTests.test_subspace_equivalence) ... ok
2026-09-25T15:56:30.8055938Z test_unlicensed_aggregation (test_nist_2026_torque_response_feasibility_mutations.TorqueMutationBehaviorTests.test_unlicensed_aggregation) ... ok
2026-09-25T15:56:32.8983276Z test_analytic_cdf_is_correct_on_hand_checkable_examples (test_null_experiments.NullExperimentTests.test_analytic_cdf_is_correct_on_hand_checkable_examples) ... ok
2026-09-25T15:56:32.8985389Z test_calibration_regime_record_is_hand_checkable (test_null_experiments.NullExperimentTests.test_calibration_regime_record_is_hand_checkable) ... ok
2026-09-25T15:56:32.9107118Z test_current_local_regime_is_explicitly_degenerate (test_null_experiments.NullExperimentTests.test_current_local_regime_is_explicitly_degenerate) ... ok
2026-09-25T15:56:32.9109180Z test_duplicate_positions_do_not_expand_geometric_coverage (test_null_experiments.NullExperimentTests.test_duplicate_positions_do_not_expand_geometric_coverage) ... ok
2026-09-25T15:56:32.9111263Z test_equivalence_class_accounting_is_derived (test_null_experiments.NullExperimentTests.test_equivalence_class_accounting_is_derived) ... ok
2026-09-25T15:56:32.9113559Z test_global_bounds_include_candidates_and_local_window (test_null_experiments.NullExperimentTests.test_global_bounds_include_candidates_and_local_window) ... ok
2026-09-25T15:56:32.9115749Z test_integrity_rejects_preregistration_hash_and_seed_mismatch (test_null_experiments.NullExperimentTests.test_integrity_rejects_preregistration_hash_and_seed_mismatch) ... ok
2026-09-25T15:56:32.9117782Z test_monte_carlo_sampler_is_reproducible (test_null_experiments.NullExperimentTests.test_monte_carlo_sampler_is_reproducible) ... ok
2026-09-25T15:56:32.9119519Z test_nearest_class_reports_transparent_ties (test_null_experiments.NullExperimentTests.test_nearest_class_reports_transparent_ties) ... ok
2026-09-25T15:56:32.9121544Z test_preregistered_planted_targets_recover_intended_classes (test_null_experiments.NullExperimentTests.test_preregistered_planted_targets_recover_intended_classes) ... ok
2026-09-25T15:56:32.9123903Z test_provenance_filtering_and_circularity_separation (test_null_experiments.NullExperimentTests.test_provenance_filtering_and_circularity_separation) ... ok
2026-09-25T15:56:32.9309845Z test_small_monte_carlo_fixture_agrees_with_analytic_oracle (test_null_experiments.NullExperimentTests.test_small_monte_carlo_fixture_agrees_with_analytic_oracle) ... ok
2026-09-25T15:56:32.9312171Z test_target_dependent_class_cannot_enter_primary_fixture (test_null_experiments.NullExperimentTests.test_target_dependent_class_cannot_enter_primary_fixture) ... ok
2026-09-25T15:56:32.9314688Z test_trial_chunk_decoder_detects_payload_corruption (test_null_experiments.NullExperimentTests.test_trial_chunk_decoder_detects_payload_corruption) ... ok
2026-09-25T15:56:32.9341306Z test_algebraic_cleanliness_does_not_promote_metrological_status (test_physical_bridge.PhysicalBridgeTests.test_algebraic_cleanliness_does_not_promote_metrological_status) ... ok
2026-09-25T15:56:32.9379973Z test_artifacts_contain_no_binary_floating_point_values (test_physical_bridge.PhysicalBridgeTests.test_artifacts_contain_no_binary_floating_point_values) ... ok
2026-09-25T15:56:32.9428791Z test_artifacts_regenerate_byte_identically_and_are_current (test_physical_bridge.PhysicalBridgeTests.test_artifacts_regenerate_byte_identically_and_are_current) ... ok
2026-09-25T15:56:32.9431058Z test_binary_float_measurements_and_exponents_are_rejected (test_physical_bridge.PhysicalBridgeTests.test_binary_float_measurements_and_exponents_are_rejected) ... ok
2026-09-25T15:56:32.9462968Z test_codata_reference_is_allowed_only_in_terminal_comparison (test_physical_bridge.PhysicalBridgeTests.test_codata_reference_is_allowed_only_in_terminal_comparison) ... ok
2026-09-25T15:56:32.9465572Z test_contract_catalogs_both_uncertainty_bases (test_physical_bridge.PhysicalBridgeTests.test_contract_catalogs_both_uncertainty_bases) ... ok
2026-09-25T15:56:32.9471006Z test_correlation_policy_or_covariance_must_be_declared (test_physical_bridge.PhysicalBridgeTests.test_correlation_policy_or_covariance_must_be_declared) ... ok
2026-09-25T15:56:32.9476956Z test_declared_calibration_outside_estimator_ancestry_requires_source (test_physical_bridge.PhysicalBridgeTests.test_declared_calibration_outside_estimator_ancestry_requires_source) ... ok
2026-09-25T15:56:32.9482631Z test_declared_correction_outside_estimator_ancestry_requires_source (test_physical_bridge.PhysicalBridgeTests.test_declared_correction_outside_estimator_ancestry_requires_source) ... ok
2026-09-25T15:56:32.9489470Z test_definitional_and_metrological_cycles_are_rejected (test_physical_bridge.PhysicalBridgeTests.test_definitional_and_metrological_cycles_are_rejected) ... ok
2026-09-25T15:56:32.9509132Z test_dimensionally_inconsistent_estimator_is_rejected (test_physical_bridge.PhysicalBridgeTests.test_dimensionally_inconsistent_estimator_is_rejected) ... ok
2026-09-25T15:56:32.9524253Z test_dimensionally_inconsistent_provenance_signature_is_rejected (test_physical_bridge.PhysicalBridgeTests.test_dimensionally_inconsistent_provenance_signature_is_rejected) ... ok
2026-09-25T15:56:32.9541431Z test_direct_budget_component_inventory_fails_closed (test_physical_bridge.PhysicalBridgeTests.test_direct_budget_component_inventory_fails_closed) ... ok
2026-09-25T15:56:32.9573585Z test_direct_budget_components_must_have_one_allowed_dimension (test_physical_bridge.PhysicalBridgeTests.test_direct_budget_components_must_have_one_allowed_dimension) ... ok
2026-09-25T15:56:32.9605840Z test_direct_budget_covariances_may_reference_components_only (test_physical_bridge.PhysicalBridgeTests.test_direct_budget_covariances_may_reference_components_only) ... ok
2026-09-25T15:56:32.9615821Z test_direct_budget_rejects_unresolved_method_and_covariance_policy (test_physical_bridge.PhysicalBridgeTests.test_direct_budget_rejects_unresolved_method_and_covariance_policy) ... ok
2026-09-25T15:56:32.9646959Z test_direct_budget_requires_target_standard_uncertainty_and_unit (test_physical_bridge.PhysicalBridgeTests.test_direct_budget_requires_target_standard_uncertainty_and_unit) ... ok
2026-09-25T15:56:32.9655331Z test_direct_component_and_ancestor_cannot_enter_estimator_ancestry (test_physical_bridge.PhysicalBridgeTests.test_direct_component_and_ancestor_cannot_enter_estimator_ancestry) ... ok
2026-09-25T15:56:32.9679861Z test_direct_component_and_ancestor_target_paths_are_rejected (test_physical_bridge.PhysicalBridgeTests.test_direct_component_and_ancestor_target_paths_are_rejected) ... ok
2026-09-25T15:56:32.9686881Z test_direct_component_cannot_carry_uncertainty_on_uncertainty (test_physical_bridge.PhysicalBridgeTests.test_direct_component_cannot_carry_uncertainty_on_uncertainty) ... ok
2026-09-25T15:56:32.9738228Z test_direct_g_or_planck_estimator_input_is_rejected (test_physical_bridge.PhysicalBridgeTests.test_direct_g_or_planck_estimator_input_is_rejected) ... ok
2026-09-25T15:56:32.9748873Z test_duplicate_display_symbols_are_normalized (test_physical_bridge.PhysicalBridgeTests.test_duplicate_display_symbols_are_normalized) ... ok
2026-09-25T15:56:32.9754852Z test_duplicate_display_symbols_are_provenance_kind_agnostic (test_physical_bridge.PhysicalBridgeTests.test_duplicate_display_symbols_are_provenance_kind_agnostic) ... ok
2026-09-25T15:56:32.9759242Z test_duplicate_identifiers_and_missing_target_are_rejected (test_physical_bridge.PhysicalBridgeTests.test_duplicate_identifiers_and_missing_target_are_rejected) ... ok
2026-09-25T15:56:32.9773394Z test_each_empirical_source_metadata_field_is_required (test_physical_bridge.PhysicalBridgeTests.test_each_empirical_source_metadata_field_is_required) ... ok
2026-09-25T15:56:32.9781013Z test_empirical_direct_component_ancestor_requires_source_metadata (test_physical_bridge.PhysicalBridgeTests.test_empirical_direct_component_ancestor_requires_source_metadata) ... ok
2026-09-25T15:56:32.9797947Z test_empirical_direct_component_requires_source_metadata (test_physical_bridge.PhysicalBridgeTests.test_empirical_direct_component_requires_source_metadata) ... ok
2026-09-25T15:56:32.9804006Z test_exact_flag_does_not_bypass_empirical_source_metadata (test_physical_bridge.PhysicalBridgeTests.test_exact_flag_does_not_bypass_empirical_source_metadata) ... ok
2026-09-25T15:56:32.9843388Z test_existing_dimension_dependency_and_lean_linkages_are_explicit (test_physical_bridge.PhysicalBridgeTests.test_existing_dimension_dependency_and_lean_linkages_are_explicit) ... ok
2026-09-25T15:56:32.9851439Z test_external_comparison_record_cannot_be_a_direct_component (test_physical_bridge.PhysicalBridgeTests.test_external_comparison_record_cannot_be_a_direct_component) ... ok
2026-09-25T15:56:32.9855628Z test_external_g_reference_cannot_be_an_estimator_input (test_physical_bridge.PhysicalBridgeTests.test_external_g_reference_cannot_be_an_estimator_input) ... ok
2026-09-25T15:56:32.9927915Z test_graph_and_artifact_ordering_are_deterministic (test_physical_bridge.PhysicalBridgeTests.test_graph_and_artifact_ordering_are_deterministic) ... ok
2026-09-25T15:56:32.9953420Z test_inverse_square_estimator_dimension_is_exact (test_physical_bridge.PhysicalBridgeTests.test_inverse_square_estimator_dimension_is_exact) ... ok
2026-09-25T15:56:32.9955195Z test_lean_catalog_distinguishes_relation_from_estimator_proof (test_physical_bridge.PhysicalBridgeTests.test_lean_catalog_distinguishes_relation_from_estimator_proof) ... ok
2026-09-25T15:56:33.0015871Z test_legacy_estimator_input_uncertainty_mode_is_unchanged (test_physical_bridge.PhysicalBridgeTests.test_legacy_estimator_input_uncertainty_mode_is_unchanged) ... ok
2026-09-25T15:56:33.0021498Z test_local_atom_display_symbol_cannot_collide_with_catalog (test_physical_bridge.PhysicalBridgeTests.test_local_atom_display_symbol_cannot_collide_with_catalog) ... ok
2026-09-25T15:56:33.0023141Z test_m_planck_has_an_explicit_registered_target_path (test_physical_bridge.PhysicalBridgeTests.test_m_planck_has_an_explicit_registered_target_path) ... ok
2026-09-25T15:56:35.1090657Z test_milestone_three_dependency_results_are_preserved (test_physical_bridge.PhysicalBridgeTests.test_milestone_three_dependency_results_are_preserved) ... ok
2026-09-25T15:56:35.1092929Z test_missing_measurement_model_is_rejected_clearly (test_physical_bridge.PhysicalBridgeTests.test_missing_measurement_model_is_rejected_clearly) ... ok
2026-09-25T15:56:35.1119614Z test_missing_uncertainty_model_is_incomplete (test_physical_bridge.PhysicalBridgeTests.test_missing_uncertainty_model_is_incomplete) ... ok
2026-09-25T15:56:35.1146422Z test_missing_uncertainty_produces_incomplete_not_zero (test_physical_bridge.PhysicalBridgeTests.test_missing_uncertainty_produces_incomplete_not_zero) ... ok
2026-09-25T15:56:35.1153821Z test_missing_units_and_reference_metadata_are_rejected (test_physical_bridge.PhysicalBridgeTests.test_missing_units_and_reference_metadata_are_rejected) ... ok
2026-09-25T15:56:35.1159641Z test_model_scope_and_nonclaims_cannot_be_omitted (test_physical_bridge.PhysicalBridgeTests.test_model_scope_and_nonclaims_cannot_be_omitted) ... ok
2026-09-25T15:56:35.1164331Z test_nonexact_input_cannot_fabricate_zero_uncertainty (test_physical_bridge.PhysicalBridgeTests.test_nonexact_input_cannot_fabricate_zero_uncertainty) ... ok
2026-09-25T15:56:35.1191146Z test_numerical_ancestor_without_uncertainty_is_incomplete (test_physical_bridge.PhysicalBridgeTests.test_numerical_ancestor_without_uncertainty_is_incomplete) ... ok
2026-09-25T15:56:35.1193640Z test_other_registered_planck_quantities_have_target_paths (test_physical_bridge.PhysicalBridgeTests.test_other_registered_planck_quantities_have_target_paths) ... ok
2026-09-25T15:56:35.1199357Z test_populated_empirical_calibration_requires_documented_provenance (test_physical_bridge.PhysicalBridgeTests.test_populated_empirical_calibration_requires_documented_provenance) ... ok
2026-09-25T15:56:35.1205125Z test_populated_empirical_calibration_requires_source_provenance (test_physical_bridge.PhysicalBridgeTests.test_populated_empirical_calibration_requires_source_provenance) ... ok
2026-09-25T15:56:35.1206434Z test_public_facade_reexports_schema_and_validation_api (test_physical_bridge.PhysicalBridgeTests.test_public_facade_reexports_schema_and_validation_api) ... ok
2026-09-25T15:56:35.1212069Z test_reference_g_used_in_calibration_is_rejected (test_physical_bridge.PhysicalBridgeTests.test_reference_g_used_in_calibration_is_rejected) ... ok
2026-09-25T15:56:35.1217924Z test_reference_g_used_in_correction_is_rejected (test_physical_bridge.PhysicalBridgeTests.test_reference_g_used_in_correction_is_rejected) ... ok
2026-09-25T15:56:35.1227383Z test_reference_g_used_in_tuning_or_acceptance_is_rejected (test_physical_bridge.PhysicalBridgeTests.test_reference_g_used_in_tuning_or_acceptance_is_rejected) ... ok
2026-09-25T15:56:35.1243247Z test_registered_display_symbol_collision_ignores_outer_whitespace (test_physical_bridge.PhysicalBridgeTests.test_registered_display_symbol_collision_ignores_outer_whitespace) ... ok
2026-09-25T15:56:35.1249925Z test_registered_expression_display_symbol_cannot_collide_with_catalog (test_physical_bridge.PhysicalBridgeTests.test_registered_expression_display_symbol_cannot_collide_with_catalog) ... ok
2026-09-25T15:56:35.1256979Z test_stray_uncertainty_component_role_is_rejected_in_estimator_ancestry (test_physical_bridge.PhysicalBridgeTests.test_stray_uncertainty_component_role_is_rejected_in_estimator_ancestry) ... ok
2026-09-25T15:56:35.1270589Z test_uncertainty_basis_fields_cannot_be_mixed (test_physical_bridge.PhysicalBridgeTests.test_uncertainty_basis_fields_cannot_be_mixed) ... ok
2026-09-25T15:56:35.1276253Z test_uncertainty_component_role_is_forbidden_in_legacy_estimator (test_physical_bridge.PhysicalBridgeTests.test_uncertainty_component_role_is_forbidden_in_legacy_estimator) ... ok
2026-09-25T15:56:35.1301502Z test_unicode_format_controls_do_not_bypass_display_guards (test_physical_bridge.PhysicalBridgeTests.test_unicode_format_controls_do_not_bypass_display_guards) ... ok
2026-09-25T15:56:35.1307458Z test_unknown_provenance_parent_is_rejected_in_both_graphs (test_physical_bridge.PhysicalBridgeTests.test_unknown_provenance_parent_is_rejected_in_both_graphs) ... ok
2026-09-25T15:56:35.1333842Z test_unpopulated_empirical_record_stays_incomplete (test_physical_bridge.PhysicalBridgeTests.test_unpopulated_empirical_record_stays_incomplete) ... ok
2026-09-25T15:56:35.1361098Z test_unresolved_ancestry_remains_unresolved (test_physical_bridge.PhysicalBridgeTests.test_unresolved_ancestry_remains_unresolved) ... ok
2026-09-25T15:56:35.1392705Z test_unresolved_component_ancestry_makes_target_path_status_unresolved (test_physical_bridge.PhysicalBridgeTests.test_unresolved_component_ancestry_makes_target_path_status_unresolved) ... ok
2026-09-25T15:56:35.1450797Z test_valid_direct_measurand_budget_is_satisfied_and_serialized (test_physical_bridge.PhysicalBridgeTests.test_valid_direct_measurand_budget_is_satisfied_and_serialized) ... ok
2026-09-25T15:56:35.1454535Z test_case_catalog_has_stable_complete_metadata (test_physical_bridge_leakage.PhysicalBridgeLeakageCorpusTests.test_case_catalog_has_stable_complete_metadata) ... ok
2026-09-25T15:56:35.1875474Z test_parameterized_leakage_and_positive_control_corpus (test_physical_bridge_leakage.PhysicalBridgeLeakageCorpusTests.test_parameterized_leakage_and_positive_control_corpus) ... ok
2026-09-25T15:56:35.1877546Z test_unknown_expected_gate_is_rejected (test_physical_bridge_leakage.PhysicalBridgeLeakageCorpusTests.test_unknown_expected_gate_is_rejected) ... ok
2026-09-25T15:56:35.1883144Z test_access_date_requires_strict_iso_calendar_form (test_physical_bridge_metadata_forms.PhysicalBridgeMetadataFormTests.test_access_date_requires_strict_iso_calendar_form) ... ok
2026-09-25T15:56:35.1886963Z test_edition_remains_descriptive_nonempty_text (test_physical_bridge_metadata_forms.PhysicalBridgeMetadataFormTests.test_edition_remains_descriptive_nonempty_text) ... ok
2026-09-25T15:56:35.1894311Z test_source_identifier_requires_explicit_supported_prefix (test_physical_bridge_metadata_forms.PhysicalBridgeMetadataFormTests.test_source_identifier_requires_explicit_supported_prefix) ... ok
2026-09-25T15:56:35.1898778Z test_supported_source_identifier_forms_are_accepted (test_physical_bridge_metadata_forms.PhysicalBridgeMetadataFormTests.test_supported_source_identifier_forms_are_accepted) ... ok
2026-09-25T15:56:35.1901529Z test_valid_calendar_dates_are_accepted (test_physical_bridge_metadata_forms.PhysicalBridgeMetadataFormTests.test_valid_calendar_dates_are_accepted) ... ok
2026-09-25T15:56:35.1906662Z test_ascii_space_rejection_is_independently_pinned_for_urls (test_physical_bridge_source_identifier_hardening.PhysicalBridgeSourceIdentifierHardeningTests.test_ascii_space_rejection_is_independently_pinned_for_urls) ... ok
2026-09-25T15:56:35.1917427Z test_certificate_identifier_requires_namespaced_issuer_and_record (test_physical_bridge_source_identifier_hardening.PhysicalBridgeSourceIdentifierHardeningTests.test_certificate_identifier_requires_namespaced_issuer_and_record) ... ok
2026-09-25T15:56:35.1920008Z test_future_date_and_in_memory_mutability_remain_outside_this_form_gate (test_physical_bridge_source_identifier_hardening.PhysicalBridgeSourceIdentifierHardeningTests.test_future_date_and_in_memory_mutability_remain_outside_this_form_gate) ... ok
2026-09-25T15:56:35.1924791Z test_https_credentials_are_rejected (test_physical_bridge_source_identifier_hardening.PhysicalBridgeSourceIdentifierHardeningTests.test_https_credentials_are_rejected) ... ok
2026-09-25T15:56:35.1930463Z test_invalid_ports_and_degenerate_hosts_are_rejected (test_physical_bridge_source_identifier_hardening.PhysicalBridgeSourceIdentifierHardeningTests.test_invalid_ports_and_degenerate_hosts_are_rejected) ... ok
2026-09-25T15:56:35.1937111Z test_invisible_or_control_identifier_characters_are_rejected (test_physical_bridge_source_identifier_hardening.PhysicalBridgeSourceIdentifierHardeningTests.test_invisible_or_control_identifier_characters_are_rejected) ... ok
2026-09-25T15:56:35.1944231Z test_legacy_force_reference_token_is_rejected_without_migration_shim (test_physical_bridge_source_identifier_hardening.PhysicalBridgeSourceIdentifierHardeningTests.test_legacy_force_reference_token_is_rejected_without_migration_shim) ... ok
2026-09-25T15:56:35.1947916Z test_non_nfc_identifier_is_rejected_instead_of_rewritten (test_physical_bridge_source_identifier_hardening.PhysicalBridgeSourceIdentifierHardeningTests.test_non_nfc_identifier_is_rejected_instead_of_rewritten) ... ok
2026-09-25T15:56:35.1952912Z test_unparseable_urls_use_bridge_validation_error (test_physical_bridge_source_identifier_hardening.PhysicalBridgeSourceIdentifierHardeningTests.test_unparseable_urls_use_bridge_validation_error) ... ok
2026-09-25T15:56:35.2382079Z test_both_estimator_representations_are_rejected (test_physical_bridge_weighted.WeightedEstimatorTests.test_both_estimator_representations_are_rejected) ... ok
2026-09-25T15:56:35.2384320Z test_coefficients_must_be_finite_positive_decimals (test_physical_bridge_weighted.WeightedEstimatorTests.test_coefficients_must_be_finite_positive_decimals) ... ok
2026-09-25T15:56:35.2387449Z test_definition_must_name_every_weighted_input (test_physical_bridge_weighted.WeightedEstimatorTests.test_definition_must_name_every_weighted_input) ... ok
2026-09-25T15:56:35.2389722Z test_different_numerical_units_are_rejected (test_physical_bridge_weighted.WeightedEstimatorTests.test_different_numerical_units_are_rejected) ... ok
2026-09-25T15:56:35.2394272Z test_dm011_component_role_is_rejected_under_estimator_input_propagation (test_physical_bridge_weighted.WeightedEstimatorTests.test_dm011_component_role_is_rejected_under_estimator_input_propagation) ... ok
2026-09-25T15:56:35.2396139Z test_duplicate_empirical_input_is_rejected (test_physical_bridge_weighted.WeightedEstimatorTests.test_duplicate_empirical_input_is_rejected) ... ok
2026-09-25T15:56:35.2397686Z test_empty_estimator_is_rejected (test_physical_bridge_weighted.WeightedEstimatorTests.test_empty_estimator_is_rejected) ... ok
2026-09-25T15:56:35.2399714Z test_external_comparison_cannot_be_a_weighted_input (test_physical_bridge_weighted.WeightedEstimatorTests.test_external_comparison_cannot_be_a_weighted_input) ... ok
2026-09-25T15:56:35.2403489Z test_external_comparison_cannot_feed_weighted_ancestry (test_physical_bridge_weighted.WeightedEstimatorTests.test_external_comparison_cannot_feed_weighted_ancestry) ... ok
2026-09-25T15:56:35.2405353Z test_inverse_variance_arithmetic_rejects_invalid_uncertainties (test_physical_bridge_weighted.WeightedEstimatorTests.test_inverse_variance_arithmetic_rejects_invalid_uncertainties) ... ok
2026-09-25T15:56:35.2446728Z test_legacy_example_serializes_byte_identically (test_physical_bridge_weighted.WeightedEstimatorTests.test_legacy_example_serializes_byte_identically) ... ok
2026-09-25T15:56:35.2448733Z test_missing_weighted_term_is_rejected (test_physical_bridge_weighted.WeightedEstimatorTests.test_missing_weighted_term_is_rejected) ... ok
2026-09-25T15:56:35.2466345Z test_mixed_input_dimensions_are_rejected (test_physical_bridge_weighted.WeightedEstimatorTests.test_mixed_input_dimensions_are_rejected) ... ok
2026-09-25T15:56:35.2468138Z test_non_normalized_weights_are_rejected (test_physical_bridge_weighted.WeightedEstimatorTests.test_non_normalized_weights_are_rejected) ... ok
2026-09-25T15:56:35.2471155Z test_normalization_does_not_replace_inverse_variance_recomputation (test_physical_bridge_weighted.WeightedEstimatorTests.test_normalization_does_not_replace_inverse_variance_recomputation) ... ok
2026-09-25T15:56:35.2480595Z test_registered_target_path_in_deep_weighted_ancestry_is_rejected (test_physical_bridge_weighted.WeightedEstimatorTests.test_registered_target_path_in_deep_weighted_ancestry_is_rejected) ... ok
2026-09-25T15:56:35.2489973Z test_registered_target_path_in_weighted_input_is_rejected (test_physical_bridge_weighted.WeightedEstimatorTests.test_registered_target_path_in_weighted_input_is_rejected) ... ok
2026-09-25T15:56:35.2491852Z test_unknown_weight_rule_is_rejected (test_physical_bridge_weighted.WeightedEstimatorTests.test_unknown_weight_rule_is_rejected) ... ok
2026-09-25T15:56:35.2550904Z test_valid_normalized_estimator_is_structural_and_uncertainty_qualified (test_physical_bridge_weighted.WeightedEstimatorTests.test_valid_normalized_estimator_is_structural_and_uncertainty_qualified) ... ok
2026-09-25T15:56:35.2553683Z test_weight_calculation_is_independent_of_ambient_context_and_mapping_order (test_physical_bridge_weighted.WeightedEstimatorTests.test_weight_calculation_is_independent_of_ambient_context_and_mapping_order) ... ok
2026-09-25T15:56:35.2556109Z test_weighting_rule_cannot_be_attached_to_a_monomial (test_physical_bridge_weighted.WeightedEstimatorTests.test_weighting_rule_cannot_be_attached_to_a_monomial) ... ok
2026-09-25T15:56:37.3472844Z test_all_four_signatures_are_certified_controls (test_planck_identities.PlanckIdentityCatalogTests.test_all_four_signatures_are_certified_controls) ... ok
2026-09-25T15:56:37.3475900Z test_baseline_search_still_returns_twenty_one_matches (test_planck_identities.PlanckIdentityCatalogTests.test_baseline_search_still_returns_twenty_one_matches) ... ok
2026-09-25T15:56:37.3478446Z test_catalog_theorem_names_match_expected_lean_api (test_planck_identities.PlanckIdentityCatalogTests.test_catalog_theorem_names_match_expected_lean_api) ... ok
2026-09-25T15:56:37.3480633Z test_malformed_and_duplicate_catalog_entries_are_rejected (test_planck_identities.PlanckIdentityCatalogTests.test_malformed_and_duplicate_catalog_entries_are_rejected) ... ok
2026-09-25T15:56:37.3482515Z test_other_planck_candidate_retains_cautious_classification (test_planck_identities.PlanckIdentityCatalogTests.test_other_planck_candidate_retains_cautious_classification) ... ok
2026-09-25T15:56:37.3483899Z test_rounded_numerical_controls_are_approximate_not_exact (test_planck_identities.PlanckIdentityCatalogTests.test_rounded_numerical_controls_are_approximate_not_exact) ... ok
2026-09-25T15:56:37.4124613Z test_change_and_revert_is_rejected (test_preregistration_chronology.PreregistrationChronologyTests.test_change_and_revert_is_rejected) ... ok
2026-09-25T15:56:37.4486189Z test_current_deletion_is_rejected (test_preregistration_chronology.PreregistrationChronologyTests.test_current_deletion_is_rejected) ... ok
2026-09-25T15:56:37.5120797Z test_delete_and_restore_is_rejected (test_preregistration_chronology.PreregistrationChronologyTests.test_delete_and_restore_is_rejected) ... ok
2026-09-25T15:56:37.5484502Z test_hash_mismatch_and_invalid_metadata_fail (test_preregistration_chronology.PreregistrationChronologyTests.test_hash_mismatch_and_invalid_metadata_fail) ... ok
2026-09-25T15:56:37.6032310Z test_merge_commit_cannot_be_the_freeze (test_preregistration_chronology.PreregistrationChronologyTests.test_merge_commit_cannot_be_the_freeze) ... ok
2026-09-25T15:56:37.6832787Z test_merge_simplification_cannot_hide_side_branch_edit (test_preregistration_chronology.PreregistrationChronologyTests.test_merge_simplification_cannot_hide_side_branch_edit) ... ok
2026-09-25T15:56:37.7168592Z test_mixed_first_commit_is_rejected (test_preregistration_chronology.PreregistrationChronologyTests.test_mixed_first_commit_is_rejected) ... ok
2026-09-25T15:56:37.7663002Z test_nonancestor_freeze_cannot_be_rescued_by_identical_worktree (test_preregistration_chronology.PreregistrationChronologyTests.test_nonancestor_freeze_cannot_be_rescued_by_identical_worktree) ... ok
2026-09-25T15:56:37.8016834Z test_preexisting_file_cannot_be_claimed_as_first_freeze (test_preregistration_chronology.PreregistrationChronologyTests.test_preexisting_file_cannot_be_claimed_as_first_freeze) ... ok
2026-09-25T15:56:37.8542222Z test_shallow_history_fails_closed (test_preregistration_chronology.PreregistrationChronologyTests.test_shallow_history_fails_closed) ... ok
2026-09-25T15:56:37.9324145Z test_unchanged_merge_and_unrelated_prefreeze_history_pass (test_preregistration_chronology.PreregistrationChronologyTests.test_unchanged_merge_and_unrelated_prefreeze_history_pass) ... ok
2026-09-25T15:56:37.9732755Z test_unchanged_nonfreezing_commit_is_rejected (test_preregistration_chronology.PreregistrationChronologyTests.test_unchanged_nonfreezing_commit_is_rejected) ... ok
2026-09-25T15:56:38.0095421Z test_uncommitted_change_is_rejected (test_preregistration_chronology.PreregistrationChronologyTests.test_uncommitted_change_is_rejected) ... ok
2026-09-25T15:56:38.0619582Z test_valid_preregistration_only_first_commit_passes (test_preregistration_chronology.PreregistrationChronologyTests.test_valid_preregistration_only_first_commit_passes) ... ok
2026-09-25T15:56:38.1120849Z test_wrong_parent_is_rejected (test_preregistration_chronology.PreregistrationChronologyTests.test_wrong_parent_is_rejected) ... ok
2026-09-25T15:56:38.1129843Z test_canonical_decision_and_outcome_match_pinned_audit_line (test_published_data_pilot.PublishedDataPilotTests.test_canonical_decision_and_outcome_match_pinned_audit_line) ... ok
2026-09-25T15:56:38.1139303Z test_clean_generated_manifest_is_current_and_deterministic (test_published_data_pilot.PublishedDataPilotTests.test_clean_generated_manifest_is_current_and_deterministic) ... ok
2026-09-25T15:56:38.1176748Z test_each_governing_document_is_hash_pinned (test_published_data_pilot.PublishedDataPilotTests.test_each_governing_document_is_hash_pinned) ... ok
2026-09-25T15:56:38.1190688Z test_rehashing_a_changed_preregistration_does_not_restore_acceptance (test_published_data_pilot.PublishedDataPilotTests.test_rehashing_a_changed_preregistration_does_not_restore_acceptance) ... ok
2026-09-25T15:56:38.1208244Z test_semantic_manifest_fields_are_canonical (test_published_data_pilot.PublishedDataPilotTests.test_semantic_manifest_fields_are_canonical) ... ok
2026-09-25T15:56:38.1221032Z test_canonical_row_span_compares_spaces_not_literal_bases (test_pydimension_comparison.PyDimensionComparisonTests.test_canonical_row_span_compares_spaces_not_literal_bases) ... ok
2026-09-25T15:56:38.1418556Z test_committed_result_is_current_and_control_disagrees (test_pydimension_comparison.PyDimensionComparisonTests.test_committed_result_is_current_and_control_disagrees) ... ok
2026-09-25T15:56:38.1599270Z test_float_diagnostic_does_not_control_exact_verdict (test_pydimension_comparison.PyDimensionComparisonTests.test_float_diagnostic_does_not_control_exact_verdict) ... ok
2026-09-25T15:56:38.1606085Z test_internal_baseline_is_affine_rank_four_nullity_six (test_pydimension_comparison.PyDimensionComparisonTests.test_internal_baseline_is_affine_rank_four_nullity_six) ... ok
2026-09-25T15:56:38.1607819Z test_preregistered_matrix_is_current_project_matrix (test_pydimension_comparison.PyDimensionComparisonTests.test_preregistered_matrix_is_current_project_matrix) ... ok
2026-09-25T15:56:38.1621189Z test_preregistered_planted_control_changes_the_kernel (test_pydimension_comparison.PyDimensionComparisonTests.test_preregistered_planted_control_changes_the_kernel) ... ok
2026-09-25T15:56:38.2555832Z test_committed_source_chronology_and_retained_bytes (test_pysr_adapter2.CommittedArchiveTests.test_committed_source_chronology_and_retained_bytes) ... ok
2026-09-25T15:56:38.2587207Z test_boolean_retry_counter_is_not_an_integer (test_pysr_adapter2.SetupArchiveTests.test_boolean_retry_counter_is_not_an_integer) ... ok
2026-09-25T15:56:38.2616837Z test_boolean_zero_is_not_a_fit_counter (test_pysr_adapter2.SetupArchiveTests.test_boolean_zero_is_not_a_fit_counter) ... ok
2026-09-25T15:56:38.2644076Z test_changed_diagnostic_rejected_by_raw_binding (test_pysr_adapter2.SetupArchiveTests.test_changed_diagnostic_rejected_by_raw_binding) ... ok
2026-09-25T15:56:38.2666323Z test_changed_host_mapping_is_rejected (test_pysr_adapter2.SetupArchiveTests.test_changed_host_mapping_is_rejected) ... ok
2026-09-25T15:56:38.2695691Z test_changed_recovery_command_is_rejected (test_pysr_adapter2.SetupArchiveTests.test_changed_recovery_command_is_rejected) ... ok
2026-09-25T15:56:38.2725431Z test_completed_runtime_layer_invalidates_this_route (test_pysr_adapter2.SetupArchiveTests.test_completed_runtime_layer_invalidates_this_route) ... ok
2026-09-25T15:56:38.2757306Z test_consistently_rehashed_unrelated_failure_is_rejected (test_pysr_adapter2.SetupArchiveTests.test_consistently_rehashed_unrelated_failure_is_rejected) ... ok
2026-09-25T15:56:38.2775653Z test_duplicate_keys_and_nonfinite_numbers_are_rejected (test_pysr_adapter2.SetupArchiveTests.test_duplicate_keys_and_nonfinite_numbers_are_rejected) ... ok
2026-09-25T15:56:38.2920857Z test_each_alternate_disposition_requires_different_evidence (test_pysr_adapter2.SetupArchiveTests.test_each_alternate_disposition_requires_different_evidence) ... ok
2026-09-25T15:56:38.2937289Z test_extra_epoch_cannot_verify (test_pysr_adapter2.SetupArchiveTests.test_extra_epoch_cannot_verify) ... ok
2026-09-25T15:56:38.2958591Z test_false_sandbox_claim_is_rejected (test_pysr_adapter2.SetupArchiveTests.test_false_sandbox_claim_is_rejected) ... ok
2026-09-25T15:56:38.2990337Z test_incomplete_child_capture_is_rejected (test_pysr_adapter2.SetupArchiveTests.test_incomplete_child_capture_is_rejected) ... ok
2026-09-25T15:56:38.3012785Z test_initial_capture_limitation_must_be_retained (test_pysr_adapter2.SetupArchiveTests.test_initial_capture_limitation_must_be_retained) ... ok
2026-09-25T15:56:38.3028526Z test_missing_evidence_cannot_verify (test_pysr_adapter2.SetupArchiveTests.test_missing_evidence_cannot_verify) ... ok
2026-09-25T15:56:38.3058639Z test_postexecution_recovery_plan_is_rejected (test_pysr_adapter2.SetupArchiveTests.test_postexecution_recovery_plan_is_rejected) ... ok
2026-09-25T15:56:38.3076611Z test_preanchor_execution_is_rejected (test_pysr_adapter2.SetupArchiveTests.test_preanchor_execution_is_rejected) ... ok
2026-09-25T15:56:38.3106326Z test_process_signal_cannot_be_relabelled_as_known_refusal (test_pysr_adapter2.SetupArchiveTests.test_process_signal_cannot_be_relabelled_as_known_refusal) ... ok
2026-09-25T15:56:38.3137315Z test_recovery_must_bind_first_failure (test_pysr_adapter2.SetupArchiveTests.test_recovery_must_bind_first_failure) ... ok
2026-09-25T15:56:38.3167778Z test_retained_failure_is_no_go_and_never_operational (test_pysr_adapter2.SetupArchiveTests.test_retained_failure_is_no_go_and_never_operational) ... ok
2026-09-25T15:56:38.3196307Z test_retry_count_cannot_be_reset (test_pysr_adapter2.SetupArchiveTests.test_retry_count_cannot_be_reset) ... ok
2026-09-25T15:56:38.3226482Z test_runtime_qualification_has_no_completed_layer (test_pysr_adapter2.SetupArchiveTests.test_runtime_qualification_has_no_completed_layer) ... ok
2026-09-25T15:56:38.3255636Z test_seed_creation_invalidates_predata_stop (test_pysr_adapter2.SetupArchiveTests.test_seed_creation_invalidates_predata_stop) ... ok
2026-09-25T15:56:38.3284578Z test_source_substitution_is_rejected (test_pysr_adapter2.SetupArchiveTests.test_source_substitution_is_rejected) ... ok
2026-09-25T15:56:38.3312555Z test_unknown_top_level_fields_are_rejected (test_pysr_adapter2.SetupArchiveTests.test_unknown_top_level_fields_are_rejected) ... ok
2026-09-25T15:56:38.3342448Z test_unrecorded_environment_change_is_rejected (test_pysr_adapter2.SetupArchiveTests.test_unrecorded_environment_change_is_rejected) ... ok
2026-09-25T15:56:38.3497054Z test_unsupported_report_promotions_are_rejected (test_pysr_adapter2.SetupArchiveTests.test_unsupported_report_promotions_are_rejected) ... ok
2026-09-25T15:56:38.4623176Z test_offline_committed_evidence_guard (test_pysr_adapter_setup.CommittedSetupEvidenceTests.test_offline_committed_evidence_guard) ... ok
2026-09-25T15:56:38.4666581Z test_adverse_label_alone_cannot_validate_successful_or_unexplained_process (test_pysr_adapter_setup.SetupEvidenceTests.test_adverse_label_alone_cannot_validate_successful_or_unexplained_process) ... ok
2026-09-25T15:56:38.4789498Z test_all_unsubstantiated_dispositions_are_rejected (test_pysr_adapter_setup.SetupEvidenceTests.test_all_unsubstantiated_dispositions_are_rejected) ... ok
2026-09-25T15:56:38.4833164Z test_duplicate_json_keys_are_rejected (test_pysr_adapter_setup.SetupEvidenceTests.test_duplicate_json_keys_are_rejected) ... ok
2026-09-25T15:56:38.4859616Z test_inventory_cannot_drop_failure_or_add_target_output (test_pysr_adapter_setup.SetupEvidenceTests.test_inventory_cannot_drop_failure_or_add_target_output) ... ok
2026-09-25T15:56:38.4942093Z test_no_scientific_promotion_or_operational_acceptance (test_pysr_adapter_setup.SetupEvidenceTests.test_no_scientific_promotion_or_operational_acceptance) ... ok
2026-09-25T15:56:38.4973972Z test_pinned_version_substitution_rejected (test_pysr_adapter_setup.SetupEvidenceTests.test_pinned_version_substitution_rejected) ... ok
2026-09-25T15:56:38.5004916Z test_pre_anchor_setup_is_rejected (test_pysr_adapter_setup.SetupEvidenceTests.test_pre_anchor_setup_is_rejected) ... ok
2026-09-25T15:56:38.5142187Z test_qualification_or_live_claims_cannot_be_fabricated (test_pysr_adapter_setup.SetupEvidenceTests.test_qualification_or_live_claims_cannot_be_fabricated) ... ok
2026-09-25T15:56:38.5172747Z test_raw_log_corruption_is_rejected (test_pysr_adapter_setup.SetupEvidenceTests.test_raw_log_corruption_is_rejected) ... ok
2026-09-25T15:56:38.5214047Z test_resigned_but_unrelated_failure_cannot_claim_sigbus (test_pysr_adapter_setup.SetupEvidenceTests.test_resigned_but_unrelated_failure_cannot_claim_sigbus) ... ok
2026-09-25T15:56:38.5258333Z test_retry_exhaustion_and_partial_log_retention_are_preserved (test_pysr_adapter_setup.SetupEvidenceTests.test_retry_exhaustion_and_partial_log_retention_are_preserved) ... ok
2026-09-25T15:56:38.5320093Z test_source_binding_and_result_substitution_rejected (test_pysr_adapter_setup.SetupEvidenceTests.test_source_binding_and_result_substitution_rejected) ... ok
2026-09-25T15:56:38.5364918Z test_truthful_setup_no_go_is_verifiable_but_not_accepted_adapter (test_pysr_adapter_setup.SetupEvidenceTests.test_truthful_setup_no_go_is_verifiable_but_not_accepted_adapter) ... ok
2026-09-25T15:56:38.5366934Z test_constant_only_candidate_has_explicit_preregistered_semantics (test_pysr_leakage_audit.PySRLeakageAuditTests.test_constant_only_candidate_has_explicit_preregistered_semantics) ... ok
2026-09-25T15:56:38.5374631Z test_nonconstant_audits_are_unchanged_from_primary_probe_contract (test_pysr_leakage_audit.PySRLeakageAuditTests.test_nonconstant_audits_are_unchanged_from_primary_probe_contract) ... ok
2026-09-25T15:56:38.5380505Z test_exact_cancellation_uses_normalized_structural_ancestry (test_pysr_leakage_final_cleanup.PySRLeakageFinalCleanupTests.test_exact_cancellation_uses_normalized_structural_ancestry) ... ok
2026-09-25T15:56:38.5397437Z test_existing_hardening_guard_pins_final_cleanup_semantics (test_pysr_leakage_final_cleanup.PySRLeakageFinalCleanupTests.test_existing_hardening_guard_pins_final_cleanup_semantics) ... ok
2026-09-25T15:56:38.5772079Z test_historical_v2_result_remains_current (test_pysr_leakage_final_cleanup.PySRLeakageFinalCleanupTests.test_historical_v2_result_remains_current) ... ok
2026-09-25T15:56:38.5773852Z test_hostile_syntax_remains_a_controlled_v3_failure (test_pysr_leakage_final_cleanup.PySRLeakageFinalCleanupTests.test_hostile_syntax_remains_a_controlled_v3_failure) ... ok
2026-09-25T15:56:38.5775568Z test_overflowing_numeric_literals_are_controlled (test_pysr_leakage_final_cleanup.PySRLeakageFinalCleanupTests.test_overflowing_numeric_literals_are_controlled) ... ok
2026-09-25T15:56:38.5782353Z test_partial_cancellation_preserves_surviving_hidden_factor (test_pysr_leakage_final_cleanup.PySRLeakageFinalCleanupTests.test_partial_cancellation_preserves_surviving_hidden_factor) ... ok
2026-09-25T15:56:38.5788714Z test_single_hidden_factor_still_has_detected_ancestry (test_pysr_leakage_final_cleanup.PySRLeakageFinalCleanupTests.test_single_hidden_factor_still_has_detected_ancestry) ... ok
2026-09-25T15:56:38.5793360Z test_committed_external_search_matches_preregistration_exactly (test_pysr_leakage_hardening.PySRLeakageHardeningTests.test_committed_external_search_matches_preregistration_exactly) ... ok
2026-09-25T15:56:38.5796785Z test_constant_only_target_exposed_candidate_is_structurally_not_applicable (test_pysr_leakage_hardening.PySRLeakageHardeningTests.test_constant_only_target_exposed_candidate_is_structurally_not_applicable) ... ok
2026-09-25T15:56:38.5802996Z test_external_source_pin_mismatch_fails_closed (test_pysr_leakage_hardening.PySRLeakageHardeningTests.test_external_source_pin_mismatch_fails_closed) ... ok
2026-09-25T15:56:38.5898043Z test_frozen_evidence_contains_explicit_constant_semantics_controls (test_pysr_leakage_hardening.PySRLeakageHardeningTests.test_frozen_evidence_contains_explicit_constant_semantics_controls) ... ok
2026-09-25T15:56:38.5906526Z test_nonconstant_hidden_leak_retains_detected_ancestry (test_pysr_leakage_hardening.PySRLeakageHardeningTests.test_nonconstant_hidden_leak_retains_detected_ancestry) ... ok
2026-09-25T15:56:38.5910302Z test_parser_rejects_call_syntax_even_when_function_name_is_allowed (test_pysr_leakage_hardening.PySRLeakageHardeningTests.test_parser_rejects_call_syntax_even_when_function_name_is_allowed) ... ok
2026-09-25T15:56:38.5916196Z test_search_configuration_mismatch_fails_closed (test_pysr_leakage_hardening.PySRLeakageHardeningTests.test_search_configuration_mismatch_fails_closed) ... ok
2026-09-25T15:56:38.5922234Z test_seed_coverage_mismatch_fails_closed (test_pysr_leakage_hardening.PySRLeakageHardeningTests.test_seed_coverage_mismatch_fails_closed) ... ok
2026-09-25T15:56:38.5929160Z test_hidden_generation_path_remains_independent_of_registered_graph (test_pysr_leakage_mutation_guards.PySRLeakageMutationGuardTests.test_hidden_generation_path_remains_independent_of_registered_graph) ... ok
2026-09-25T15:56:38.5930933Z test_additive_expression_can_be_dimensionally_valid_but_not_monomial (test_pysr_leakage_probe.PySRLeakageProbeTests.test_additive_expression_can_be_dimensionally_valid_but_not_monomial) ... ok
2026-09-25T15:56:38.5937578Z test_all_pysr_candidates_are_target_exposed_and_never_promotable (test_pysr_leakage_probe.PySRLeakageProbeTests.test_all_pysr_candidates_are_target_exposed_and_never_promotable) ... ok
2026-09-25T15:56:38.5938972Z test_candidate_identifier_depends_on_raw_identity_not_audit (test_pysr_leakage_probe.PySRLeakageProbeTests.test_candidate_identifier_depends_on_raw_identity_not_audit) ... ok
2026-09-25T15:56:38.5956104Z test_canonical_controls_pin_three_distinct_leakage_states (test_pysr_leakage_probe.PySRLeakageProbeTests.test_canonical_controls_pin_three_distinct_leakage_states) ... ok
2026-09-25T15:56:38.6091729Z test_datasets_are_byte_deterministic_and_complete (test_pysr_leakage_probe.PySRLeakageProbeTests.test_datasets_are_byte_deterministic_and_complete) ... ok
2026-09-25T15:56:38.6094226Z test_incompatible_addition_is_dimensionally_invalid (test_pysr_leakage_probe.PySRLeakageProbeTests.test_incompatible_addition_is_dimensionally_invalid) ... ok
2026-09-25T15:56:38.6100258Z test_multiplicative_candidates_are_normalized_exactly (test_pysr_leakage_probe.PySRLeakageProbeTests.test_multiplicative_candidates_are_normalized_exactly) ... ok
2026-09-25T15:56:38.6269399Z test_result_builder_audits_every_channel_seed_and_preserves_one_way_valve (test_pysr_leakage_probe.PySRLeakageProbeTests.test_result_builder_audits_every_channel_seed_and_preserves_one_way_valve) ... ok
2026-09-25T15:56:38.6273485Z test_safe_parser_rejects_code_execution_and_unknown_names (test_pysr_leakage_probe.PySRLeakageProbeTests.test_safe_parser_rejects_code_execution_and_unknown_names) ... ok
2026-09-25T15:56:38.6389241Z test_all_small_box_corners_are_enclosed_and_match_matrix_oracle (test_rounding_consistency.RoundingConsistencyTests.test_all_small_box_corners_are_enclosed_and_match_matrix_oracle) ... ok
2026-09-25T15:56:38.6399555Z test_candidate_schedule_is_complete_ordered_and_interior (test_rounding_consistency.RoundingConsistencyTests.test_candidate_schedule_is_complete_ordered_and_interior) ... ok
2026-09-25T15:56:38.6402099Z test_comparison_boundary_contact_is_not_a_witness (test_rounding_consistency.RoundingConsistencyTests.test_comparison_boundary_contact_is_not_a_witness) ... ok
2026-09-25T15:56:38.6432979Z test_comparison_changes_never_change_calculation (test_rounding_consistency.RoundingConsistencyTests.test_comparison_changes_never_change_calculation) ... ok
2026-09-25T15:56:38.6478792Z test_decimal_context_cannot_affect_calculation (test_rounding_consistency.RoundingConsistencyTests.test_decimal_context_cannot_affect_calculation) ... ok
2026-09-25T15:56:38.6500146Z test_degenerate_intervals_collapse_exactly (test_rounding_consistency.RoundingConsistencyTests.test_degenerate_intervals_collapse_exactly) ... ok
2026-09-25T15:56:38.6504254Z test_direct_point_weights_use_absolute_total_variance (test_rounding_consistency.RoundingConsistencyTests.test_direct_point_weights_use_absolute_total_variance) ... ok
2026-09-25T15:56:38.6511886Z test_exact_single_component_enclosure_and_rational_interior_grid (test_rounding_consistency.RoundingConsistencyTests.test_exact_single_component_enclosure_and_rational_interior_grid) ... ok
2026-09-25T15:56:38.6513921Z test_input_boundary_contact_is_not_a_witness (test_rounding_consistency.RoundingConsistencyTests.test_input_boundary_contact_is_not_a_witness) ... ok
2026-09-25T15:56:38.6515723Z test_integer_square_root_rounds_outward (test_rounding_consistency.RoundingConsistencyTests.test_integer_square_root_rounds_outward) ... ok
2026-09-25T15:56:38.6518007Z test_invalid_authoritative_scalars_fail (test_rounding_consistency.RoundingConsistencyTests.test_invalid_authoritative_scalars_fail) ... ok
2026-09-25T15:56:38.6520543Z test_invalid_candidate_schedules_fail (test_rounding_consistency.RoundingConsistencyTests.test_invalid_candidate_schedules_fail) ... ok
2026-09-25T15:56:38.6522708Z test_nonpositive_or_malformed_budget_fails (test_rounding_consistency.RoundingConsistencyTests.test_nonpositive_or_malformed_budget_fails) ... ok
2026-09-25T15:56:38.6525332Z test_point_outside_domain_or_wrong_shape_fails (test_rounding_consistency.RoundingConsistencyTests.test_point_outside_domain_or_wrong_shape_fails) ... ok
2026-09-25T15:56:38.6527346Z test_shared_and_independent_terms_have_different_covariance (test_rounding_consistency.RoundingConsistencyTests.test_shared_and_independent_terms_have_different_covariance) ... ok
2026-09-25T15:56:38.6536816Z test_tampered_witness_arithmetic_is_rejected (test_rounding_consistency.RoundingConsistencyTests.test_tampered_witness_arithmetic_is_rejected) ... ok
2026-09-25T15:56:38.6552659Z test_three_outcomes_have_distinct_certificates (test_rounding_consistency.RoundingConsistencyTests.test_three_outcomes_have_distinct_certificates) ... ok
2026-09-25T15:56:38.6555430Z test_touching_enclosures_do_not_establish_exclusion (test_rounding_consistency.RoundingConsistencyTests.test_touching_enclosures_do_not_establish_exclusion) ... ok
2026-09-25T15:56:38.6593768Z test_unequal_central_values_and_shifted_weights_match_matrix_oracle (test_rounding_consistency.RoundingConsistencyTests.test_unequal_central_values_and_shifted_weights_match_matrix_oracle) ... ok
2026-09-25T15:56:38.6607833Z test_unresolved_does_not_mean_impossible (test_rounding_consistency.RoundingConsistencyTests.test_unresolved_does_not_mean_impossible) ... ok
2026-09-25T15:56:38.6616452Z test_zero_width_comparison_permits_exact_equality (test_rounding_consistency.RoundingConsistencyTests.test_zero_width_comparison_permits_exact_equality) ... ok
2026-09-25T15:56:38.6618178Z test_assertion_failure_and_equivalent_survival_are_distinct (test_schlamminger_2006_mutations.SchlammingerMutationTests.test_assertion_failure_and_equivalent_survival_are_distinct) ... ok
2026-09-25T15:56:39.3962476Z test_committed_mutation_evidence_and_inventory (test_schlamminger_2006_mutations.SchlammingerMutationTests.test_committed_mutation_evidence_and_inventory) ... ok
2026-09-25T15:56:39.3964419Z test_infrastructure_errors_skips_and_freshness_are_invalid (test_schlamminger_2006_mutations.SchlammingerMutationTests.test_infrastructure_errors_skips_and_freshness_are_invalid) ... ok
2026-09-25T15:56:39.3966175Z test_mutation_inventory_is_bounded_and_wrapper_only (test_schlamminger_2006_mutations.SchlammingerMutationTests.test_mutation_inventory_is_bounded_and_wrapper_only) ... ok
2026-09-25T15:56:40.1022125Z test_frozen_specification_history_and_preserved_hust (test_schlamminger_2006_rounding_consistency.SchlammingerArtifactTests.test_frozen_specification_history_and_preserved_hust) ... ok
2026-09-25T15:56:40.1040347Z test_missing_source_and_changed_specification_fail (test_schlamminger_2006_rounding_consistency.SchlammingerArtifactTests.test_missing_source_and_changed_specification_fail) ... ok
2026-09-25T15:56:40.8304005Z test_result_freshness_and_separated_terminal_records (test_schlamminger_2006_rounding_consistency.SchlammingerArtifactTests.test_result_freshness_and_separated_terminal_records) ... ok
2026-09-25T15:56:41.5465590Z test_both_calculations_finish_before_any_classification (test_schlamminger_2006_rounding_consistency.SchlammingerBehaviorTests.test_both_calculations_finish_before_any_classification) ... ok
2026-09-25T15:56:41.5513559Z test_both_scopes_execute_for_every_first_verdict (test_schlamminger_2006_rounding_consistency.SchlammingerBehaviorTests.test_both_scopes_execute_for_every_first_verdict) ... ok
2026-09-25T15:56:41.5570152Z test_exact_bins_schedule_and_independent_oracle (test_schlamminger_2006_rounding_consistency.SchlammingerBehaviorTests.test_exact_bins_schedule_and_independent_oracle) ... ok
2026-09-25T15:56:41.5577302Z test_exact_table_transcription_and_source_roles (test_schlamminger_2006_rounding_consistency.SchlammingerBehaviorTests.test_exact_table_transcription_and_source_roles) ... ok
2026-09-25T15:56:41.5941830Z test_freeze_gate_cannot_be_skipped (test_schlamminger_2006_rounding_consistency.SchlammingerBehaviorTests.test_freeze_gate_cannot_be_skipped) ... ok
2026-09-25T15:56:41.6052383Z test_one_run_corners_and_correlation_tags (test_schlamminger_2006_rounding_consistency.SchlammingerBehaviorTests.test_one_run_corners_and_correlation_tags) ... ok
2026-09-25T15:56:41.6295256Z test_positive_central_value_invariance (test_schlamminger_2006_rounding_consistency.SchlammingerBehaviorTests.test_positive_central_value_invariance) ... ok
2026-09-25T15:56:41.6306721Z test_scope_omission_merge_swap_and_foreign_inputs_rejected (test_schlamminger_2006_rounding_consistency.SchlammingerBehaviorTests.test_scope_omission_merge_swap_and_foreign_inputs_rejected) ... ok
2026-09-25T15:56:41.6343364Z test_source_component_substitution_deletion_and_role_mutations_fail (test_schlamminger_2006_rounding_consistency.SchlammingerBehaviorTests.test_source_component_substitution_deletion_and_role_mutations_fail) ... ok
2026-09-25T15:56:41.6554189Z test_targets_cannot_enter_calculator_or_change_candidates (test_schlamminger_2006_rounding_consistency.SchlammingerBehaviorTests.test_targets_cannot_enter_calculator_or_change_candidates) ... ok
2026-09-25T15:56:41.6890441Z test_terminal_bins_and_malformed_evidence (test_schlamminger_2006_rounding_consistency.SchlammingerBehaviorTests.test_terminal_bins_and_malformed_evidence) ... ok
2026-09-25T15:56:41.6913166Z test_three_generic_controls_remain_available (test_schlamminger_2006_rounding_consistency.SchlammingerBehaviorTests.test_three_generic_controls_remain_available) ... ok
2026-09-25T15:56:41.6970411Z test_verdicts_match_independent_certificate_rules (test_schlamminger_2006_rounding_consistency.SchlammingerBehaviorTests.test_verdicts_match_independent_certificate_rules) ... ok
2026-09-25T15:56:41.7365531Z test_changed_result_driving_source_is_a_hard_violation (test_source_history.SourceHistoryTests.test_changed_result_driving_source_is_a_hard_violation) ... ok
2026-09-25T15:56:41.7672567Z test_complete_unchanged_ancestor_is_verified (test_source_history.SourceHistoryTests.test_complete_unchanged_ancestor_is_verified) ... ok
2026-09-25T15:56:41.8134977Z test_full_nonancestor_is_a_hard_violation (test_source_history.SourceHistoryTests.test_full_nonancestor_is_a_hard_violation) ... ok
2026-09-25T15:56:41.8150374Z test_no_git_history_is_unavailable (test_source_history.SourceHistoryTests.test_no_git_history_is_unavailable) ... ok
2026-09-25T15:56:41.8613001Z test_shallow_clone_reports_history_unavailable (test_source_history.SourceHistoryTests.test_shallow_clone_reports_history_unavailable) ... ok
2026-09-25T15:56:41.8754872Z test_1_leakage_precedes_scoring_and_cancellation_cannot_hide_path (test_symbolic_benchmark.BenchmarkBoundaryTests.test_1_leakage_precedes_scoring_and_cancellation_cannot_hide_path) ... ok
2026-09-25T15:56:42.0738360Z test_2_heldout_cannot_change_sealed_selection_and_tampering_fails (test_symbolic_benchmark.BenchmarkBoundaryTests.test_2_heldout_cannot_change_sealed_selection_and_tampering_fails) ... ok
2026-09-25T15:56:42.1939528Z test_3_oracle_api_and_worker_file_import_boundaries (test_symbolic_benchmark.BenchmarkBoundaryTests.test_3_oracle_api_and_worker_file_import_boundaries) ... ok
2026-09-25T15:56:42.4193449Z test_4_exact_equivalence_and_dimensional_near_miss (test_symbolic_benchmark.BenchmarkBoundaryTests.test_4_exact_equivalence_and_dimensional_near_miss) ... ok
2026-09-25T15:56:42.8907660Z test_5_irrelevant_ablation_and_no_significance_from_fit (test_symbolic_benchmark.BenchmarkBoundaryTests.test_5_irrelevant_ablation_and_no_significance_from_fit) ... ok
2026-09-25T15:56:42.9073224Z test_6_wrong_regime_world_can_abstain_without_pipeline_failure (test_symbolic_benchmark.BenchmarkBoundaryTests.test_6_wrong_regime_world_can_abstain_without_pipeline_failure) ... ok
2026-09-25T15:56:42.9203157Z test_7_independent_metric_coefficient_and_threshold_oracles (test_symbolic_benchmark.BenchmarkBoundaryTests.test_7_independent_metric_coefficient_and_threshold_oracles) ... ok
2026-09-25T15:56:42.9236331Z test_correction_module_has_no_discovery_or_generator_execution_import (test_symbolic_benchmark_receipt.ReceiptCorrectionTests.test_correction_module_has_no_discovery_or_generator_execution_import) ... ok
2026-09-25T15:56:42.9238856Z test_exact_known_cache_attempts_only_and_manifest_binding (test_symbolic_benchmark_receipt.ReceiptCorrectionTests.test_exact_known_cache_attempts_only_and_manifest_binding) ... ok
2026-09-25T15:56:42.9449929Z test_open_event_precedes_failed_read (test_symbolic_benchmark_receipt.ReceiptCorrectionTests.test_open_event_precedes_failed_read) ... ok
2026-09-25T15:56:43.0423573Z test_adverse_performance_complete_partial_failure_and_nonmonotonic (test_symbolic_margin.CustodyAndAggregationTests.test_adverse_performance_complete_partial_failure_and_nonmonotonic) ... ok
2026-09-25T15:56:43.0431757Z test_binding_seed_and_exclusive_writes (test_symbolic_margin.CustodyAndAggregationTests.test_binding_seed_and_exclusive_writes) ... ok
2026-09-25T15:56:43.0665387Z test_explicit_forward_route_includes_historical_final_disposition (test_symbolic_margin.CustodyAndAggregationTests.test_explicit_forward_route_includes_historical_final_disposition) ... ok
2026-09-25T15:56:43.1353618Z test_unique_introduction_and_change_revert_detection (test_symbolic_margin.CustodyAndAggregationTests.test_unique_introduction_and_change_revert_detection) ... ok
2026-09-25T15:56:43.1526193Z test_coefficient_tolerance_fixture_changes_credit (test_symbolic_margin.GeneratorAndEvaluationTests.test_coefficient_tolerance_fixture_changes_credit) ... ok
2026-09-25T15:56:43.9722719Z test_complete_forward_fixture_controls (test_symbolic_margin.GeneratorAndEvaluationTests.test_complete_forward_fixture_controls) ... ok
2026-09-25T15:56:43.9864848Z test_empty_family_is_capability_failure_and_not_recognition (test_symbolic_margin.GeneratorAndEvaluationTests.test_empty_family_is_capability_failure_and_not_recognition) ... ok
2026-09-25T15:56:44.1054874Z test_forward_runner_and_heldout_cannot_rescue_or_change_selection (test_symbolic_margin.GeneratorAndEvaluationTests.test_forward_runner_and_heldout_cannot_rescue_or_change_selection) ... ok
2026-09-25T15:56:44.1081186Z test_independent_formula_matching_strata_streams_and_changed_noise (test_symbolic_margin.GeneratorAndEvaluationTests.test_independent_formula_matching_strata_streams_and_changed_noise) ... ok
2026-09-25T15:56:44.1391441Z test_wrong_predictive_stable_selection_gets_no_structural_credit (test_symbolic_margin.GeneratorAndEvaluationTests.test_wrong_predictive_stable_selection_gets_no_structural_credit) ... ok
2026-09-25T15:56:44.1809256Z test_exact_threshold_equality_and_flip (test_symbolic_margin.MarginMathTests.test_exact_threshold_equality_and_flip) ... ok
2026-09-25T15:56:44.1811201Z test_policy_values_not_stale_literals (test_symbolic_margin.MarginMathTests.test_policy_values_not_stale_literals) ... ok
2026-09-25T15:56:44.1851825Z test_retrospective_family_and_rank1_are_distinct (test_symbolic_margin.MarginMathTests.test_retrospective_family_and_rank1_are_distinct) ... ok
2026-09-25T15:56:44.1854140Z test_zero_noise_nonpositive_boundary_and_invalid_inputs (test_symbolic_margin.MarginMathTests.test_zero_noise_nonpositive_boundary_and_invalid_inputs) ... ok
2026-09-25T15:56:44.1860338Z test_explicit_schemas_and_exact_payload_binding (test_symbolic_margin_verifier.ResultEnvelopeTests.test_explicit_schemas_and_exact_payload_binding) ... ok
2026-09-25T15:56:44.1888697Z test_reconciliation_never_regenerates_discovers_or_fits (test_symbolic_margin_verifier.ResultEnvelopeTests.test_reconciliation_never_regenerates_discovers_or_fits) ... ok
2026-09-25T15:56:44.1890706Z test_aggregation_is_strict_and_retains_partial_counts (test_symbolic_suite.ForwardEvaluationTests.test_aggregation_is_strict_and_retains_partial_counts) ... ok
2026-09-25T15:56:44.1893182Z test_different_frozen_tolerances_and_regime_factor (test_symbolic_suite.ForwardEvaluationTests.test_different_frozen_tolerances_and_regime_factor) ... ok
2026-09-25T15:56:44.1916624Z test_disposition_routing_rejects_raw_fail_as_authoritative (test_symbolic_suite.ForwardEvaluationTests.test_disposition_routing_rejects_raw_fail_as_authoritative) ... ok
2026-09-25T15:56:44.6953513Z test_equivalence_and_descendant_ablations_match_reenumeration (test_symbolic_suite.ForwardEvaluationTests.test_equivalence_and_descendant_ablations_match_reenumeration) ... ok
2026-09-25T15:56:44.6955137Z test_noise_policy_is_derived_not_copied_literal (test_symbolic_suite.ForwardEvaluationTests.test_noise_policy_is_derived_not_copied_literal) ... ok
2026-09-25T15:56:44.7931484Z test_missing_cache_and_completed_reads_live (test_symbolic_suite.ForwardReceiptTests.test_missing_cache_and_completed_reads_live) ... ok
2026-09-25T15:56:44.9863522Z test_present_stale_cache_read_is_not_a_miss (test_symbolic_suite.ForwardReceiptTests.test_present_stale_cache_read_is_not_a_miss) ... ok
2026-09-25T15:56:45.0848039Z test_receipt_tamper_rejected (test_symbolic_suite.ForwardReceiptTests.test_receipt_tamper_rejected) ... ok
2026-09-25T15:56:45.4103145Z test_unexpected_source_cache_oracle_modules_rejected (test_symbolic_suite.ForwardReceiptTests.test_unexpected_source_cache_oracle_modules_rejected) ... ok
2026-09-25T15:56:45.4440165Z test_fractional_power_excluded_and_regimes_abstain (test_symbolic_suite.NegativeFamilyTests.test_fractional_power_excluded_and_regimes_abstain) ... ok
2026-09-25T15:56:45.4444127Z test_api_rejects_hidden_information (test_symbolic_suite.ScientificBoundaryTests.test_api_rejects_hidden_information) ... ok
2026-09-25T15:56:45.4722746Z test_approximation_is_not_adequacy_or_structural_credit (test_symbolic_suite.ScientificBoundaryTests.test_approximation_is_not_adequacy_or_structural_credit) ... ok
2026-09-25T15:56:45.4871893Z test_leakage_poison_reconstructive_and_cancelling_paths (test_symbolic_suite.ScientificBoundaryTests.test_leakage_poison_reconstructive_and_cancelling_paths) ... ok
2026-09-25T15:56:45.4873751Z test_metrics_against_independent_hand_calculation (test_symbolic_suite.ScientificBoundaryTests.test_metrics_against_independent_hand_calculation) ... ok
2026-09-25T15:56:45.5025946Z test_sealed_engine_cannot_access_heldout_and_tamper_fails (test_symbolic_suite.ScientificBoundaryTests.test_sealed_engine_cannot_access_heldout_and_tamper_fails) ... ok
2026-09-25T15:56:45.5031675Z test_actual_accepted_baseline_keys (test_symbolic_suite_routing.RoutingCorrectionTests.test_actual_accepted_baseline_keys) ... ok
2026-09-25T15:56:45.5039142Z test_adapter_cannot_excuse_another_operational_failure (test_symbolic_suite_routing.RoutingCorrectionTests.test_adapter_cannot_excuse_another_operational_failure) ... ok
2026-09-25T15:56:45.5077527Z test_correction_delegates_to_frozen_evaluation_without_discovery (test_symbolic_suite_routing.RoutingCorrectionTests.test_correction_delegates_to_frozen_evaluation_without_discovery) ... ok
2026-09-25T15:56:45.5085035Z test_explicit_route_does_not_guess_between_multiple_keys (test_symbolic_suite_routing.RoutingCorrectionTests.test_explicit_route_does_not_guess_between_multiple_keys) ... ok
2026-09-25T15:56:45.5140806Z test_full_index_rejects_wrong_keys_hashes_and_authority (test_symbolic_suite_routing.RoutingCorrectionTests.test_full_index_rejects_wrong_keys_hashes_and_authority) ... ok
2026-09-25T15:56:45.5142924Z test_commented_guard_text_cannot_satisfy_policy (test_workflow_write_safety.WorkflowWriteSafetyTests.test_commented_guard_text_cannot_satisfy_policy) ... ok
2026-09-25T15:56:45.5144898Z test_folded_job_level_if_is_accepted (test_workflow_write_safety.WorkflowWriteSafetyTests.test_folded_job_level_if_is_accepted) ... ok
2026-09-25T15:56:45.5146020Z test_job_level_write_permission_is_detected (test_workflow_write_safety.WorkflowWriteSafetyTests.test_job_level_write_permission_is_detected) ... ok
2026-09-25T15:56:45.5158371Z test_repository_write_enabled_workflows_are_guarded (test_workflow_write_safety.WorkflowWriteSafetyTests.test_repository_write_enabled_workflows_are_guarded) ... ok
2026-09-25T15:56:45.5160552Z test_step_level_guard_does_not_protect_write_job (test_workflow_write_safety.WorkflowWriteSafetyTests.test_step_level_guard_does_not_protect_write_job) ... ok
2026-09-25T15:56:45.5162694Z test_write_grant_spellings_are_detected (test_workflow_write_safety.WorkflowWriteSafetyTests.test_write_grant_spellings_are_detected) ... ok
2026-09-25T15:56:45.5163698Z 
2026-09-25T15:56:45.5163902Z ======================================================================
2026-09-25T15:56:45.5164981Z ERROR: test_read_only_committed_evidence (test_estimated_noise1.EstimatedNoise1CommittedEvidence.test_read_only_committed_evidence)
2026-09-25T15:56:45.5166041Z ----------------------------------------------------------------------
2026-09-25T15:56:45.5166587Z Traceback (most recent call last):
2026-09-25T15:56:45.5179011Z   File "/home/runner/work/The-Number-Project/The-Number-Project/tests/test_estimated_noise1.py", line 221, in test_read_only_committed_evidence
2026-09-25T15:56:45.5180063Z     value = check()
2026-09-25T15:56:45.5180358Z             ^^^^^^^
2026-09-25T15:56:45.5181281Z   File "/home/runner/work/The-Number-Project/The-Number-Project/Discovery/estimated_noise1_verifier.py", line 347, in check
2026-09-25T15:56:45.5182766Z     close(controls['generation'], reference.generation(p, public, calibration_records, heldout, oracle))
2026-09-25T15:56:45.5183620Z                                   ^^^^^^^^^^^^^^^^^^^^^^^^^^^^^^^^^^^^^^^^^^^^^^^^^^^^^^^^^^^^^^^^^^^^^
2026-09-25T15:56:45.5184713Z   File "/home/runner/work/The-Number-Project/The-Number-Project/Discovery/estimated_noise1_reference.py", line 130, in generation
2026-09-25T15:56:45.5185795Z     require(row['features'][k] == value, 'feature stream binding')
2026-09-25T15:56:45.5186821Z   File "/home/runner/work/The-Number-Project/The-Number-Project/Discovery/estimated_noise1_reference.py", line 16, in require
2026-09-25T15:56:45.5187717Z     raise ValueError(message)
2026-09-25T15:56:45.5188107Z ValueError: feature stream binding
2026-09-25T15:56:45.5188373Z 
2026-09-25T15:56:45.5188606Z ----------------------------------------------------------------------
2026-09-25T15:56:45.5189089Z Ran 912 tests in 129.984s
2026-09-25T15:56:45.5189296Z 
2026-09-25T15:56:45.5189416Z FAILED (errors=1)
2026-09-25T15:56:45.5189809Z HUST AAF combined feasibility: GO; artifact current
2026-09-25T15:56:45.5191433Z NIST covariance precision certificate verified: M0=FLAGGED_FOR_ALL_PRECISION_VALUES, M_method=FLAGGED_FOR_ALL_PRECISION_VALUES, M_material=NOT_FLAGGED_FOR_ALL_PRECISION_VALUES, M_additive=NOT_FLAGGED_FOR_ALL_PRECISION_VALUES
2026-09-25T15:56:45.6700148Z ##[error]Process completed with exit code 1.
2026-09-25T15:56:45.7043234Z Post job cleanup.
2026-09-25T15:56:45.7899271Z [command]/usr/bin/git version
2026-09-25T15:56:45.7940887Z git version 2.55.0
2026-09-25T15:56:45.8013249Z Temporarily overriding HOME='/home/runner/work/_temp/9116bda4-ca44-4cc4-8347-df8c731b7193' before making global git config changes
2026-09-25T15:56:45.8014564Z Adding repository directory to the temporary git global config as a safe directory
2026-09-25T15:56:45.8019618Z [command]/usr/bin/git config --global --add safe.directory /home/runner/work/The-Number-Project/The-Number-Project
2026-09-25T15:56:45.8052373Z Removing SSH command configuration
2026-09-25T15:56:45.8059539Z [command]/usr/bin/git config --local --name-only --get-regexp core\.sshCommand
2026-09-25T15:56:45.8097974Z [command]/usr/bin/git submodule foreach --recursive sh -c "git config --local --name-only --get-regexp 'core\.sshCommand' && git config --local --unset-all 'core.sshCommand' || :"
2026-09-25T15:56:45.8440011Z Removing HTTP extra header
2026-09-25T15:56:45.8472652Z [command]/usr/bin/git config --local --name-only --get-regexp http\.https\:\/\/github\.com\/\.extraheader
2026-09-25T15:56:45.8533053Z [command]/usr/bin/git submodule foreach --recursive sh -c "git config --local --name-only --get-regexp 'http\.https\:\/\/github\.com\/\.extraheader' && git config --local --unset-all 'http.https://github.com/.extraheader' || :"
2026-09-25T15:56:45.8863608Z Removing includeIf entries pointing to credentials config files
2026-09-25T15:56:45.8883222Z [command]/usr/bin/git config --local --name-only --get-regexp ^includeIf\.gitdir:
2026-09-25T15:56:45.8913962Z includeif.gitdir:/home/runner/work/The-Number-Project/The-Number-Project/.git.path
2026-09-25T15:56:45.8915799Z includeif.gitdir:/home/runner/work/The-Number-Project/The-Number-Project/.git/worktrees/*.path
2026-09-25T15:56:45.8917024Z includeif.gitdir:/github/workspace/.git.path
2026-09-25T15:56:45.8922644Z includeif.gitdir:/github/workspace/.git/worktrees/*.path
2026-09-25T15:56:45.8939920Z [command]/usr/bin/git config --local --get-all includeif.gitdir:/home/runner/work/The-Number-Project/The-Number-Project/.git.path
2026-09-25T15:56:45.8982817Z /home/runner/work/_temp/git-credentials-b60ad476-9be9-495a-b2f8-78726588fc2f.config
2026-09-25T15:56:45.8986339Z [command]/usr/bin/git config --local --unset includeif.gitdir:/home/runner/work/The-Number-Project/The-Number-Project/.git.path /home/runner/work/_temp/git-credentials-b60ad476-9be9-495a-b2f8-78726588fc2f.config
2026-09-25T15:56:45.9051115Z [command]/usr/bin/git config --local --get-all includeif.gitdir:/home/runner/work/The-Number-Project/The-Number-Project/.git/worktrees/*.path
2026-09-25T15:56:45.9077907Z /home/runner/work/_temp/git-credentials-b60ad476-9be9-495a-b2f8-78726588fc2f.config
2026-09-25T15:56:45.9088803Z [command]/usr/bin/git config --local --unset includeif.gitdir:/home/runner/work/The-Number-Project/The-Number-Project/.git/worktrees/*.path /home/runner/work/_temp/git-credentials-b60ad476-9be9-495a-b2f8-78726588fc2f.config
2026-09-25T15:56:45.9127957Z [command]/usr/bin/git config --local --get-all includeif.gitdir:/github/workspace/.git.path
2026-09-25T15:56:45.9157852Z /github/runner_temp/git-credentials-b60ad476-9be9-495a-b2f8-78726588fc2f.config
2026-09-25T15:56:45.9165624Z [command]/usr/bin/git config --local --unset includeif.gitdir:/github/workspace/.git.path /github/runner_temp/git-credentials-b60ad476-9be9-495a-b2f8-78726588fc2f.config
2026-09-25T15:56:45.9204037Z [command]/usr/bin/git config --local --get-all includeif.gitdir:/github/workspace/.git/worktrees/*.path
2026-09-25T15:56:45.9230325Z /github/runner_temp/git-credentials-b60ad476-9be9-495a-b2f8-78726588fc2f.config
2026-09-25T15:56:45.9239917Z [command]/usr/bin/git config --local --unset includeif.gitdir:/github/workspace/.git/worktrees/*.path /github/runner_temp/git-credentials-b60ad476-9be9-495a-b2f8-78726588fc2f.config
2026-09-25T15:56:45.9286560Z [command]/usr/bin/git submodule foreach --recursive git config --local --show-origin --name-only --get-regexp remote.origin.url
2026-09-25T15:56:45.9517383Z Removing credentials config '/home/runner/work/_temp/git-credentials-b60ad476-9be9-495a-b2f8-78726588fc2f.config'
2026-09-25T15:56:45.9669278Z Cleaning up orphan processes

